ra,dec,TIC,2mass_id,KIC,Reinhold,McQuillan,Claytor ,Oelkers,Newton 2016,Newton 2018,Bouma,Walkowicz
285.2537555,46.5822183,164892125,19010087+4634558,9758089,,,,,,,21.07,43.97
296.6939428,42.6261145,272708868,19464654+4237339,7135852,,,,,,,38.77,43.97
289.3945523,41.7822597,122066892,19173473+4146564,6356692,,,,,,,,43.9
283.5653603,46.9042278,164525875,18541567+4654153,9995402,,,,,,,33.99,42.72
290.9833818,45.9733334,159581842,19235599+4558238,9401997,,,,,,,31,42.72
296.0322,42.1317392,272180958,19440772+4207540,6707835,,,,,,,28.32,42.7
291.0926509,49.1901729,350810654,19242225+4911242,11348997,,,,,,,36.17,41.54
293.6856893,48.8249915,26962715,19344457+4849305,11194032,,,,,,,38.77,41.54
295.9206663,47.4486164,272078218,19434095+4726550,10350571,,,,,,,44.79,41.54
299.2681646,45.2272852,268713285,19570433+4513387,8978528,,,,,,,,41.54
285.9287514,38.5207097,120693011,19034293+3831155,3426367,,,,,,,33.06,41.54
292.7700072,48.8998469,26749051,19310478+4853586,11192235,,,,,,,34.46,40.42
290.4015156,48.8227234,407001589,19213636+4849213,11187837,,,,,,,,40.42
281.0503476,47.1882005,123206821,18441202+4711173,10118816,,,,,,,39.86,40.42
283.8659676,46.7896522,164558468,18552784+4647225,9875711,,,,,,,39.59,40.42
295.8215678,46.0530562,271881331,19431714+4603109,9475552,,,,,,,42.13,40.42
286.0790779,39.278237,120765183,19041898+3916419,4139816,,,,,,,38.77,40.42
292.6585253,38.3455558,137686948,19303802+3820434,3239945,,,,,,,,40.42
285.5743032,49.9621218,350814495,19021784+4957441,11752906,,,,,,,37.71,39.36
286.5400278,49.4372614,243271945,19060960+4926143,11497958,,,,,,,,39.36
287.6572346,48.9822053,298785034,19103777+4858557,11236244,,,,,,,,39.36
286.3718158,43.692081,158219569,19052923+4341309,7877978,,,,,,,40.7,39.36
292.9131121,41.0609786,137899939,19313914+4103393,5794379,,,,,,,,39.36
299.1393094,40.948939,171882123,19563341+4056564,5735762,,,,,,,38.35,39.36
296.2220259,50.2873626,27776674,19445327+5017139,11923270,,,,,,,36.17,38.35
296.1512831,50.0957806,27767452,19443633+5005449,11823054,,,,,,,,38.35
283.5048144,49.4509371,48352404,18540115+4927036,11493431,,,,,,,,38.35
297.8423073,46.5743595,273590427,19512217+4634273,9787239,,,,,,,36.94,38.35
300.6196594,45.7888068,240219049,20022872+4547201,9307509,,,,,,,,38.35
290.54851,38.4952415,122450762,19221165+3829430,3338885,,,,,,,39.31,38.35
298.4656275,48.5593334,267989857,19535179+4833338,11046025,,,,,,,36.93,37.4
283.7407247,47.5161237,164557035,18545777+4730586,10388286,,,,,,,36.93,37.4
299.3814921,45.5920846,268712158,19573158+4535320,9177629,,,,,,,37.97,37.4
290.39624,41.0399229,122442334,19213508+4102242,5786676,,,,,,,35.19,37.4
288.8744026,51.1542215,299089587,19152984+5109148,12352520,,,,,,,35.68,36.49
286.2498525,48.0609256,405719849,19045995+4803393,10718726,,,,,,,37.14,36.49
285.3913092,46.1809293,351909600,19013391+4610513,9513865,,,,,,,33.05,36.49
294.009397,42.8807779,270782121,19360227+4252507,7289317,,,,,,,,36.49
291.1587635,40.7502108,122712446,19243810+4045009,5531576,,,,,,,31.06,36.49
289.2906978,51.4089936,299217801,19170975+5124320,12506770,,,,,,,,35.62
295.8161668,51.1217249,27686898,19431587+5107182,12366084,,,,,,,,35.62
298.3266169,45.3154212,274020852,19531838+4518558,9044228,,,,,,,35.92,35.62
282.4681674,43.8899464,123490444,18495234+4353236,8008206,,,,,,,28.19,35.62
287.1428295,43.6161177,158389981,19083424+4336577,7879433,,,,,,,31.06,35.62
294.7739245,43.0561976,271262203,19390574+4303226,7455287,,,,,,,34.22,35.62
293.8164588,42.2125159,270706782,19351595+4212449,6784235,,,,,,,,35.62
291.6924773,38.5729105,137318289,19264619+3834224,3444588,,,,,,,36.43,35.62
290.3579781,40.5676965,122441491,19212592+4034038,5357901,,,,,,,44.53,35
286.5246582,48.6835481,243272677,19060595+4841009,11074541,,,,,,,33.52,34.8
291.6577923,48.0092619,26538999,19263786+4800335,10730703,,,,,,,,34.8
283.7317274,45.9585288,164555597,18545568+4557315,9388479,,,,,,,34.46,34.8
287.0544674,45.1803351,158392088,19081308+4510493,8874090,,,,,,,33.52,34.8
294.9550809,44.1499518,271349932,19394922+4408593,8242434,,,,,,,38.24,34.8
288.4505905,40.2452006,121603794,19134816+4014431,5088536,,,,,,,,34.8
288.8117314,40.0332311,121787669,19151488+4002002,4913852,,,,,,,33.75,34.8
290.2964214,37.7494271,122374620,19211116+3744581,2438264,,,,,,,35.43,34.8
289.0758307,51.757229,299096355,19161817+5145267,12644769,,,,,,,,34.01
287.8578541,48.7739646,298836607,19112585+4846268,11129738,,,,,,,33.98,34.01
297.7397823,46.9418957,273378480,19505756+4656308,10028140,,,,,,,,34.01
287.3920392,46.0592578,158487005,19093408+4603335,9455556,,,,,,,22.74,34.01
287.5646296,44.3050662,158494327,19101553+4418180,8355239,,,,,,,,34.01
284.1078441,44.2458047,164671623,18562587+4414449,8282651,,,,,,,29.18,34.01
298.652736,43.9549884,268159861,19543665+4357180,8120608,,,,,,,33.75,34.01
296.9853002,43.6586043,272942100,19475641+4339306,7907423,,,,,,,36.17,34.01
297.7292296,42.8666919,273502299,19505502+4252009,7304449,,,,,,,,34.01
286.9584368,42.541409,158386680,19075002+4232289,7019524,,,,,,,26.29,34.01
296.3665054,51.3194548,27843776,19452796+5119102,12470844,,,,,,,31.93,33.26
296.5500966,49.102307,351190880,19461201+4906083,11360805,,,,,,,,33.26
296.177272,46.9989635,272278496,19444255+4659564,10022908,,,,,,,38.78,33.26
284.6888328,46.1721391,164780824,18584533+4610200,9512687,,,,,,,31.06,33.26
290.007564,42.1164698,159217349,19200181+4206592,6685526,,,,,,,31.27,33.26
291.1528056,40.8876814,122712179,19243670+4053149,5617854,,,,,,,30.63,33.26
298.6634624,43.8940593,268160061,19543923+4353386,8051946,,,,,,,,33.2
291.4332781,41.7033162,137211068,19254399+4142123,6362874,,,,,,,27.84,33.2
293.6413146,44.6570692,270615136,19343390+4439253,8564587,,,,,,,30.63,32.54
287.857953,42.5426758,158631520,19112594+4232334,7021681,,,,,,,,32.54
286.3580611,42.4064917,158216544,19052593+4224234,6932987,,,,,,,30.42,32.54
288.4165196,41.0298175,121602473,19133996+4101472,5780460,,,,,,,,32.54
286.1154093,37.9669464,120762990,19042768+3758011,2693736,,,,,,,,32.54
298.3144494,42.2473698,274031725,19531546+4214507,6803855,,,,,,,,32.5
290.4209694,37.8516556,122375047,19214099+3751064,2571238,,,,,,,19.83,32.5
294.121482,48.3497977,27011135,19362914+4820582,10925104,,,,,,,,31.85
295.6848595,47.7480914,271877680,19424435+4744530,10545066,,,,,,,30.39,31.85
285.2962562,46.6034497,164892142,19011108+4636123,9818462,,,,,,,30.21,31.85
288.1646541,45.8164257,158665380,19123952+4548594,9334289,,,,,,,24.54,31.85
296.8565596,41.7580749,239229234,19472559+4145294,6382217,,,,,,,31.93,31.85
299.3160934,40.8223815,171974763,19571586+4049205,5651104,,,,,,,,31.85
285.2763652,39.4468274,399819857,19010634+3926488,4346178,,,,,,,32.6,31.85
294.3660313,49.9150219,27187450,19372786+4954542,11768142,,,,,,,31.92,31.18
299.9059167,45.4396103,269269546,19593741+4526228,9115800,,,,,,,27.42,31.18
294.6500256,43.3356106,271158747,19383597+4320081,7691260,,,,,,,32.39,31.18
291.4688524,40.3437001,137155210,19255247+4020378,5185897,,,,,,,29.79,31.18
291.4399598,37.9056293,137149476,19254559+3754203,2713049,,,,,,,21.52,31.18
289.3879904,50.5970115,299218776,19173311+5035493,12058204,,,,,,,31.93,30.55
288.4166786,47.8787308,158731868,19133996+4752434,10591855,,,,,,,28.38,30.55
280.7085829,47.3279236,123130285,18425005+4719410,10252275,,,,,,,25.4,30.55
286.9241804,47.0537092,158324044,19074183+4703134,10064256,,,,,,,33.75,30.55
297.1326937,42.7682885,272945038,19483183+4246057,7220429,,,,,,,37.71,30.55
291.1694567,42.6407281,159652365,19244068+4238269,7115785,,,,,,,27.26,30.55
280.8233646,42.6360518,123201193,18431761+4238097,7090524,,,,,,,,30.55
286.8872555,42.4712271,158386765,19073294+4228165,6934291,,,,,,,31.06,30.55
291.3426078,38.3631616,137150599,19252222+3821472,3234598,,,,,,,,30.55
281.5827983,47.2334674,123357893,18461989+4714010,10187159,,,,,,,33.99,29.94
284.5858364,47.0795646,164781761,18582058+4704463,10059645,,,,,,,27.99,29.94
287.3327284,46.2034366,158415898,19091987+4612126,9578686,,,,,,,,29.94
294.5693544,45.6711623,271163971,19381665+4540165,9225395,,,,,,,,29.94
286.0751815,44.6646277,158171839,19041805+4439527,8547140,,,,,,,29.59,29.94
288.6425609,43.0393769,158792051,19143420+4302214,7434875,,,,,,,34.16,29.94
290.9144516,42.2865522,159573412,19233947+4217116,6774537,,,,,,,28.19,29.94
292.577073,39.120939,137689252,19301848+3907151,4061149,,,,,,,28.98,29.94
297.2158443,47.3785082,273046164,19485179+4722426,10289119,,,,,,,,29.9
291.5941514,48.4454907,26417717,19262258+4826442,10975146,,,,,,,37.71,29.35
286.716712,47.425658,158322622,19065198+4725322,10328458,,,,,,,34.7,29.35
289.7861626,46.8588176,159171904,19190869+4651316,9946525,,,,,,,28.38,29.35
286.0157998,45.0077413,158114000,19040380+4500279,8806072,,,,,,,25.37,29.35
283.1296399,43.8880983,164459949,18523111+4353176,8009350,,,,,,,28.79,29.35
283.4781717,43.3837235,164529393,18535476+4323016,7663405,,,,,,,,29.35
293.6084289,42.1978746,270609625,19342609+4211516,6697756,,,,,,,30.63,29.35
294.8160447,45.3060844,271256817,19391586+4518220,9030537,,,,,,,26.12,28.79
291.1643587,45.3183061,159647219,19243945+4519058,9020114,,,,,,,,28.79
295.0902409,45.0811045,271428166,19402166+4504522,8827575,,,,,,,28.58,28.79
284.0592503,44.5183733,164652245,18561431+4431052,8478994,,,,,,,23.54,28.79
291.6408978,41.2411044,137341066,19263381+4114277,5959753,,,,,,,,28.79
288.0297157,40.3441934,121465404,19120712+4020389,5174858,,,,,,,27.23,28.79
297.4303826,39.8478795,169457234,19494329+3950522,4770365,,,,,,,26.85,28.79
286.5942529,37.8912836,120963454,19062262+3753285,2556650,,,,,,,27.8,28.79
284.8304434,44.6580932,164786087,18591931+4439293,8544996,,,,,,,,28.31
289.7428363,50.7870626,416281238,19185826+5047133,12156347,,,,,,,28.78,28.25
287.3469567,47.7729078,158489095,19092321+4746226,10525027,,,,,,,28.19,28.25
288.0080899,46.4736108,158660814,19120194+4628248,9702072,,,,,,,25.05,28.25
290.4799052,45.6005798,159397031,19215518+4536025,9214942,,,,,,,29.18,28.25
283.8996207,45.0169137,164560223,18553591+4501007,8802165,,,,,,,19.52,28.25
292.6422963,44.0876251,63366281,19303416+4405156,8167996,,,,,,,25.58,28.25
286.7418337,43.1901197,158317824,19065804+4311243,7512982,,,,,,,25.76,28.25
292.8733696,42.9661583,63372898,19312961+4257580,7366258,,,,,,,,28.25
287.6979913,42.3385782,158554588,19104752+4220194,6850504,,,,,,,26.3,28.25
289.9793241,40.1427848,122294261,19195503+4008341,5005121,,,,,,,35.37,28.25
290.493913,52.055611,406997913,19215853+5203201,12785320,,,,,,,38.23,27.73
296.0094827,50.4983929,27766705,19440226+5029541,12021625,,,,,,,23.54,27.73
296.8591787,49.1620125,27914389,19472621+4909433,11361646,,,,,,,11.84,27.73
300.3712023,46.4081872,239285770,20012910+4624297,9735426,,,,,,,26.67,27.73
293.6819098,45.8175241,270617362,19344365+4549032,9347009,,,,,,,25.23,27.73
295.9513472,43.8519884,271968263,19434832+4351073,8041216,,,,,,,25.75,27.73
295.6247375,42.5458739,271758949,19422992+4232452,7047363,,,,,,,27.23,27.73
296.8609348,41.0973178,239227652,19472664+4105504,5809890,,,,,,,29.18,27.73
291.8629793,46.4291614,63068329,19272708+4625453,9710326,,,,,,,25.58,27.23
288.4957831,51.0819286,298969755,19135899+5104550,12302530,,,,,,,26.48,26.74
298.3026595,47.6939654,273875149,19531265+4741384,10489345,,,,,,,27.8,26.74
281.4824731,47.2078263,123357864,18455585+4712289,10187017,,,,,,,26.55,26.74
297.7792466,46.4926688,273379660,19510702+4629338,9726659,,,,,,,26.3,26.74
294.9789253,46.0056741,271353794,19395491+4600203,9473078,,,,,,,30.86,26.74
285.3458383,45.3677754,164890864,19012300+4522040,9006449,,,,,,,,26.74
289.1926026,44.1493165,158989909,19164623+4408575,8226050,,,,,,,31,26.74
290.5164698,43.0838642,159444082,19220395+4305017,7440748,,,,,,,28.56,26.74
299.081007,42.0180957,268492383,19561943+4201053,6636320,,,,,,,28.38,26.74
292.2861201,40.9135429,137556197,19290865+4054489,5706966,,,,,,,,26.74
287.051694,40.2114232,121108727,19081241+4012415,5084942,,,,,,,44.23,26.74
291.7262251,37.528968,137315414,19265428+3731440,2161536,,,,,,,27.04,26.74
284.4305132,44.4803776,164726831,18574332+4428499,8414716,,,,,,,,26.27
290.7443078,43.260753,159449041,19225863+4315387,7604328,,,,,,,25.4,26.27
287.8915707,39.3390979,121458707,19113399+3920208,4249725,,,,,,,20.49,26.27
292.1151093,49.2563792,26583618,19282763+4915231,11403389,,,,,,,25.4,25.82
297.6726072,48.3023458,28231454,19504142+4818083,10934674,,,,,,,25.05,25.82
298.4264116,47.9468194,267991349,19534232+4756484,10684670,,,,,,,27.21,25.82
288.1209339,47.9666141,298837729,19122903+4758000,10656823,,,,,,,26.3,25.82
284.4304085,47.6416613,164723619,18574326+4738304,10454632,,,,,,,25.58,25.82
285.1219875,44.1105331,164883912,19002928+4406381,8218379,,,,,,,25.4,25.82
289.1122204,51.7373589,299161524,19162693+5144145,12644822,,,,,,,23.38,25.38
292.5844328,49.9232012,26657091,19302026+4955233,11764462,,,,,,,22.55,25.38
284.1329728,49.1426325,48421337,18563189+4908333,11337141,,,,,,,26.12,25.38
290.2945805,45.5645196,159389232,19211069+4533525,9150827,,,,,,,24.37,25.38
294.9568477,43.0142991,271347296,19394964+4300515,7456001,,,,,,,,25.38
287.0940046,39.0607801,121085785,19082256+3903386,3940418,,,,,,,27.23,25.38
286.4023452,38.7385674,120892579,19053655+3844187,3629967,,,,,,,24.5,25.38
294.889616,49.3798215,27240404,19393351+4922471,11461433,,,,,,,30.21,24.96
296.3219786,48.9714373,27774043,19451727+4858173,11254382,,,,,,,19.94,24.96
296.71274,48.2722828,351189211,19465105+4816203,10874215,,,,,,,24.7,24.96
289.0836324,48.0180689,299156496,19162007+4801052,10724369,,,,,,,28.38,24.96
294.8469333,45.0344155,271351820,19392325+4502038,8826878,,,,,,,21.96,24.96
291.2850446,40.7300225,137089954,19250840+4043481,5531953,,,,,,,,24.96
290.1653203,49.9238126,267747398,19203966+4955259,11760231,,,,,,,25.05,24.55
289.2962253,46.4579889,158986490,19171110+4627286,9704384,,,,,,,21.51,24.55
290.9734395,45.2902761,159580705,19235362+4517251,8950568,,,,,,,23.54,24.55
290.7082585,42.2372245,159446957,19225001+4214141,6773862,,,,,,,24.71,24.55
289.538818,41.8928154,159102744,19180931+4153341,6436029,,,,,,,25.03,24.55
286.6383905,39.4879038,120960812,19063321+3929164,4349452,,,,,,,22.87,24.55
293.9733913,50.531846,27006192,19355360+5031548,12066335,,,,,,,23.05,24.16
293.2983733,43.5558025,275571117,19331160+4333211,7826659,,,,,,,21.52,24.16
293.3224114,42.8674925,275569784,19331737+4252028,7286911,,,,,,,26.85,24.16
296.4834007,42.6633806,272484980,19455602+4239483,7134976,,,,,,,22.42,24.16
289.920676,41.5427758,122136712,19194097+4132341,6198999,,,,,,,24.37,24.16
287.302772,39.2896399,121215172,19091267+3917228,4142847,,,,,,,23.21,24.16
292.9016226,38.297032,137892408,19313638+3817495,3122913,,,,,,,22.74,24.16
282.6313559,46.481022,123495717,18503152+4628519,9693006,,,,,,,,24.1
288.0119248,46.1176003,158660363,19120285+4607033,9518318,,,,,,,21.63,23.78
288.1566649,41.8779417,121462999,19123760+4152406,6432345,,,,,,,24.03,23.78
285.6616933,37.9645672,120629799,19023879+3757522,2692377,,,,,,,22.27,23.43
285.1733174,48.7700099,48506710,19004159+4846121,11125613,,,,,,,23.38,23.41
281.6476437,48.2709523,47977416,18463546+4816157,10842192,,,,,,,23.7,23.41
298.6079128,46.45366,268060310,19542589+4627132,9729691,,,,,,,23.21,23.41
292.8557189,46.3911883,63452790,19312537+4623282,9651668,,,,,,,19.82,23.41
285.8223636,45.7118423,279912260,19031736+4542428,9269042,,,,,,,23.38,23.41
297.5830564,41.9523531,169465273,19501994+4157087,6543893,,,,,,,26.63,23.41
295.3543571,48.5153932,27458799,19412506+4830554,11037511,,,,,,,21.48,23.05
297.4636477,48.1813978,28230011,19495126+4810530,10813132,,,,,,,21.96,23.05
293.1311803,45.6634153,275490034,19323146+4539487,9221517,,,,,,,39.59,23.05
285.6285208,44.3107855,352012126,19023084+4418392,8351704,,,,,,,24.71,23.05
300.170472,43.9849048,239273090,20004092+4359058,8126558,,,,,,,22.24,23.05
292.7376545,42.0147792,63370825,19305703+4200533,6609270,,,,,,,27.04,23.05
296.7719082,41.7555958,239229224,19470525+4145199,6381846,,,,,,,20.21,23.05
299.5017242,40.6707669,172373693,19580041+4040148,5480640,,,,,,,19.66,23.05
287.8264561,40.6965988,121333305,19111833+4041477,5436338,,,,,,,23.21,23.05
289.3154576,39.1532911,121988890,19171570+3909118,4049131,,,,,,,22.89,23.05
297.8414628,46.9676288,273592350,19512195+4658036,10028535,,,,,,,23.21,22.7
294.8654667,46.2858128,271354351,19392772+4617090,9595827,,,,,,,19.52,22.7
296.6034317,44.1292537,272489594,19462482+4407453,8247771,,,,,,,44.22,22.7
290.1065581,40.4906242,122294985,19202556+4029263,5269467,,,,,,,21.06,22.7
292.4698022,37.5677941,137637249,19295274+3734040,2165002,,,,,,,21.96,22.7
286.6627811,47.4136938,158272257,19063911+4724493,10328393,,,,,,,23.21,22.36
283.7175909,47.2043818,164556761,18545220+4712160,10190777,,,,,,,22.74,22.36
299.8305655,47.1575741,269357457,19591929+4709268,10166274,,,,,,,23.05,22.36
291.2243829,45.7780993,159646433,19245384+4546411,9279354,,,,,,,21.66,22.36
296.1882618,43.9368118,272270869,19444518+4356126,8110767,,,,,,,19.66,22.36
287.3612976,43.7388,158433884,19092670+4344196,7948784,,,,,,,,22.36
289.0643042,47.1174041,158983401,19161544+4707027,10134152,,,,,,,18.58,22.03
296.6972773,46.3716969,272602477,19464734+4622181,9661979,,,,,,,21.97,22.03
291.1833211,45.3230937,159647213,19244401+4519234,9020160,,,,,,,20.78,22.03
291.9032411,37.9023677,351056774,19273678+3754082,2715135,,,,,,,20.93,22.03
287.5711746,42.8138159,158552426,19101708+4248501,7269493,,,,,,,20.98,21.71
297.089959,41.3880686,169084431,19482159+4123169,6062088,,,,,,,15.32,21.71
292.1627933,41.0231947,137410997,19283906+4101236,5791986,,,,,,,22.58,21.71
297.0255947,48.4785669,27988995,19480615+4828429,10987985,,,,,,,21.36,21.4
295.7353911,42.5762317,271960006,19425648+4234345,7047824,,,,,,,21.51,21.4
286.0067312,38.0095407,120693914,19040161+3800343,2832589,,,,,,,20.92,21.4
296.8383661,46.6263912,272838324,19472121+4637350,9844088,,,,,,,18.99,21.1
284.3861498,45.7197342,164721250,18573268+4543109,9266431,,,,,,,20.64,21.1
296.5476395,44.9418307,272491981,19461140+4456309,8766650,,,,,,,21.07,21.1
291.5161959,42.2480736,159768168,19260389+4214535,6776401,,,,,,,20.92,21.1
283.982904,49.2329512,48419097,18555591+4913587,11389771,,,,,,,21.21,20.81
290.4376111,48.7918597,407001624,19214502+4847307,11134879,,,,,,,20.35,20.81
290.9342679,47.3575414,159642189,19234422+4721273,10271806,,,,,,,21.51,20.81
286.3985796,45.3435241,158268972,19053567+4520367,9008737,,,,,,,,20.81
295.4552577,50.4945093,27533282,19414927+5029404,12020329,,,,,,,,20.53
287.6535874,47.4147762,158489897,19103686+4724533,10330115,,,,,,,19.39,20.53
284.1832668,45.0740897,164670756,18564399+4504267,8802693,,,,,,,,20.53
298.4012866,44.8381709,274022334,19533632+4450174,8709688,,,,,,,,20.53
286.1103053,43.6809612,158170594,19042647+4340514,7877496,,,,,,,,20.53
290.3931809,43.3638577,159377404,19213437+4321500,7678434,,,,,,,23.59,20.53
297.373403,40.3663986,169459324,19492959+4021590,5209845,,,,,,,33.52,20.53
288.6689428,39.8239935,121734006,19144054+3949264,4736569,,,,,,,19.93,20.53
293.5111889,45.1366252,270520765,19340266+4508117,8890150,,,,,,,19.66,20.25
291.8713535,44.0873907,63009789,19272912+4405145,8165946,,,,,,,17.83,20.25
297.0200549,43.4325382,272942844,19480481+4325571,7769819,,,,,,,24.03,20.25
287.5349528,49.8016283,399954605,19100840+4948059,11705004,,,,,,,19.52,19.98
283.7414249,49.0679833,48354835,18545793+4904047,11283615,,,,,,,19.79,19.98
287.1406177,47.1151153,158394479,19083376+4706547,10130039,,,,,,,16.9,19.98
283.2413322,46.3784691,164457525,18525791+4622424,9632895,,,,,,,,19.98
295.5772681,46.2547028,271774166,19421854+4615170,9597806,,,,,,,18.21,19.98
292.4403029,43.2093456,63284044,19294569+4312339,7609553,,,,,,,20.35,19.98
296.2328099,42.4727965,272183546,19445587+4228220,6964929,,,,,,,17.02,19.98
295.3044942,42.4753193,271537530,19411308+4228310,6960913,,,,,,,,19.98
285.4992845,49.2772713,350813835,19015982+4916384,11391957,,,,,,,18.96,19.72
293.6743322,47.9084727,26961231,19344181+4754304,10670119,,,,,,,19.25,19.72
292.4461832,46.2897548,63289401,19294710+4617231,9589524,,,,,,,22,19.72
289.4110582,46.1308443,159050004,19173865+4607510,9520838,,,,,,,18.7,19.72
289.8844102,45.2115075,159177065,19193225+4512414,8947520,,,,,,,19.39,19.72
293.1713241,45.0655934,275491028,19324112+4503561,8822216,,,,,,,18.22,19.72
295.57423,42.8064255,271760755,19421779+4248231,7295235,,,,,,,20.32,19.72
291.6118842,42.1159787,63005467,19262685+4206574,6690836,,,,,,,21.07,19.72
289.5085612,41.8120234,122066949,19180203+4148436,6435936,,,,,,,19.93,19.72
289.2202147,41.7064385,121943952,19165285+4142233,6356207,,,,,,,18.86,19.72
298.2007268,48.2677925,28450124,19524817+4816042,10879038,,,,,,,,19.21
297.9615616,48.2443363,28357724,19515077+4814397,10878263,,,,,,,18.21,19.21
289.0720752,47.406918,158983792,19161733+4724254,10332883,,,,,,,18.86,19.21
295.4634045,45.8127697,271663670,19415120+4548458,9351920,,,,,,,17.39,19.21
288.4561183,45.8022258,158729099,19134945+4548076,9334893,,,,,,,,19.21
281.3487514,44.2952525,123313142,18452371+4417428,8277797,,,,,,,18.73,19.21
298.0144601,42.9574314,273773509,19520346+4257268,7386827,,,,,,,18.73,19.21
291.2697354,42.0960305,159715997,19250473+4205457,6604328,,,,,,,21.34,19.21
296.6804876,41.3865279,360022783,19464330+4123114,6060203,,,,,,,27.99,19.21
286.4792568,39.2698793,120893436,19055504+3916118,4140813,,,,,,,19.12,19.21
286.5580128,38.4052418,120962548,19061393+3824193,3326377,,,,,,,18.6,19.21
291.9259658,38.0140525,137348863,19274223+3800508,2854698,,,,,,,19.12,19.21
295.6629002,44.5258237,271885110,19423908+4431330,8505920,,,,,,,19.13,19.03
291.6594558,50.5838585,26488618,19263828+5035019,12061969,,,,,,,18.99,18.73
286.2739151,48.6186972,405719252,19050572+4837073,11074178,,,,,,,18.6,18.73
282.9249847,48.6264015,48216453,18514199+4837350,11069176,,,,,,,15.03,18.73
289.3520595,46.9736345,159051188,19172448+4658254,10005788,,,,,,,18.34,18.73
281.4572217,46.7465538,123357476,18454971+4644472,9872283,,,,,,,18.6,18.73
292.5733475,46.3668273,63362238,19301760+4622006,9650989,,,,,,,19.39,18.73
286.5284924,43.8733751,158276273,19060683+4352242,8015907,,,,,,,18.99,18.73
290.889409,42.4596251,159573063,19233343+4227347,6945786,,,,,,,,18.73
295.9383737,49.7911337,27649203,19434521+4947281,11670125,,,,,,,18.21,18.28
288.3724989,47.9335642,158785055,19132940+4756008,10657406,,,,,,,17.84,18.28
296.9588566,46.3940661,272837755,19475012+4623388,9662811,,,,,,,25.37,18.28
287.2566578,46.0667247,158416263,19090160+4604003,9455325,,,,,,,19.25,18.28
295.9065297,45.8090893,272074477,19433757+4548328,9353314,,,,,,,17.59,18.28
299.0770621,45.4405583,268390796,19561850+4526263,9112931,,,,,,,,18.28
292.290606,44.6532281,63209010,19290974+4439117,8561231,,,,,,,21.18,18.28
290.144339,44.0498808,159305424,19203463+4402598,8160953,,,,,,,18.34,18.28
292.1370409,42.4294835,63122956,19283288+4225459,6949607,,,,,,,17.84,18.28
288.2341025,40.520897,121598758,19125618+4031152,5351250,,,,,,,17.35,18.28
284.6157154,39.130998,120315006,18582777+3907517,4035640,,,,,,,18.21,18.28
289.8429062,38.309622,122142813,19192229+3818345,3229150,,,,,,,17.73,18.28
291.1376203,36.5773443,122785299,19243302+3634385,757450,,,,,,,19.12,18.28
298.5891948,40.7506921,171029578,19542140+4045024,5561278,,,,,,,17.69,18.2
293.6137413,47.838938,270695184,19342729+4750204,10604335,,,,,,,18.09,17.84
285.3873706,45.0490265,351910733,19013297+4502565,8804845,,,,,,,17.69,17.84
290.2632874,44.5564051,159304532,19210318+4433232,8490993,,,,,,,18.44,17.84
282.7241098,44.3465098,123497954,18505377+4420473,8346392,,,,,,,17.84,17.84
286.7107166,43.0433585,158317637,19065057+4302364,7430034,,,,,,,18.57,17.84
291.6693437,42.5907441,63004645,19264062+4235265,7033233,,,,,,,17.96,17.84
293.6012911,42.379791,270610053,19342430+4222471,6869184,,,,,,,17.45,17.84
299.3196708,41.3847447,171971913,19571668+4123047,6071903,,,,,,,17.47,17.84
292.2945208,40.5918123,137555411,19291070+4035304,5364071,,,,,,,,17.84
291.049934,39.141674,122716169,19241198+3908300,4055304,,,,,,,17.96,17.84
287.5902594,51.0606047,399955825,19102162+5103380,12301181,,,,,,,,17.72
291.6756005,48.7625419,26493559,19264214+4845452,11137180,,,,,,,17.11,17.43
286.024052,48.431729,405686888,19040576+4825543,10965008,,,,,,,27.57,17.43
286.9994758,48.3757867,399912169,19075987+4822328,10910878,,,,,,,17.62,17.43
297.4868347,46.9966782,273373582,19495680+4659481,10027247,,,,,,,17.47,17.43
297.4015491,46.8239976,273130565,19493637+4649264,9965957,,,,,,,16.99,17.43
288.7389481,46.7625929,158838045,19145735+4645452,9884104,,,,,,,16.54,17.43
282.4506927,46.3213671,123492903,18494814+4619170,9631762,,,,,,,20.49,17.43
290.9536059,45.7195545,159581434,19234885+4543103,9278725,,,,,,,16.64,17.43
285.8032016,44.8733983,279913214,19031277+4452243,8676148,,,,,,,17.11,17.43
283.9774949,44.8115613,164652841,18555459+4448416,8672910,,,,,,,17.23,17.43
290.2884494,43.7552623,159379942,19210923+4345191,7955580,,,,,,,19.93,17.43
289.4179128,39.9450757,122063843,19174027+3956420,4827723,,,,,,,21.96,17.43
292.0683108,38.8422004,137402055,19281639+3850321,3749365,,,,,,,18.09,17.43
289.042243,42.8824991,158927791,19161013+4252569,7273277,,,,,,,33.73,17.4
288.5308924,40.942373,121660708,19140739+4056322,5695396,,,,,,,17.73,17.21
297.292558,49.9817499,28159518,19491018+4958538,11774991,,,,,,,16.53,17.03
295.1817093,49.9458172,27396869,19404359+4956448,11769890,,,,,,,21.51,17.03
296.9964872,49.2563228,27990682,19475917+4915231,11414465,,,,,,,17.96,17.03
296.5600307,46.8574644,272596372,19461441+4651269,9963265,,,,,,,17.45,17.03
284.9410627,46.5664505,164833065,18594583+4633595,9757613,,,,,,,,17.03
296.0422962,45.98514,272083644,19441016+4559065,9415108,,,,,,,17.59,17.03
297.0210984,41.3771655,168811794,19480506+4122378,6061773,,,,,,,16.19,17.03
296.7244553,49.5326846,27913639,19465387+4931577,11569782,,,,,,,16.08,16.66
293.351701,48.4445922,26817284,19332441+4826407,10978763,,,,,,,16.64,16.66
295.0217193,46.6192011,271424795,19400520+4637091,9838949,,,,,,,28.98,16.66
299.8966237,46.0519022,269271535,19593516+4603071,9489524,,,,,,,15.97,16.66
298.5948803,41.4359643,171090560,19542275+4126094,6149910,,,,,,,36.68,16.66
285.5739904,38.4008192,120571842,19021775+3824032,3323887,,,,,,,17.23,16.55
284.998698,50.1466922,48503881,18595966+5008484,11852982,,,,,,,16.19,16.29
284.9996582,49.4799506,48504464,18595990+4928479,11495458,,,,,,,15.42,16.29
294.9513923,48.6511709,27391836,19394834+4839042,11090765,,,,,,,,16.29
291.3978451,45.588553,159723041,19253548+4535188,9153570,,,,,,,16.39,16.29
293.0579794,45.2487472,275490723,19321391+4514557,8956206,,,,,,,16.64,16.29
289.2687388,42.6041819,158992508,19170449+4236150,7109675,,,,,,,27.04,16.29
281.5941261,42.5963949,123316380,18462259+4235470,7008211,,,,,,,27.04,16.29
297.0737928,41.2244613,169083837,19481770+4113281,5980208,,,,,,,15.75,16.29
285.2836483,38.9472625,399794329,19010807+3856502,3832474,,,,,,,15.86,16.29
289.1471849,45.86613,158987296,19163533+4551582,9336200,,,,,,,15.73,15.95
286.5656932,41.8084168,120899945,19061576+4148302,6428700,,,,,,,15.81,15.95
289.3834807,41.3926651,122066280,19173204+4123337,6034945,,,,,,,16.99,15.95
292.8729292,41.0641727,137899948,19312949+4103513,5794240,,,,,,,15.64,15.95
284.3942844,46.2491109,164721759,18573463+4614566,9573539,,,,,,,15.4,15.94
294.989137,46.8383058,271355361,19395739+4650179,9958962,,,,,,,15,15.62
286.5854116,46.8708877,158272820,19062049+4652153,9941066,,,,,,,31.49,15.62
293.1444017,46.6662155,275488493,19323466+4639584,9834040,,,,,,,,15.62
301.7207775,44.4120856,185408817,20065298+4424434,8463346,,,,,,,16,15.62
282.0354942,43.6312491,351803452,18480851+4337525,7870032,,,,,,,15.64,15.62
291.7484295,39.4467817,137337090,19265960+3926487,4365645,,,,,,,31.28,15.62
292.5308289,49.0616555,424867045,19300739+4903421,11298298,,,,,,,13.5,15.3
288.5839761,44.7337701,158789380,19142016+4444016,8616637,,,,,,,28.78,15.3
295.0949565,43.537565,271431851,19402279+4332153,7832356,,,,,,,14.77,15.3
297.070398,42.9777396,272944301,19481688+4258398,7382313,,,,,,,15.21,15.3
292.6149958,42.7643438,63368895,19302763+4245513,7202957,,,,0.516622,,,14.27,15.3
292.5140647,42.6517554,63282889,19300335+4239063,7120108,,,,,,,30,15.3
291.922557,42.002522,63121790,19274141+4200092,6606438,,,,,,,15.3,15.3
297.0698263,40.5252039,169081296,19481670+4031304,5383248,,,,,,,14.9,15.3
288.7549882,39.563696,121734474,19150118+3933491,4454752,,,,,,,14.79,15.3
285.6173937,39.3794684,120573482,19022818+3922463,4243911,,,,,,,30.63,15.3
294.3508497,50.0809627,27082724,19372421+5004519,11818872,,,,,,,29.59,14.99
298.6609094,48.6063022,264507945,19543861+4836229,11100383,,,,,,,15,14.99
284.4766869,46.2526781,164724987,18575437+4615092,9573685,,,,,,,29.79,14.99
290.4341483,44.1077802,159382189,19214416+4406275,8229458,,,,,,,14.79,14.99
297.3539994,41.3000452,169462917,19492496+4118001,6063220,,,,,,,28.98,14.99
292.2367608,41.085871,137556626,19285682+4105091,5792202,,,,,,,14.69,14.99
291.4186349,39.1273664,137152419,19254047+3907387,4056616,,,,,,,14.69,14.99
289.8354219,49.825607,267671250,19192050+4949322,11709244,,,,,,,14.09,14.7
287.5357911,48.727783,399953616,19100858+4843400,11129258,,,,,,,14.37,14.7
292.2399069,48.5115214,424864367,19285758+4830416,11030475,,,,,,,14.69,14.7
296.4985951,46.5772484,272496083,19455966+4634380,9782691,,,,,,,12.88,14.7
284.9030677,43.9540616,164830167,18593672+4357142,8081899,,,,,,,15.43,14.7
291.3905325,42.1804735,159716174,19253372+4210501,6690082,,,,,,,,14.7
298.2581101,47.6050031,273873718,19530194+4736178,10489206,,,,,,,14.39,14.42
294.7094688,45.9695533,271255413,19385025+4558102,9411412,,,,,,,14.1,14.42
290.2481023,44.4352935,159304741,19205953+4426068,8426567,,,,,,,12.97,14.42
296.5662171,44.1058077,272489533,19461589+4406211,8247638,,,,,,,26.12,14.42
299.7854426,43.6707235,269262974,19590851+4340147,7918992,,,,,,,14.57,14.42
295.2048999,42.5596699,271537790,19404917+4233348,7045496,,,,,,,14.39,14.42
287.090019,41.3737576,121112251,19082159+4122259,6029239,,,,,,,16.97,14.42
300.4174607,45.6054854,239309962,20014019+4536198,9244756,,,,,,,12.6,14.15
288.2437481,41.1100655,121599740,19125850+4106362,5865654,,,,,,,28.98,14.15
290.927245,39.9141166,122706051,19234254+3954509,4832837,,,,,,,28.19,14.15
290.5102933,38.743501,122450207,19220244+3844367,3642335,,,,,,,14.19,14.15
299.0512562,47.9492677,268383727,19561230+4756574,10686864,,,,,,,12.97,13.88
284.0974305,47.8104856,164658882,18562343+4748382,10583761,,,,,,,27.61,13.88
294.596557,46.0483705,271164726,19382317+4602538,9472074,,,,,,,28.19,13.88
285.207421,45.384333,164882482,19004979+4523036,9006186,,,,,,,26.12,13.88
291.9600082,44.9000587,63074796,19275040+4454000,8753896,,,,,,,27.04,13.88
285.1683291,44.0264898,164884002,19004040+4401352,8150320,,,,,,,13.61,13.88
285.4391183,43.1685051,352007758,19014539+4310065,7509886,,,,,,,13.71,13.88
299.2131881,41.4248195,171884427,19565115+4125293,6152974,,,,,,,26.85,13.88
297.4521311,41.5580816,169463893,19494851+4133292,6226290,,,,,,,13.43,13.63
290.3286455,37.7231188,122374509,19211888+3743232,2438513,,,,,,,13.13,13.63
294.7890593,46.9839352,271253308,19390939+4659023,10019065,,,,,,,27.99,13.48
296.1328135,48.9773095,27769688,19443187+4858386,11253827,,,,,,,13.06,13.39
283.0228527,47.2611431,164455792,18520546+4715400,10189546,,,,,,,26.48,13.39
297.919724,45.2742038,273582656,19514073+4516269,8973129,,,,,,,24.7,13.39
293.6369437,42.8248275,270611154,19343286+4249298,7287995,,,,,,,,13.39
297.7950939,40.4176403,169930145,19511083+4025037,5299459,,,,,,,25.23,13.39
287.9455985,39.2305281,121458495,19114694+3913500,4144576,,,,,,,26.48,13.39
295.2288521,45.9710432,271546191,19405491+4558156,9412760,,,,,,,12.97,13.15
290.0438524,44.3705375,159221689,19201053+4422141,8360640,,,,,,,13.31,13.15
288.8119782,39.7706431,121786630,19151486+3946143,4644952,,,,,,,13.22,13.15
292.5916297,38.3995629,137687119,19302199+3823587,3239671,,,,,,,,13.15
295.34273,46.6022134,271661839,19412225+4636081,9839821,,,,,,,13.15,12.93
294.0684116,46.5791357,270854411,19361643+4634455,9775938,,,,,,,26.3,12.93
295.3131906,46.2375024,271546798,19411515+4614149,9597058,,,,,,,12.7,12.93
289.9308779,40.0977109,122139228,19194340+4005519,4917596,,,,,,,12.88,12.93
290.4650801,47.9291252,407002705,19215163+4755450,10662202,,,,,,,12.44,12.71
295.251187,45.8429537,271545939,19410027+4550346,9351316,,,,,,,12.53,12.71
286.8919996,38.3185034,121021644,19073408+3819067,3219995,,,,,,,12.6,12.71
298.3952437,47.8149865,273874849,19533486+4748540,10619192,,,,,,,12.02,12.5
296.9867284,47.4773531,272842291,19475681+4728386,10353968,,,,,,,26.3,12.5
282.0333419,44.4779955,351804260,18480798+4428408,8410415,,,,,,,,12.5
291.1849503,40.3112023,137090755,19244439+4018403,5184911,,,,,,,12.53,12.5
285.2408288,46.6682411,164892194,19005780+4640057,9818381,,,,,,,12.95,12.38
298.2689217,48.9167391,28448711,19530455+4855002,11259686,,,,,,,11.81,12.37
295.9091695,51.3478777,27687265,19433820+5120525,12469800,,,,,,,,12.29
286.7380152,49.9757383,399825554,19065712+4958327,11754553,,,,,,,11.85,12.29
293.0613138,43.5813577,275493574,19321473+4334528,7825899,,,,,,,24.54,12.29
292.5034196,43.0832188,63283780,19300081+4304593,7447200,,,,,,,12.1,12.29
291.3647333,37.609239,137148674,19252754+3736330,2302548,,,,,,,12.18,12.29
290.4867838,44.932541,159440697,19215682+4455574,8750043,,,,,,,11.77,12.09
280.926162,44.0878036,123202646,18434227+4405165,8142942,,,,,,,25.4,11.91
296.3410342,47.1709335,272282253,19452184+4710150,10153855,,,,,,,11.77,11.9
287.9060885,46.9377479,158625100,19113746+4656159,10002866,,,,,,,10.9,11.9
284.7478834,46.3735415,164784178,18585950+4622250,9635606,,,,,,,10.91,11.9
299.1224639,41.8667953,171510762,19562938+4152003,6471021,,,,,,,11.77,11.9
297.503718,41.0570326,169556162,19500088+4103252,5812960,,,,,,,12.27,11.9
297.8082232,47.9466342,273681023,19511398+4756480,10682541,,,,,,,22.11,11.72
285.6671724,48.7195865,377782148,19024010+4843104,11126381,,,,,,,11.2,11.54
300.2420869,44.1412854,239291510,20005812+4408290,8261920,,,,,,,11.45,11.54
282.2325197,43.6655662,123416515,18485580+4339562,7870390,,,,,,,,11.54
287.5296372,38.8945065,121275496,19100711+3853402,3734418,,,,,,,11.21,11.54
287.3821348,49.4524247,399951202,19093170+4927086,11499228,,,,,,,10.9,11.36
295.6514492,49.2612954,27642556,19423635+4915406,11410904,,,,,,,11.06,11.36
296.6014013,44.3252289,272490211,19462433+4419309,8379705,,,,,,,10.89,11.36
299.2502851,43.4103663,268603980,19570007+4324375,7779077,,,,,,,11.06,11.36
293.0940391,42.8964457,275494853,19322256+4253471,7286173,,,,,,,9.55,11.36
292.105272,42.3803077,63122858,19282524+4222491,6863998,,,,,,,,11.36
287.5011404,47.4691157,158489841,19100028+4728093,10329835,,,,,,,21.96,11.19
301.3428675,44.672175,185185751,20052229+4440199,8591173,,,,,,,11.13,11.19
287.6057027,49.5233937,399954349,19102533+4931237,11551692,,,,10.4998,,,10.32,11.03
287.0091176,46.7961229,158324326,19080218+4647459,9881077,,,,,,,22.39,11.03
295.8594318,47.9396001,27645404,19432625+4756222,10676014,,,,,,,10.68,10.87
295.579329,44.5459052,271769940,19421904+4432454,8505670,,,,,,,,10.87
281.0491988,43.3225996,123230993,18441179+4319213,7659389,,,,,,,10.61,10.87
285.6025889,50.1120401,350814607,19022460+5006433,11853878,,,,,,,10.46,10.71
292.6141076,44.3946644,63365721,19302738+4423407,8367644,,,,,,,21,10.71
293.5663715,42.1325825,270609465,19341591+4207572,6697605,,,,,,,11.29,10.71
291.6832878,37.7514726,137316027,19264400+3745057,2444412,,,,,,,21.96,10.71
284.342725,46.3165907,164721823,18572225+4618595,9634821,,,,,,,10.8,10.56
297.3159994,46.0232642,273132699,19491583+4601237,9480189,,,,,,,20.78,10.56
290.2796734,41.5150499,122443195,19210712+4130541,6200235,,,,,,,10.75,10.56
291.6044965,41.3093275,137212833,19262507+4118336,6041734,,,,,,,10.66,10.56
288.9022829,49.3704079,299087490,19153653+4922137,11449844,,,,,,,,10.42
288.4335977,40.3808519,121603556,19134406+4022511,5175986,,,,,,,10.46,10.42
288.3701976,43.3546109,158725491,19132885+4321165,7673192,,,,,,,9.1,10.27
293.6704404,41.4102105,138296836,19344091+4124368,6129524,,,,,,,,10.27
297.0702037,40.868734,169082553,19481684+4052076,5640085,,,,,,,10.5,10.27
290.2376224,41.3313637,122298677,19205703+4119529,6037581,,,,,,,10.02,10.13
287.8570173,40.5471909,121333541,19112568+4032498,5350244,,,,,,,8.43,10.13
291.2544229,36.7434302,137099260,19250107+3644370,1026957,,,,,,,20.61,10.13
293.9886751,46.7179996,270790094,19355728+4643048,9896018,,,,,,,,9.77
294.3255898,46.0022646,270956861,19371813+4600081,9471268,,,,,,,9.56,9.77
291.6389972,42.4363482,63004906,19263335+4226107,6948054,,,,,,,19.56,9.77
296.2300306,50.2752091,27776660,19445520+5016308,11923284,,,,,,,9.55,9.35
283.1137663,48.1312774,48217265,18522730+4807530,10779233,,,,,,,18.6,9.35
296.6547477,46.8352242,272601375,19463714+4650069,9963524,,,,,,,9.3,9.35
296.7529742,45.0411049,272605867,19470071+4502279,8832512,,,,,,,9.42,9.35
286.2847077,44.7815817,158213532,19050833+4446535,8612275,,,,,,,10.1,9.35
291.7114906,42.3415097,63005080,19265075+4220294,6862721,,,,,,,9.17,9.35
289.6252192,40.7087351,122069243,19183005+4042314,5526527,,,,,,,9.23,9.35
281.8353366,44.1558825,123410927,18472048+4409213,8212002,,,,,,,8.59,8.96
294.7433755,43.4611633,271261159,19385839+4327403,7761918,,,,,,,8.19,8.96
297.4653351,42.8828517,273234825,19495168+4252582,7303287,,,,,,,8.6,8.96
282.8598614,42.6658336,164411478,18512638+4239567,7094486,,,,,,,17.96,8.96
291.8343455,39.3073462,351063265,19272023+3918264,4263293,,,,,,,,8.96
294.7420605,43.5367842,271260980,19385809+4332126,7831264,,,,,,,8.83,8.6
287.6208165,43.1416239,158551888,19102900+4308300,7515212,,,,,,,20.5,8.28
289.6867653,41.5889178,394172692,19184480+4135201,6198182,,,,,,,16.39,8.28
286.2471739,50.2423694,405717552,19045932+5014326,11905011,,,,,,,8.26,8.27
296.4797624,49.9376486,27846348,19455514+4956156,11773022,,,,,,,8.14,8.27
298.5153169,41.8912305,274118253,19540368+4153283,6468138,,,,,,,,8.27
290.1019809,48.251146,267749737,19202447+4815040,10857519,,,,,,,,7.97
285.485045,48.0543774,350812580,19015641+4803155,10717241,,,,,,,15.74,7.97
292.4642406,45.9682799,63288848,19295142+4558058,9405595,,,,,,,16.51,7.97
284.0611224,45.5068127,164654277,18561467+4530246,9139084,,,,,,,7.6,7.97
285.1042243,45.0080745,164882868,19002497+4500294,8804397,,,,,,,,7.97
281.8983042,42.1657112,123408693,18473560+4209568,6665512,,,,,,,15.86,7.97
299.1868586,41.742699,171968443,19564484+4144336,6392727,,,,,,,,7.97
289.3644209,41.5332589,121944984,19172745+4131596,6197215,,,,,,,23.32,7.97
290.6731326,38.6910045,122519154,19224155+3841276,3541946,,,,,,,15.75,7.97
293.6764689,44.6155972,270615037,19344235+4436560,8564674,,,,,,,7.71,7.69
286.1705469,43.0089,158169713,19044093+4300320,7428736,,,,,,,15.32,7.69
290.0305195,42.1660555,159217436,19200732+4209577,6685609,,,,,,,16.07,7.69
288.4714969,40.2698157,121603761,19135314+4016112,5088591,,,,,,,7.5,7.69
295.586598,45.3649371,271772050,19422078+4521539,9032900,,,,,,,,7.42
298.4828337,46.7936357,274198407,19535587+4647370,9909735,,,,,,,7.09,7.18
289.2489051,47.6501141,158984916,19165973+4739003,10464050,,,,,,,13.9,6.95
290.0847389,51.2086144,267745858,19202034+5112309,12405333,,,,,,,13.43,6.73
281.1117588,42.4549698,123231917,18442682+4227176,6921944,,,,,,,13.33,6.73
285.2685283,48.5598835,48506505,19010446+4833360,11017901,,,,,,,6.4,6.53
298.3957687,42.4597712,274030824,19533498+4227351,6975129,,,,,,,5.64,6.16
292.388582,42.2332767,63213622,19293325+4213597,6779260,,,,,,,6.13,6.16
289.5530051,41.2978532,122068161,19181271+4117522,5953297,,,,,,,12.27,6.16
292.9712801,41.0357494,137899873,19315309+4102087,5794570,,,,,,,6.13,5.99
291.3499783,45.1722521,159722311,19252399+4510201,8884274,,,,,,,11.59,5.83
295.828679,43.4254371,271967039,19431888+4325317,7765528,,,,,,,5.52,5.67
289.2262876,49.5482814,299158887,19165428+4932535,11554435,,,,,,,5.49,5.39
290.8490899,48.4159782,417659212,19232377+4824576,10973664,,,,,,,10.59,5.39
291.5060432,46.8956262,159759306,19260149+4653448,9950612,,,,,,,30.79,5.3
283.936781,49.1102748,48419201,18554483+4906371,11336883,,,,,,,5.48,5.13
290.1563633,48.818971,267748934,19203752+4849083,11187436,,,,,,,4.52,4.59
293.8345542,42.624948,270705735,19352029+4237298,7124613,,,,,,,4.73,4.59
296.9603348,46.0342954,272836943,19475046+4602034,9478990,,,,,,,4.4,4.4
294.4685197,49.3309789,27186509,19375245+4919516,11460462,,,,,,,4.23,4.15
291.2756631,47.3295107,159725995,19250615+4719461,10272640,,,,,,,4.01,4.15
298.866621,46.5022325,268379849,19552797+4630080,9790806,,,,,,,7,3.6
297.0154644,49.2252988,27990610,19480371+4913310,11414511,,,,,,,24.03,2.83
290.3814122,43.2930645,159376971,19213157+4317347,7603200,,,,,,,19.12,0.77
292.2490563,46.1647909,63206513,19285977+4609535,9527334,,,,,,,8.54,0.6
299.9572335,44.7718851,239236731,19594973+4446187,8651389,,,,,,,7.9,0.6
287.2187273,38.8625366,121123361,19085249+3851450,3733628,,,,,,,20.07,0.25
349.2310814,-18.6066463,9006668,23165553-1836238,,36.62,,,,,,,
356.3751852,-16.114124,2760219,23453002-1606509,,36.29,,,,,,,
334.5041029,54.3190454,343019899,22180090+5419083,,36.1,,,,,,,
336.4643016,15.8566392,51637609,22255144+1551242,,35.75,,,,,,,
347.979723,33.0476125,100909102,23115512+3302519,,34.25,,,,,,,
346.6263919,-5.0434618,278892590,,,34.08,,,,,,,
334.0195539,-10.5673649,38258419,22160474-1034022,,33.39,,,,,,,
347.4928024,18.3961597,436478932,23095825+1823459,,33.07,,,,,,,
334.8828486,42.5603141,199444169,22193198+4233369,,32.21,,,,,,,
357.5806472,-17.0775947,228381868,23501932-1704392,,31.5,,,,,,,
335.5129199,45.4573423,199671901,22220308+4527265,,30.95,,,,,,,
334.3645089,-12.1874776,434094657,22172739-1211150,,30.11,,,,,,,
334.6227504,-9.6120084,38337202,,,30.04,,,,,,,
358.0920465,-53.043156,201177276,23522205-5302354,,29.83,,,,,,,
358.5151344,37.0218242,291685334,23540364+3701185,,29.54,,,,,,,
355.702386,-9.5887124,9030119,23424854-0935188,,29.44,,,,,,,
335.0949721,-9.5097112,38355468,22202278-0930341,,29.08,,,,,,,
336.5761233,-18.011665,69747919,,,28.57,,,,,,,
337.8588454,-13.2644554,12821302,22312613-1315528,,28.15,,,,,,,
350.1417675,-10.0365901,49592509,,,27.93,,,,,,,
353.9169507,-7.6867213,8918021,23354006-0741116,,27.82,,,,,,,
353.5629149,-42.0617794,402026209,23341508-4203411,,27.81,,,,,,,
353.6162694,-1.5799849,398572544,23342787-0134482,,27.48,,,,,,,
342.0316493,-14.4947789,146364192,22480755-1429407,,27.32,,,,,,,
333.7518786,-17.2508002,437704321,22150046-1715025,,27.04,,,,,,,
353.9543517,0.4447043,422618449,,,26.47,,,,,,,
359.7933851,39.3142556,455784423,,,26.45,,,,,,,
335.4506923,-14.5933554,188509935,22214817-1435359,,25.21,,,,,,,
353.4175668,-7.6120272,423610130,23334021-0736428,,25.17,,,,,,,
340.0846204,69.5037313,376637093,22402026+6930134,,24.99,,,,,,,
348.0589516,-44.8764852,139285832,23121409-4452349,,24.83,,,,,,,
359.9008737,-35.0313349,183532609,23593607-3501530,,24.66,,,,,,,
359.1915117,-22.1532316,114749636,23564597-2209113,,24.33,,,,,,,
355.828682,-2.0450945,250111245,23431890-0202424,,24.22,,,,,,,
343.5723794,-43.0102291,121490076,22541736-4300372,,24.06,,,,,,,
337.6178427,-7.972456,250956593,22302822-0758205,,24.06,,,,,,,
335.3081368,-12.5569819,188507501,22211401-1233247,,23.79,,,,,,,
344.8735878,-60.4478194,237320326,22592962-6026519,,23.7,,,,,,,
335.6233145,-7.9563525,39926974,,,23.66,,,,,,,
348.1571282,-22.6741248,204376737,23123773-2240261,,23.44,,,,,,,
353.0331863,-21.8012007,441462736,23320808-2148050,,23.41,,,,,,,
348.9490311,-10.8497391,4610830,23154776-1050590,,22.82,,,,,,,
356.481137,0.4587978,267215820,23455547+0027325,,22.65,,,,,,,
338.4759328,-10.0849917,250979498,22335419-1005057,,22.63,,,,,,,
356.6667136,31.1559115,288246496,23463997+3109213,,22.55,,,,,,,
357.8791976,-39.9071215,183537452,23513108-3954241,,22.45,,,,,,,
357.846434,-70.1528621,238176110,23512286-7009103,,22.33,,,,,,,
357.8021716,-50.8698618,201175570,23511251-5052115,,22.15,,,,,,,
359.3490277,-41.2772202,184240683,23572375-4116377,,22.07,,,,,,,
351.1353785,-5.1641451,301258470,23243247-0509507,,21.8,,,,,,,
351.3210955,-15.6346313,169765334,23251700-1538047,,21.69,,,,,,,
334.7969885,-1.8344301,439842788,22191134-0150031,,21.31,,,,,,,
341.7248656,-9.8816109,402287746,22465386-0952538,,21.19,,,,,,,
349.3843458,1.3001522,262715204,23173222+0118010,,21.02,,,,,,,
352.2675207,67.0348062,427761355,23290422+6702052,,20.84,,,,,,,
358.6390056,-4.7233362,248608315,23543349-0443238,,20.81,,,,,,,
342.6918241,-14.0700007,146799150,22504600-1404116,,20.34,,,,,,,
352.0166759,75.5526069,317597583,23280402+7533100,,20.33,,,,,,,
335.025662,-9.0560881,38354061,22200610-0903219,,20.31,,,,,,,
354.240829,39.6392793,333473672,23365789+3938218,,20.28,,,,,,,
350.0285917,-60.0657292,234994474,,,20.21,,,33.444801,,,,
349.6229547,24.889277,91051152,23182955+2453214,,20.02,,,,,,,
349.0634651,0.3066895,262662119,23161522+0018242,,20,,,,,,,
342.3858995,-10.6754686,36592530,22493256-1040320,,19.98,,,,,,,
351.6064952,-6.0279068,49679172,23262549-0601404,,19.93,,,,,,,
349.2211822,-5.2015032,301132473,23165298-0512043,,19.89,,,,,,,
349.5592665,-56.9039857,266980320,,,19.61,,,,,,,
358.6688767,-37.6282237,183985250,,,19.33,,,,,,,
335.7596816,-10.4886817,39928614,22230229-1029187,,18.93,,,,,,,
346.0750861,-21.2720168,204317710,23041801-2116189,,18.86,,,,,,,
337.5136198,-13.6101475,12785571,22300326-1336364,,18.81,,,,,,,
344.4453632,38.674919,346338552,22574684+3840302,,18.78,,,,,,,
348.9930457,31.4627508,431701493,23155829+3127462,,18.76,,,1.09176,,,,
339.0258401,-17.0003046,188570092,,,18.59,,,,,,,
337.0442461,-14.5993376,12770870,22281062-1435577,,18.37,,,,,,,
352.0516724,-7.6037856,49709169,23281238-0736132,,18.35,,,,,,,
343.0414932,35.4471778,188876052,22520985+3526495,,18.29,,,,,,,
354.6499065,-7.4788816,8963531,23383594-0728440,,18.25,,,,,,,
353.2435381,-29.416487,305048087,,,17.45,,,,,,,
355.9505977,33.0672361,288144647,23434812+3304025,,17.3,,,,,,,
340.3037846,-14.4893256,240766850,22411288-1429202,,17.3,,,,,,,
338.3682095,-9.0229405,250977648,22332842-0901219,,17.26,,,,,,,
341.3640336,-14.9917747,145750719,22452736-1459303,,17.23,,,,,,,
341.2404563,-13.9011223,145752628,22445778-1354031,,17.22,,,,,,,
355.6304152,-9.7135814,9030096,23423122-0942487,,17.03,,,,,,,
352.1725409,-34.4914099,76923707,23284126-3429289,,17,,,,,,,
356.2260152,-7.7015151,9054633,23445423-0742054,,16.81,,,,,,,
351.7717763,-1.2853435,301289516,,,16.69,,,,,,,
358.5588439,-30.0130385,77044471,23541409-3000467,,16.68,,,,,,,
352.7139342,-11.0773564,49735922,23305135-1104380,,16.41,,,,,,,
338.3996623,-43.436872,89020549,22333585-4326117,,15.52,,,,,,,
351.612262,1.3375909,422487869,23262691+0120153,,15.47,,,,,,,
337.5102738,-75.6465606,317060587,22300272-7538476,,15.29,,,,,,,
351.6361913,-4.6066569,301288279,23263269-0436235,,14.97,,,,,,,
350.9170464,-1.1891827,301235044,23233996-0111215,,14.81,,,,,,,
335.3934698,82.2160792,470171739,22213433+8212578,,14.75,,,,,,,
333.8218395,-14.049857,437703489,22151722-1402593,,14.75,,,,,,,
354.7740917,42.4659866,176899385,23390581+4227575,,14.71,,,,,,,
336.1523363,-11.5793181,39936432,,,14.68,,,,,,,
347.7043164,-7.8575592,404243877,23104905-0751270,,14.56,,,,,,,
348.5159113,-0.0821031,279046938,23140379-0004558,,14.03,,,,,,,
354.1686959,-34.6113042,77031414,23364036-3436404,,13.61,,,,,,,
336.4024144,-34.9097131,62483237,22253655-3454346,,13.34,,,,,,,
359.1519716,36.2129562,291751373,23563647+3612466,,12.82,,,,,,,
339.9192984,-8.7145697,251018878,22394063-0842521,,12.4,,,,,,,
338.6062312,-13.7318044,206284139,22342548-1343541,,11.94,,,,,,,
348.3372026,57.1696255,283722336,,,11.68,,,,,,,
339.2050832,16.8271941,210083929,22364919+1649377,,11.64,,,,,,,
339.6748444,-13.5600447,402314147,22384194-1333360,,11.59,,,,,,,
338.844896,-7.469895,250996363,22352275-0728114,,11.38,,,,,,,
354.741581,75.6852317,367858035,23385833+7541064,,10.98,,,,,,,
340.4962038,-69.1721081,410153553,,,10.9,,,,,,,
338.0541631,-17.5440636,12822545,22321299-1732384,,10.37,,,,,,,
353.0620655,-37.2558629,224225541,23321483-3715212,,10.06,,,,,,,
348.4947931,8.7610793,427685831,23135873+0845405,,9.89,,,,,,,
338.94255,-14.027727,188570847,22354616-1401398,,9.11,,,,,,,
337.4578243,-48.0030988,144065872,22294972-4800111,,8.84,,,0.904945,,,,
338.9837166,-59.864829,403224672,,,8.65,,,1.12583,,,,
353.3574989,-41.1715206,224245334,23332579-4110174,,7.18,,,,,,,
354.9154673,-69.196043,410214986,23393949-6911448,,6.25,,,,,,,
290.2470519,52.1491051,406952542,19205929+5208568,12834874,,,,,,,,
289.8432347,52.0702094,267673944,19192237+5204125,12784167,,,,,,,18.12,
289.8194222,51.9048541,416279965,19191664+5154174,12735830,,,,,,,,
289.7636212,51.962683,416279912,19190326+5157453,12735740,,,,,,,19.39,
290.5867992,51.6957731,290005350,19222084+5141449,12602568,,,,,,,,
289.5006797,51.6857106,416267321,19180016+5141086,12600735,,,,,,,,
290.9662102,51.5047656,417679385,19235189+5130170,12557548,,,,,,,22.42,
288.664484,51.4983798,299028577,19143947+5129543,12505654,,,,,,,,
288.5735936,51.4727698,299028607,19141766+5128219,12505503,,,,,,,,
288.3086994,51.4783348,298961646,19131408+5128418,12505076,,,,,,,,
296.4068982,51.3581938,27843707,19453764+5121293,12470954,,,,,,,19.89,
291.1593939,51.3348228,350737935,19243825+5120055,12459913,,,,,,,,
289.311532,51.3209059,299217895,19171475+5119151,12456601,,,,,,,,
288.0592191,51.3544564,298897924,19121423+5121160,12454461,,,,,,,,
287.5220359,51.3759464,399956098,19100528+5122331,12453581,,,,,,,,
296.4031319,51.2712773,27843860,19453677+5116168,12418724,,,,,,,,
295.5384415,51.2030002,27534458,19420921+5112106,12416661,,,,,,,11.61,
290.8882981,51.2481617,417655814,19233319+5114534,12406807,,,,,,,,
290.8541401,51.2227435,417655835,19232499+5113221,12406749,,,,,,,24.88,
289.8805804,51.2769907,267673013,19193135+5116374,12404954,,,,,,,20.77,
289.5211955,51.2374057,416266820,19180507+5114143,12404305,,,,,,,,
289.3997364,51.2502428,299217986,19173593+5115011,12404086,,,,,,,,
288.8488552,51.2090375,299089652,19152367+5112325,12403119,,,,,,,18.63,
288.1447323,51.2756446,298897851,19123474+5116322,12401863,,,,,,,,
287.2852554,51.2499499,399915645,19090847+5114599,12400538,,,,,,,,
284.2960393,51.2691212,267572272,18571105+5116088,12396036,,,,,,,,
295.4179125,51.1847629,27454084,19414029+5111051,12365184,,,,,,,4.72,
291.2012559,51.1442437,350738167,19244828+5108393,12356617,,,,,,,,
288.5106679,51.1624235,298969838,19140254+5109448,12351927,,,,,,,,
295.4865821,51.0135237,27534138,19415676+5100486,12314973,,,,,,,10.24,
290.6218844,51.0573453,290032428,19222923+5103262,12306058,,,,,,,,
295.8065515,50.9097521,27639443,19431357+5054352,12266636,,,,,,,,
290.3484956,50.9028387,406951266,19212364+5054102,12256520,,,,,,,29.38,
289.4858423,50.9441967,416266465,19175659+5056389,12254909,,,,,,,,
289.4245955,50.9941198,299218299,19174190+5059388,12254792,,,,,,,26.84,
289.1866841,50.9375614,299160628,19164480+5056152,12254378,,,,,,,,
287.9978721,50.9441847,298834019,19115949+5056395,12252424,,,,,,,26.86,
290.0827494,50.8634361,267746315,19201985+5051485,12206313,,,,,,,,
294.294483,50.725385,27081773,19371068+5043313,12164564,,,,,,,,
291.467454,50.7595597,26474039,19255215+5045341,12159249,,,,,,,19.38,
289.6434285,50.727016,416281317,19183442+5043375,12156174,,,,,,,,
288.6462564,50.7889645,299029323,19143510+5047203,12154526,,,,,,,,
296.8509823,50.6987736,27911400,19472424+5041561,12121570,,,,,,,,
296.3768521,50.6214592,27845000,19453045+5037172,12120484,,,,,,,14.73,
296.3019792,50.6723115,27777414,19451246+5040203,12120307,,,,,,,,
294.5703593,50.6730147,27231753,19381689+5040228,12116489,,,,,,,,
294.5177291,50.6703927,27188610,19380424+5040134,12116380,,,,,,,,
291.622381,50.6181793,26473621,19262937+5037056,12110942,,,,,,,,
296.0213374,50.5678019,27766596,19440512+5034040,12070811,,,,,,,,
295.2264739,50.5592348,27397848,19405434+5033323,12068975,,,,,,,21.7,
294.0830662,50.5027572,27014562,19361993+5030099,12066569,,,,,,,17.96,
291.221172,50.5813487,350738817,19245305+5034526,12061222,,,,,,,,
289.8301128,50.5862025,267672183,19191922+5035104,12058931,,,,,,,,
289.3586737,50.5984489,299218775,19172608+5035545,12058147,,,,,,,,
288.2317293,50.5678345,298962633,19125561+5034043,12056139,,,,,,,,
287.8674123,50.5955846,298834402,19112817+5035441,12055539,,,,,,,,
297.0188074,50.409046,27992970,19480452+5024323,12024120,,,,,,,12.48,
295.4025625,50.4785992,27455225,19413661+5028430,12020218,,,,,,,,
294.9963415,50.4700458,27318774,19395911+5028122,12019440,,,,,,,20.2,
293.9005786,50.4270507,27006340,19353613+5025373,12017109,,,,,,,20.35,
289.0648073,50.4609183,299153388,19161556+5027395,12008872,,,,,,,,
281.5761962,50.4924657,48018596,18461839+5029324,11997947,,,,,,,,
294.3385109,50.3365178,27082352,19372123+5020115,11968463,,,,,,,,
291.5480665,50.3532584,26472830,19261154+5021119,11963206,,,,,,,27.58,
290.9892462,50.308064,417678115,19235741+5018290,11962284,,,,,,,,
290.0980478,50.3215731,267746941,19202353+5019177,11960862,,,,,,,,
286.433726,50.3002266,243271051,19054408+5018011,11954842,,,,,,,,
293.8334488,50.2303479,27006665,19351999+5013492,11918099,,,,,,,,
285.679298,50.2414842,377780790,19024305+5014286,11904151,,,,,,,,
297.270576,50.1218365,28159758,19490493+5007185,11875734,,,,,,,,
296.7727406,50.1883667,27912377,19470547+5011183,11874577,,,,,,,,
289.7119947,50.1282265,416281986,19185087+5007415,11860395,,,,,,,,
285.6154492,50.1357712,350814622,19022767+5008087,11853905,,,,,,,,
285.1761864,50.1496897,48528770,19004229+5008593,11853255,,,,,,,35.19,
296.8534096,50.0373196,27912642,19472482+5002144,11824786,,,,,,,,
295.4570818,50.0771838,27532561,19414971+5004378,11821363,,,,,,,,
294.2244432,50.0755761,27082730,19365386+5004321,11818607,,,,,,,,
290.7857595,50.0540561,417657148,19230858+5003148,11812062,,,,,,,,
290.235863,50.0300654,406950324,19205660+5001483,11811193,,,,,,,,
289.6649171,50.0200612,416282121,19183957+5001121,11810124,,,,,,,,
288.1009312,50.0336844,298896336,19122420+5002013,11807274,,,,,,,7.86,
286.2434458,50.0403671,405717754,19045842+5002253,11804465,,,,,,,,
285.0416235,50.0753913,48503953,19001000+5004313,11802615,,,,,,,,
295.8465148,49.9361586,27649489,19432316+4956100,11771430,,,,,,,20.06,
290.5594479,49.9428629,290033595,19221428+4956348,11760860,,,,,,,23.37,
289.2333767,49.9388952,299159378,19165600+4956201,11758544,,,,,,,11.63,
288.6104839,49.9685458,299030246,19142653+4958070,11757451,,,,,,,,
286.6464265,49.9377735,399825584,19063514+4956160,11754430,,,,,,,,
285.4049723,49.9948186,279918915,19013718+4959410,11752632,,,,,,,,
295.5241011,49.8295211,27532128,19420580+4949463,11720424,,,,,,,,
294.6208506,49.894219,27233725,19382903+4953389,11718389,,,,,,,40.42,
294.5254573,49.872484,27187386,19380611+4952208,11718144,,,,,,,,
292.6583919,49.8651522,26657021,19303801+4951546,11714231,,,,,,,28.37,
289.7805393,49.8965624,416282268,19190732+4953475,11709124,,,,,,,,
285.1427113,49.8006565,48528473,19003423+4948024,11701407,,,,,,,37.46,
297.3593427,49.7975464,28159194,19492623+4947511,11673802,,,,,,,,
296.5120204,49.7277506,27846759,19460289+4943399,11671579,,,,,,,,
295.5712566,49.774514,27532033,19421712+4946285,11669239,,,,,,,,
295.5212866,49.7386804,27531978,19420508+4944190,11669125,,,,,,,,
294.4639165,49.7650473,27187218,19375133+4945541,11666881,,,,,,,,
292.0874126,49.788709,26582909,19282099+4947195,11662184,,,,,,,,
289.5931004,49.7812447,416265126,19182234+4946521,11657891,,,,,,,,
289.4390075,49.7312226,299219860,19174535+4943523,11657614,,,,,,,9.11,
289.0297232,49.7697034,299154193,19160713+4946109,11656918,,,,,,,,
288.9217259,49.7620237,299087968,19154118+4945433,11656721,,,,,,,,
288.6615682,49.7371538,299030528,19143877+4944139,11656246,,,,,,,10.33,
285.7119953,49.7067574,377781254,19025086+4942239,11651712,,,,,,,,
284.8713893,49.7758867,48451562,18592912+4946332,11650401,,,,,,,,
297.7363605,49.637101,28234096,19505673+4938137,11624249,,,,,,,21.4,
297.4865503,49.6233975,28227113,19495685+4937244,11623629,,,,,,,24.1,
297.0905543,49.6264867,28084836,19482175+4937356,11622600,,,,,,,,
296.5666587,49.6961742,351192037,19461599+4941465,11621223,,,,,,,10.08,
295.5864604,49.6668523,27531854,19422075+4940006,11618601,,,,,,,12.7,
293.8817361,49.6831419,27007509,19353162+4940593,11614617,,,,,,,,
292.6777294,49.6638666,26656768,19304265+4939500,11612280,,,,,,,,
292.3285976,49.6535171,424815179,19291885+4939127,11611600,,,,,,,,
292.1586689,49.6377914,26583108,19283807+4938159,11611275,,,,,,,,
286.4714473,49.6490933,243271716,19055315+4938564,11601584,,,,,,,13.89,
286.0363025,49.6145027,405688133,19040872+4936522,11600889,,,,,,,,
284.8465476,49.6923412,48451491,18592319+4941326,11599038,,,,,,,,
297.6422563,49.594958,28234022,19503414+4935419,11572193,,,,,,,5.89,
296.4185696,49.540148,27847148,19454045+4932243,11568987,,,,,,,,
295.3024604,49.5890456,27456723,19411260+4935208,11566256,,,,,,,20.05,
295.2126472,49.56216,27396246,19405104+4933438,11566064,,,,,,,3.94,
295.1521334,49.5876179,27396284,19403652+4935153,11565924,,,,,,,,
292.8085984,49.5794242,26748113,19311407+4934460,11560897,,,,,,,,
284.7391156,49.5984448,48448369,18585736+4935542,11547513,,,,,,,15.74,
284.7316084,49.533149,48448415,18585555+4931595,11547505,,,,,,,,
298.0676519,49.412541,28364164,19521624+4924453,11521793,,,,,,,13.17,
296.6679448,49.4617774,351191596,19464029+4927426,11518142,,,,,,,,
294.7842662,49.4920557,27240575,19390823+4929315,11513486,,,,,,,16.74,
294.2189131,49.4792536,27083727,19365254+4928452,11512246,,,,,,,,
292.9883129,49.4849664,26752863,19315720+4929058,11509504,,,,,,,,
292.5457096,49.4168981,26656435,19301098+4925011,11508644,,,,,,,,
291.7219993,49.4808492,26491504,19265328+4928511,11507101,,,,,,,,
289.4346668,49.473455,299220166,19174431+4928242,11502867,,,,,,,,
286.6714813,49.4062964,399826020,19064114+4924226,11498128,,,,,,,,
286.5510448,49.418731,243271972,19061224+4925074,11497977,,,,,,,,
296.7533555,49.3780726,27913951,19470081+4922411,11465950,,,,,,,,
296.6270184,49.353891,351191396,19463048+4921140,11465651,,,,,,,,
295.0641963,49.3589615,27390527,19401541+4921323,11461844,,,,,,,,
294.2657519,49.3140933,27084006,19370379+4918507,11460018,,,,,,,,
293.1953923,49.316541,26814296,19324688+4918594,11457726,,,,,,,10.92,
291.9998055,49.3018321,26541144,19275994+4918065,11455428,,,,,,,11.21,
291.8649164,49.325869,26541175,19272758+4919333,11455181,,,,,,,,
289.1995995,49.3056404,299158566,19164790+4918205,11450414,,,,,,,,
286.8085258,49.3164211,399860444,19071403+4918590,11446443,,,,,,,,
285.5575066,49.3300866,350813882,19021380+4919482,11444514,,,,,,,,
284.4334642,49.3051239,267667295,18574403+4918185,11442793,,,,,,,,
297.2852168,49.2124526,28090925,19490839+4912448,11415243,,,,,,,26.3,
296.7541629,49.2087085,27914290,19470099+4912314,11413812,,,,,,,,
292.1801539,49.202481,424815791,19284322+4912089,11403530,,,,,,,,
292.0847866,49.2374206,26583640,19282034+4914149,11403339,,,,,,,29.79,
291.9361615,49.2539473,26541079,19274468+4915143,11403044,,,,,,,,
291.9069862,49.262076,26541093,19273768+4915433,11402995,,,,,,,,
291.2562253,49.2589288,350810559,19250148+4915322,11401767,,,,,,,,
291.2501859,49.2318073,350810590,19250004+4913545,11401755,,,,,,,,
290.9576363,49.2037262,417676802,19234981+4912137,11401182,,,,,,,40.42,
286.8527157,49.2616668,399860388,19072463+4915420,11394027,,,,,,,22.25,
296.4644914,49.1828952,27847814,19455148+4910584,11360571,,,,,,,,
296.2005506,49.1400304,27774415,19444814+4908244,11359879,,,,,,,,
295.626564,49.130411,27530849,19423038+4907495,11358389,,,,,,,20.93,
294.6802199,49.1401106,27235573,19384326+4908245,11356260,,,,,,,21.24,
287.5849352,49.1547328,399953998,19102037+4909172,11342416,,,,,,,9.39,
284.6162253,49.1907438,48448706,18582788+4911269,11337833,,,,,,,,
284.4227535,49.1061907,267667467,18574145+4906224,11337566,,,,,,,11.13,
284.2969363,49.1585983,267570317,18571126+4909312,11337372,,,,,,,,
296.8520316,49.0844359,27914560,19472449+4905040,11308499,,,,,,,,
295.5549918,49.0172956,27530621,19421321+4901024,11304958,,,,,,,,
294.8526163,49.0574468,27239856,19392463+4903268,11303322,,,,,,,,
292.0134714,49.0191267,26583944,19280321+4901088,11297236,,,,,,,23.69,
291.0323102,49.0402129,417676622,19240775+4902249,11295426,,,,,,,,
287.0570731,49.0460112,399911496,19081368+4902456,11288505,,,,,,,,
286.7527322,49.0648788,399860218,19070067+4903536,11288051,,,,,,,,
285.3662532,49.0448172,279917996,19012789+4902415,11285870,,,,,,,,
284.566954,49.0127077,267667567,18581605+4900451,11284772,,,,,,,,
294.8351052,48.9823204,27239696,19392044+4858564,11250587,,,,,,,17.26,
292.1373281,48.9171579,26584080,19283296+4855018,11244682,,,,,,,4.16,
291.8478341,48.9681664,26540675,19272347+4858052,11244137,,,,,,,,
290.6365144,48.9961494,290034635,19223277+4859458,11241912,,,,,,,,
293.2882949,48.8116114,26817863,19330918+4848418,11193263,,,,,,,12.03,
293.1600977,48.8812074,26814955,19323844+4852522,11192998,,,,,,,23.81,
291.2556226,48.8469171,350811132,19250134+4850490,11189311,,,,,,,4.93,
285.2324786,48.8066963,48506742,19005578+4848241,11179076,,,,,,,32.83,
284.2513637,48.8095962,267569980,18570031+4848346,11177707,,,,,,,,
284.2233265,48.8317229,267570002,18565359+4849543,11177676,,,,,,,25.76,
284.1326058,48.8251452,48421060,18563183+4849304,11177543,,,,,,,,
283.068651,48.8021209,48217852,18521647+4848075,11176166,,,,,,,,
283.0398448,48.8253303,48217868,18520955+4849312,11176127,,,,,,,,
298.4568899,48.7915925,267989336,19534964+4847297,11153539,,,,,,,,
298.2948708,48.7754,28448998,19531078+4846316,11153121,,,,,,,,
292.16706,48.7275345,26584326,19284009+4843393,11138155,,,,,,,,
290.6937988,48.7014417,290034960,19224649+4842053,11135308,,,,,,,,
289.664394,48.706165,416283848,19183945+4842223,11133306,,,,,,,,
286.3385562,48.7442697,405719110,19052120+4844387,11127479,,,,,,,19.06,
285.3138209,48.72527,279917678,19011531+4843309,11125797,,,,,,,7.7,
283.2091605,48.7776156,48304302,18525019+4846395,11122894,,,,,,,23.75,
282.3947017,48.7591334,48132154,18493470+4845329,11121752,,,,,,,,
294.8661073,48.6389923,27239111,19392788+4838203,11090556,,,,,,,20,
292.9291693,48.6028303,26751563,19314299+4836101,11086270,,,,,,,,
289.8589165,48.6938077,267669725,19192612+4841378,11080405,,,,,,,,
287.3265292,48.6733443,399951991,19091838+4840243,11075737,,,,,,,17.25,
287.1302407,48.665347,399913391,19083126+4839553,11075429,,,,,,,,
286.7156676,48.6452552,399826741,19065175+4838430,11074835,,,,,,,,
285.7907395,48.6832431,377782184,19030976+4840597,11073351,,,,,,,,
298.6249797,48.57745,264508014,19542997+4834388,11046458,,,,,,,31.71,
297.3915863,48.5606875,28089606,19493398+4833384,11043167,,,,,,,,
295.4823299,48.5244695,27529656,19415577+4831280,11037818,,,,,,,,
295.2886934,48.5997243,27458633,19410928+4835589,11037335,,,,,,,,
293.0844515,48.5753645,26751527,19322027+4834314,11032227,,,,,,,,
292.3514917,48.5110714,424864368,19292435+4830398,11030711,,,,,,,,
290.8517961,48.5213243,417659078,19232442+4831168,11027624,,,,,,,17.96,
286.5806115,48.5442312,399826842,19061934+4832391,11019987,,,,,,,14.05,
285.7185682,48.5058038,377782363,19025244+4830210,11018648,,,,,,,,
283.507219,48.552633,48353203,18540174+4833093,11015323,,,,,,,,
283.3402948,48.549062,48305629,18532166+4832565,11015108,,,,,,,22.43,
283.2070156,48.5805222,48304460,18524967+4834498,11014932,,,,,,,,
298.1147862,48.4943834,28361491,19522754+4829398,10990917,,,,,,,,
298.1061315,48.4016448,28361088,19522536+4824041,10990886,,,,,,,34.22,
297.4795142,48.418582,28229515,19495507+4825068,10989274,,,,,,,,
295.6486585,48.4955191,27644083,19423569+4829440,10984090,,,,,,,15.73,
295.1190067,48.4813635,27394293,19402853+4828526,10982872,,,,,,,9.72,
290.9274282,48.4434588,417660580,19234258+4826367,10973814,,,,,,,22.9,
286.3675188,48.4238906,405719448,19052819+4825261,10965588,,,,,,,24.03,
285.6626752,48.4353251,377782430,19023904+4826073,10964440,,,,,,,,
284.9105256,48.4315896,48450382,18593851+4825539,10963242,,,,,,,,
284.7862158,48.4232622,48450369,18590868+4825236,10963065,,,,,,,11.78,
298.5508922,48.3325405,264508613,19541219+4819568,10937029,,,,,,,,
297.2778906,48.3203542,28089143,19490671+4819131,10933561,,,,,,,,
293.8902214,48.3360926,27009720,19353364+4820100,10924562,,,,,,,,
293.0705754,48.387679,26751240,19321694+4823158,10922659,,,,,,,31.5,
290.0258783,48.3359227,267749620,19200622+4820094,10916600,,,,,,,12.3,
285.8993164,48.307285,405685914,19033581+4818262,10909127,,,,,,,23.7,
285.3469737,48.3122283,279917282,19012326+4818441,10908248,,,,,,,,
283.7457695,48.373469,48354224,18545899+4822242,10905911,,,,,,,22.55,
283.6282602,48.3908081,48353358,18543080+4823277,10905746,,,,,,,,
283.255507,48.3552474,48304653,18530131+4821188,10905239,,,,,,,,
298.9591432,48.2578295,416529246,19555019+4815281,10881457,,,,,,,,
298.6624419,48.2488659,264508835,19543896+4814555,10880507,,,,,,,,
297.028162,48.2086019,27988327,19480677+4812309,10875245,,,,,,,22.35,
296.8372475,48.2399695,27916356,19472094+4814238,10874614,,,,,,,,
296.3855467,48.2334177,27905500,19453253+4814004,10873260,,,,,,,,
296.2860853,48.2246328,27772524,19450867+4813288,10872983,,,,,,,,
293.2822344,48.2859173,26817004,19330772+4817092,10864656,,,,,,,,
293.2302333,48.2813901,26815908,19325525+4816529,10864531,,,,,,,21.66,
292.8321598,48.2193376,26750065,19311971+4813096,10863608,,,,,,,,
290.7476903,48.2419838,417659456,19225944+4814312,10858832,,,,,,,18.57,
290.6761874,48.2942362,290035455,19224227+4817394,10858691,,,,,,,25.75,
288.8552821,48.208517,299033074,19152526+4812307,10854768,,,,,,,,
288.7549029,48.226203,299033092,19150117+4813343,10854555,,,,,,,,
288.7499866,48.2771163,299033164,19145999+4816378,10854546,,,,,,,,
282.460502,48.2570293,48188777,18495052+4815256,10843590,,,,,,,30.28,
282.3705675,48.259234,48131702,18492890+4815334,10843431,,,,,,,18.47,
296.8229326,48.1077628,27987264,19471749+4806271,10810838,,,,,,,23.4,
291.9342748,48.141676,26539443,19274421+4808299,10797460,,,,,,,22.58,
290.9739057,48.1782059,417660218,19235374+4810413,10795103,,,,,,,6.79,
290.5523552,48.1262575,290035649,19221257+4807345,10794087,,,,,,,,
290.2015581,48.1857799,406948151,19204838+4811089,10793172,,,,,,,,
288.1624396,48.165153,298892283,19123900+4809545,10788461,,,,,,,16.85,
282.2368006,48.1542016,48131596,18485684+4809154,10777591,,,,,,,,
296.6148615,48.0825642,351188824,19462756+4804575,10744335,,,,,,,,
293.9476365,48.0652589,27010191,19354742+4803549,10736489,,,,,,,2.56,
291.4079141,48.0178915,26416803,19253787+4801044,10730070,,,,,,,33.92,
291.3908469,48.0655392,26416742,19253381+4803561,10730034,,,,,,,25.05,
288.7930651,48.040176,299032847,19151032+4802248,10723750,,,,,,,10.93,
288.6178715,48.0983639,299032517,19142829+4805542,10723367,,,,,,,,
288.2327232,48.0021967,298965827,19125585+4800078,10722485,,,,,,,,
285.4750512,48.0348356,279917005,19015401+4802057,10717220,,1.451,,,,,1.43,
283.7870875,48.0296019,48353902,18550888+4801464,10714072,,,,,,,10.98,
283.5329505,48.0943604,48353636,18540790+4805393,10713616,,,,,,,,
281.3225917,48.0664955,47976987,18451741+4803594,10709622,,,,,,,,
296.1207272,47.9214736,27771842,19442897+4755173,10676824,,,,,,,18.33,
293.6230451,47.9619127,270695341,19342954+4757428,10669994,,,,,,,,
292.24719,47.9695429,424865156,19285935+4758102,10666592,,,,,,,,
290.9792378,47.9889097,417659970,19235503+4759204,10663396,,,,,,,,
286.1255037,47.9475586,158175366,19043013+4756514,10653179,,,,,,,13.52,
297.7865467,47.8861542,28230581,19510878+4753100,10617017,,,,,,,7.39,
297.7001786,47.8637046,273376082,19504805+4751495,10616679,,,,,,,21.81,
297.3288329,47.815459,273047792,19491893+4748556,10615440,,,,,,,,
293.711436,47.8874467,26961214,19345072+4753151,10604592,,,,,,,35.43,
292.3760942,47.8809596,63204017,19293027+4752515,10601284,,,,,,,,
292.2477819,47.8784257,63204022,19285947+4752424,10600955,,,,,,,,
291.971429,47.8640498,63070427,19275314+4751510,10600261,,,,,,,,
291.5544735,47.8144362,159727092,19261307+4748521,10599206,,,,,,,,
289.2172051,47.8841427,158984573,19165219+4753040,10593626,,,,,,,19.25,
289.1826808,47.8733301,158984590,19164383+4752241,10593535,,,,,,,,
285.8884067,47.880364,158108219,19033320+4752493,10587105,,,,,,,,
285.4241593,47.8345586,351908051,19014182+4750046,10586208,,,,,,,,
285.3111845,47.8484775,164999822,19011470+4750549,10586004,,,,,,,,
285.2211238,47.8813037,48505882,19005306+4752529,10585852,,,,,,,,
285.1568015,47.8732512,164834500,19003765+4752239,10585738,,,,,,,,
283.7107463,47.8631748,164557360,18545061+4751477,10583066,,,,,,,,
280.69092,47.8096702,123129877,18424584+4748350,10577994,,,,,,,,
298.6636163,47.7619329,268057162,19543929+4745433,10554999,,,,,,,16.53,
297.9707271,47.7316041,273681580,19515301+4743540,10552611,,,,,,,30.77,
296.9687937,47.7514799,272841734,19475251+4745053,10549023,,,,,,,,
293.1465698,47.7297053,275486985,19323515+4743467,10538176,,,,,,,,
290.5436836,47.7259073,159393734,19221047+4743331,10531955,,,,,,,19.49,
288.868246,47.75947,158839841,19152837+4745339,10528068,,,,,,,,
288.3021104,47.7756227,158662813,19131248+4746319,10526887,,,,,,,,
288.1382985,47.7245642,158662352,19123318+4743280,10526549,,,,,,,,
287.3781164,47.7711541,158489091,19093073+4746162,10525077,,,,,,,,
287.3640804,47.7853043,158489110,19092737+4747067,10525049,,,,,,,30.63,
280.6414331,47.7520581,123129910,18423392+4745069,10513530,,,,,,,,
296.2320536,47.6788626,272279981,19445571+4740442,10482160,,,,,,,,
295.7921797,47.6000699,271877992,19431012+4736003,10480915,,,,,,,,
292.3374945,47.6641732,63204326,19292101+4739511,10471515,,,,,,,11.31,
291.3021458,47.6976573,159726559,19251253+4741519,10468940,,,,,,,,
291.2789549,47.6875766,159726546,19250696+4741155,10468885,,,,,,,,
287.7808115,47.6298453,158561894,19110739+4737476,10460984,,,,,,,15,
284.2572531,47.6889081,164723136,18570173+4741202,10454313,,,,,,,,
283.8852196,47.6371507,164557694,18553242+4738139,10453588,,,,,,,,
299.1275257,47.5938319,268704766,19563060+4735377,10426656,,,,,,,,
296.8136883,47.5265446,272840455,19471528+4731357,10418224,,,,,,,,
292.9552704,47.5730433,240177285,19314926+4734231,10407482,,,,,,,11.45,
291.771603,47.5299192,63069779,19270519+4731476,10404582,,,,,,,,
288.8314251,47.5519753,158840095,19151953+4733071,10397751,,,,,,,25.78,
287.6081777,47.5096893,158489787,19102596+4730348,10395381,,,,,,,,
283.4291536,47.5923973,164525250,18534298+4735330,10387742,,,,,,,,
282.983621,47.5783897,164456041,18515610+4734429,10386984,,,,,,,42.14,
282.9455384,47.5749181,164456037,18514696+4734295,10386922,,,,,,,,
281.6629579,47.5685927,123358827,18463911+4734069,10384798,,,,,,,,
299.5833362,47.4481244,269029175,19582001+4726531,10363115,,,,,,,,
298.8988313,47.4630696,268382450,19553570+4727471,10360722,,,,,,,,
298.348382,47.4913021,273875635,19532359+4729284,10358759,,,,,,,,
297.0148111,47.486417,272842268,19480356+4729111,10354039,,,,,,,,
296.1313474,47.4388098,272080244,19443153+4726197,10351231,,,,,,,,
292.1939846,47.4570808,63203294,19284655+4727255,10340423,,,,,,,40.42,
291.0628615,47.484789,159642390,19241510+4729052,10337517,,,,,,,23.79,
290.957913,47.4062673,159642269,19234989+4724226,10337258,,,,,,,6.87,
288.7507112,47.4909206,158839043,19150017+4729273,10332213,,,,,,,,
287.2977834,47.455488,158412890,19091144+4727195,10329469,,,,,,,,
287.1349405,47.4886251,158394902,19083237+4729190,10329196,,,,,,,,
281.1947316,47.4972606,123309556,18444674+4729496,10318874,,,,,,,,
297.6509281,47.3962246,273377282,19503622+4723466,10290666,,,,,,,,
296.1834239,47.3587776,272279290,19444402+4721315,10285631,,,,,,,18.5,
291.1973006,47.3077545,159643991,19244735+4718280,10272442,,,,,,,,
288.6706571,47.3991249,158838923,19144096+4723569,10266615,,,,,,,23.87,
288.3278778,47.381538,158731243,19131869+4722537,10265898,,,,,,,33.29,
287.708814,47.33305,158561566,19105011+4719589,10264660,,,,,,,,
281.5699998,47.3986233,123358019,18461678+4723553,10253547,,,,,,,,
298.3183909,47.2794824,273876171,19531640+4716461,10227020,,,,,,,,
296.5875182,47.207129,272597196,19462101+4712257,10220837,,,,,,,26.46,
294.3262617,47.2175461,270959184,19371832+4713034,10214162,,,,,,,,
294.2413053,47.2759642,270959279,19365791+4716335,10213902,,,,,,,,
293.7258092,47.2469219,270696519,19345420+4714493,10212441,,,,,,,,
290.0432936,47.2578857,159226202,19201039+4715287,10203349,,,,,,,,
297.7232008,47.1126833,273378026,19505355+4706455,10158729,,,,,,,,
297.3931183,47.1645814,273129679,19493436+4709526,10157458,,,,,,,,
296.8086813,47.1718557,272839596,19471407+4710190,10155434,,,,,,,22.56,
296.4960493,47.1827848,272597130,19455907+4710583,10154388,,,,,,,20.73,
292.1445534,47.1573604,63130782,19283467+4709264,10141900,,,,,,,,
290.0605123,47.1639533,159226052,19201451+4709502,10136549,,,,,,,,
288.4796333,47.1017438,158730884,19135511+4706063,10132832,,,,,,,,
283.3360156,47.1744499,164524311,18532065+4710283,10122538,,,,,,,24.2,
283.1846044,47.1557114,164456891,18524430+4709204,10122255,,,,,,,,
299.6758812,47.0758234,269030207,19584220+4704330,10098844,,,,,,,,
298.493273,47.0130566,274198958,19535839+4700469,10094670,,,,,,,13.28,
297.1242915,47.0369876,272843289,19482983+4702132,10089911,,,,,,,,
293.8656181,47.0268148,270790652,19352774+4701365,10080248,,,,,,,,
291.5344017,47.0424958,159728250,19260825+4702330,10074466,,,,,,,,
289.9564415,47.0203466,159225841,19194956+4701134,10070468,,,,,,,,
289.1346298,47.063018,158985675,19163231+4703467,10068659,,,,,,,,
286.6854729,47.0981948,158322296,19064452+4705535,10063802,,,,,,,,
286.3869335,47.0165188,158270841,19053286+4700598,10063208,,,,,,,,
283.4357392,47.0667983,164525743,18534458+4704006,10057494,,,,,,,3.65,
282.0612731,47.0854984,351898154,18481470+4705077,10055126,,,,,,,,
297.9168433,46.9651146,273592336,19514005+4657544,10028792,,,,,,,,
297.5098911,46.9614121,273373488,19500236+4657405,10027323,,,,,,,,
297.2709026,46.9284743,273045068,19490501+4655423,10026502,,,,,,,,
296.7558056,46.9982799,272601000,19470138+4659538,10024701,,,,,,,10.16,
296.552761,46.9661945,272596598,19461273+4657586,10024051,,,,,,,,
295.2978883,46.9204303,271548206,19411149+4655136,10020423,,,,,,,,
295.025662,46.9559536,271424111,19400616+4657216,10019708,,,,,,,,
295.0027458,46.9873389,271355638,19400067+4659143,10019643,,,,,,,27.24,
294.4783627,46.9458638,271040328,19375480+4656451,10018233,,,,,,,,
293.6441248,46.9896696,270619473,19343460+4659231,10015937,,,,,,,,
291.282031,46.9659514,159725400,19250769+4657575,10010440,,,,,,,,
289.7317067,46.953875,159172027,19185560+4657137,10006581,,,,,,,,
289.3414629,46.988155,159051209,19172193+4659176,10005758,,,,,,,,
288.839278,46.9867472,158840828,19152144+4659122,10004738,,,,,,,25.58,
288.7340513,46.939363,158838278,19145618+4656218,10004519,,,,,,,,
287.0862799,46.9457998,158394286,19082071+4656449,10001368,,,,,,,23.51,
286.8194349,46.9117837,158322085,19071664+4654420,10000941,,,,,,,13.06,
283.7977792,46.9310139,164558338,18551147+4655516,9995771,,,,,,,,
281.6940529,46.946521,123359347,18464655+4656472,9992325,,,,,,,,
299.5259832,46.8992561,268935452,19580623+4653573,9973109,,,,,,,,
297.9381813,46.8813194,273591945,19514517+4652530,9967771,,,,,,,25.13,
297.2590664,46.843165,273044848,19490218+4650354,9965439,,,,,,,,
297.0683931,46.8342497,272843763,19481641+4650034,9964801,,,,,,,,
296.2776587,46.8998006,272278272,19450665+4653594,9962455,,,,,,,,
294.4627362,46.8214022,271040560,19375104+4649172,9957627,,,,,,,18.59,
293.8813592,46.8388172,270790313,19353153+4650199,9956082,,,,,,,,
293.6792058,46.8527337,270619260,19344300+4651099,9955598,,,,,,,34.81,
289.1426847,46.8129656,158986028,19163424+4648464,9945370,,,,,,,,
287.1010275,46.8964033,158394235,19082426+4653473,9941859,,,,,,,,
286.9713876,46.8682463,158324245,19075308+4652061,9941662,,,,,,,,
297.711553,46.7679816,273378908,19505077+4646048,9907129,,,,,,,,
296.8034146,46.7411011,272601590,19471282+4644281,9904006,,,,,,,10.11,
294.866924,46.7904816,271355270,19392805+4647260,9898447,,,,,,,8.37,
294.6969361,46.7202043,271253848,19384726+4643127,9898017,,,,,,,,
294.4556567,46.7435353,271040678,19374937+4644370,9897364,,,,,,,,
294.1688142,46.7146161,270854155,19364051+4642525,9896558,,,,,,,,
293.5777958,46.7362953,270619059,19341866+4644108,9895006,,,,,,,,
292.8698348,46.7418679,63453366,19312876+4644306,9893318,,,,,,,,
292.6780488,46.7266813,63293562,19304273+4643361,9892816,,,,,,,7.25,
290.0511468,46.7134077,159225367,19201226+4642481,9886661,,,,,,,16.79,
289.9214256,46.7445267,159174926,19194115+4644404,9886361,,,,,,,20.8,
289.8696232,46.7296855,159174942,19192871+4643469,9886255,,,,,,,,
289.4240357,46.7260823,159050852,19174175+4643342,9885417,,,,,,,19.39,
288.469107,46.7836464,158730471,19135258+4647012,9883606,,,,,,,14.08,
287.3694056,46.7681473,158487888,19092867+4646055,9881662,,,,,,,24.01,
286.483626,46.7526182,158270568,19055607+4645094,9880190,,,,,,,,
282.2130447,46.7177898,123445166,18485110+4643041,9873254,,,,,,,,
281.8973341,46.7227061,123413463,18473534+4643214,9872831,,,,,,,,
298.9503634,46.6928437,268387099,19554807+4641340,9851662,,,,,,,,
297.3750954,46.6622201,273131021,19493002+4639439,9845898,,,,,,,,
294.8309749,46.6595768,271253957,19391944+4639345,9838468,,,,,,,26.33,
294.5335974,46.6182365,271165854,19380805+4637057,9837685,,,,,,,25.36,
294.528597,46.6408737,271165895,19380686+4638274,9837661,,,,,,,43.02,
294.496955,46.6896733,271040768,19375927+4641231,9837578,,,,,,,,
294.2772343,46.6752351,270958237,19370654+4640310,9836959,,,,,,,,
293.9815378,46.687728,270790035,19355557+4641158,9836149,,,,,,,10.25,
292.3074315,46.626579,63205796,19291378+4637359,9832208,,,,,,,31.27,
290.5861316,46.6427486,159395366,19222066+4638336,9828127,,,,,,,,
290.1761688,46.6983036,159301148,19204228+4641540,9827149,,,,,,,,
289.4317294,46.6174978,159050690,19174360+4637031,9825625,,,,,,,,
289.1954229,46.6516055,158986227,19164690+4639061,9825174,,,,,,,,
288.9925529,46.6706513,158936201,19155822+4640147,9824805,,,,,,,,
288.250611,46.6794847,158664221,19130013+4640465,9823519,,,,,,,19.25,
288.236664,46.6058744,158664331,19125680+4636213,9823487,,,,,,,21.07,
288.2119707,46.6150461,158664318,19125086+4636540,9823457,,,,,,,,
287.0394932,46.6401677,158393923,19080948+4638244,9821454,,,,,,,,
286.4822566,46.692456,158270511,19055574+4641328,9820483,,,,,,,,
282.3635315,46.6752384,123447451,18492724+4640308,9813499,,,,,,,,
297.4808253,46.5891373,273372570,19495542+4635209,9785921,,,,,,,8.14,
290.067994,46.5791535,159225155,19201631+4634449,9766437,,,,,,,,
289.8591023,46.5227429,159175206,19192619+4631216,9765975,,,,,,,,
288.5616269,46.5361247,158786851,19141476+4632097,9763612,,,,,,,11.21,
288.4176803,46.5904531,158730203,19134024+4635255,9763348,,,,,,,,
287.5696516,46.5679011,158490928,19101671+4634042,9761882,,,,,,,,
287.4029864,46.5740084,158487658,19093670+4634263,9761615,,,,,,,,
282.3012505,46.5161814,123447592,18491229+4630583,9753154,,,,,,,3.2,
294.9489697,46.4388673,271354634,19394766+4626191,9718066,,,,,,,37.19,
294.9115874,46.4914718,271354748,19393877+4629292,9717943,,,,,,,12.52,
294.3416065,46.4987624,270957896,19372199+4629555,9716391,,,,,,,17.26,
294.0575681,46.4409844,270854684,19361383+4626277,9715631,,,,,,,,
293.6193001,46.4134015,270618467,19342862+4624480,9714550,,,,,,,,
287.9680995,46.4705959,158625687,19115235+4628142,9702006,,,,,,,17.84,
287.9371747,46.4184781,158625761,19114493+4625065,9701962,,,,,,,,
284.5936858,46.4497364,164781116,18582249+4626591,9696358,,,,,,,17.11,
297.3394624,46.3472165,273131845,19492146+4620501,9664142,,,,,,,,
297.0454037,46.3286653,272844987,19481090+4619433,9663113,,,,,,,,
294.6481708,46.3923173,271165395,19383555+4623325,9656252,,,,,,,17.82,
294.0054181,46.3106625,270789362,19360129+4618383,9654468,,,,,,,21.36,
293.6688776,46.3792321,270618386,19344052+4622453,9653622,,,,,,,,
292.672471,46.3772776,63362217,19304141+4622387,9651234,,,,,,,,
292.4996101,46.3243406,63289452,19295991+4619278,9650808,,,,,,,,
292.0443891,46.3289723,63072565,19281065+4619444,9649706,,,,,,,,
289.6038379,46.3149097,159054620,19182492+4618538,9643874,,,,,,,,
288.7669819,46.3944497,158837572,19150407+4623399,9642292,,,,,,,,
288.2805801,46.3408747,158664692,19130732+4620272,9641481,,,,,,,,
285.0570943,46.3206074,164836049,19001370+4619144,9636135,,,,,,,,
282.6296334,46.3232807,123495874,18503111+4619240,9631995,,,,,,,,
298.3848866,46.2759867,274017990,19533235+4616337,9607164,,,,,,,,
297.9516071,46.2647024,273685548,19514837+4615529,9605514,,,,,,,5.48,
297.1487941,46.2969247,273043474,19483571+4617490,9602613,,,,,,,,
295.4128785,46.2665801,271662623,19413907+4615592,9597345,,,,,,,,
293.7164655,46.2266878,270698316,19345194+4613358,9592705,,,,,,,13.57,
293.0377331,46.2775223,240178935,19320905+4616390,9590976,,,,,,,,
292.3539624,46.2262465,63206411,19292494+4613346,9589323,,,,,,,,
290.1196007,46.2737393,159301821,19202871+4616257,9583881,,,,,,,,
287.8872376,46.2761224,158625964,19113295+4616344,9579641,,,,,,,16.34,
282.7868415,46.2449846,164407908,18510883+4614419,9570741,,,,,,,26.12,
282.1178211,46.2239547,123444694,18482828+4613261,9569711,,,,,,,13.23,
299.6604865,46.1984679,269032792,19583851+4611543,9549648,,,,,,,7.61,
294.1533505,46.1663976,270855225,19363680+4609591,9532052,,,,,,,10.39,
293.7280695,46.1291139,270698499,19345473+4607449,9530945,,,,,,,10.45,
293.2135155,46.1751457,275575525,19325125+4610304,9529744,,,,,,,,
292.4870063,46.196187,63289259,19295686+4611463,9527915,,,,,,,,
287.4776359,46.1411685,158487108,19095463+4608282,9517393,,,,,,,,
297.4144457,46.0608077,273132601,19493945+4603389,9480535,,,,,,,,
297.3523076,46.0959309,273132513,19492455+4605453,9480310,,,,,,,,
297.0456122,46.0273893,272845785,19481095+4601385,9479273,,,,,,,,
294.5668577,46.0757312,271164778,19381606+4604328,9472000,,,,,,,15.37,
294.5589885,46.0623952,271164755,19381420+4603443,9471974,,,,,,,,
293.3116962,46.0416516,275575346,19331480+4602301,9468551,,,,,,,,
292.8722515,46.098729,63452310,19312934+4605559,9467404,,,,,,,,
292.58042,46.0973588,63362772,19301930+4605506,9466668,,,,,,,14.92,
292.4779428,46.022821,63288941,19295471+4601222,9466429,,,,,,,21.19,
289.0775348,46.0051696,158935283,19161861+4600187,9458613,,,,,,,,
288.9240901,46.0575865,158842046,19154176+4603274,9458343,,,,,,,,
287.4711817,46.0805706,158487028,19095309+4604503,9455677,,,,,,,,
285.1899439,46.0280596,164881786,19004559+4601406,9451706,,,,,,,9.76,
284.5557853,46.0638865,164725204,18581337+4603497,9450647,,,,,,,8.3,
282.4229401,46.0139761,123448077,18494152+4600504,9447166,,,,,,,,
296.0642702,45.9767647,272083669,19441541+4558366,9415172,,,,,,,,
295.1753619,45.9308594,271546110,19404209+4555512,9412623,,,,,,,,
294.613689,45.9846265,271164596,19382727+4559046,9411166,,,,,,,,
294.5132465,45.9816453,271042217,19380317+4558539,9410930,,,,,,,19.81,
293.0181882,45.9147063,240179452,19320438+4554528,9406990,,,,,,,,
287.7938184,45.9802492,158559861,19111052+4558488,9395719,,,,,,,,
287.4052661,45.917979,158486842,19093727+4555048,9395024,,,,,,,,
285.4354695,45.975959,351909828,19014452+4558336,9391506,,,,,,,,
285.2467607,45.95011,164891482,19005920+4557007,9391208,,,,,,,19,
284.9219608,45.9723265,164832454,18594123+4558206,9390653,,,,,,,,
299.8617842,45.8274232,269270853,19592683+4549384,9366617,,,,,,,,
299.2370531,45.8347781,268612417,19565686+4550049,9364609,,,,,,,23.92,
299.1362435,45.8699582,268612521,19563267+4552117,9364290,,,,,,,,
296.0540705,45.8270447,272083995,19441297+4549373,9353742,,,,,,,22.46,
294.6940261,45.866809,271255614,19384657+4552006,9349757,,,,,,,20.46,
294.5956256,45.8750556,271164394,19382298+4552301,9349482,,,,,,,,
294.0230229,45.8530535,270788519,19360552+4551110,9347899,,,,,,,,
300.1023512,45.7621918,239277658,20002456+4545437,9305831,,,,,,,,
293.7432102,45.7615507,270699185,19345838+4545417,9285568,,,,,,,,
293.6297645,45.7406293,270617233,19343114+4544263,9285265,,,,,,,,
291.5852554,45.7158742,62999585,19262044+4542568,9280239,,,,,,,22.74,
291.3546278,45.7478551,159723305,19252511+4544524,9279669,,,,,,,,
290.5921293,45.7372184,159396818,19222209+4544136,9277896,,,,,,,10.05,
287.6354587,45.7160327,158492133,19103251+4542578,9272070,,,,,,,,
287.4527659,45.7043964,158486560,19094866+4542158,9271752,,,,,,,,
285.967897,45.7390789,158112888,19035229+4544206,9269281,,,,,,,,
283.5742181,45.7348003,164527012,18541781+4544052,9264949,,,,,,,,
300.3440482,45.6231826,239287622,20012257+4537235,9244508,,,,,,,,
296.196155,45.6343124,272275278,19444707+4538035,9230021,,,,,,,,
296.0756231,45.6270165,272084528,19441816+4537374,9229657,,,,,,,,
291.2503022,45.6550536,159646633,19250006+4539182,9216775,,,,,,,25.73,
288.2076012,45.6834463,158665571,19124983+4541005,9210387,,,,,,,,
287.7982699,45.6567655,158559417,19111156+4539241,9209624,,,,,,,,
285.691955,45.6893993,352013661,19024607+4541218,9205938,,,,,,,,
285.6737597,45.6398375,352013607,19024170+4538235,9205907,,,,,,,,
300.9354067,45.5964836,185062313,20034449+4535475,9183378,,,,,,,15.19,
296.3931945,45.568533,272366748,19453436+4534068,9166862,,,,,,,,
293.0571982,45.5511266,275490218,19321373+4533042,9157634,,,,,,,,
287.9179379,45.5928829,158626833,19114030+4535343,9146018,,,,,,,21.28,
285.5547895,45.578842,352013543,19021315+4534438,9141746,,,,,,,,
285.3490542,45.5561768,164891054,19012375+4533222,9141355,,,,,,,,
300.3161723,45.4953271,239287963,20011589+4529434,9117416,,,,,,,15.86,
296.0642944,45.4285986,272085033,19441543+4525430,9101496,,,,,,,15.1,
295.9049795,45.4054296,272073436,19433720+4524195,9100953,,,,,,,,
293.2045009,45.4353919,275490412,19324908+4526074,9092504,,,,,,,29.15,
290.8714239,45.4102813,159520040,19232913+4524370,9086251,,,,,,,10.24,
290.5903907,45.4396955,159439931,19222169+4526229,9085563,,,,,,,,
286.3600604,45.4142664,158269049,19052642+4524514,9077124,,,,,,,,
286.2716827,45.4408055,158212755,19050519+4526269,9076971,,,,,,,26.48,
286.0049121,45.4803043,158113449,19040119+4528494,9076513,,,,,,,,
283.5967317,45.4078654,164555061,18542320+4524283,9072190,,,,,,,,
283.2920273,45.4339813,164522726,18531011+4526028,9071593,,,,,,,,
282.6998783,45.4257884,123496782,18504798+4525327,9070666,,,,,,,,
295.9261101,45.383869,272073383,19434226+4523019,9034103,,,,,,,,
295.0485389,45.3426781,271427581,19401164+4520336,9031209,,,,,,,6.31,
293.9739359,45.3507167,270787590,19355374+4521025,9027909,,,,,,,,
293.5738933,45.3844919,270616541,19341774+4523043,9026749,,,,,,,,
293.2815266,45.3096572,275574174,19330757+4518348,9025971,,,,,,,,
291.880018,45.3878419,63066763,19273121+4523165,9022166,,,,,,,21.2,
291.5080318,45.3700933,159762011,19260195+4522125,9021075,,,,,,,,
289.5063796,45.3709728,159096688,19180152+4522155,9015738,,,,,,,10.73,
287.8055442,45.3405371,158559018,19111333+4520259,9011825,,,,,,,20.04,
286.9497376,45.3537626,158325998,19074793+4521137,9009953,,,,,,,16.95,
286.5436691,45.3048716,158274583,19061047+4518175,9009036,,,,,,,9.69,
283.754777,45.335125,164559875,18550115+4520066,9003401,,,,,,,,
283.2125621,45.3496992,164458488,18525105+4520595,9002278,,,,,,,29.9,
297.7119299,45.261985,273383120,19505084+4515429,8972058,,,,,,,13.83,
294.9735313,45.2136867,271352188,19395364+4512492,8962094,,,,,,,,
294.266325,45.2042317,270955277,19370392+4512155,8959839,,,,,,,,
291.2042027,45.2383344,159647359,19244900+4514182,8951205,,,,,,,,
291.074684,45.242544,159580625,19241792+4514333,8950853,,,,,,,16.19,
284.2096557,45.258082,164670571,18565031+4515290,8935810,,,,,,,,
283.5441984,45.2256548,164527535,18541059+4513319,8934495,,,,,,,,
283.345611,45.2743573,164522561,18532297+4516280,8934103,,,,,,,,
295.3496546,45.1145372,271665352,19412392+4506523,8895758,,,,,,,,
294.1891824,45.1515263,270857274,19364542+4509056,8892157,,,,,,,,
294.043399,45.1398201,270857293,19361041+4508232,8891684,,19.794,,,,,19.63,
293.7968548,45.1607261,270700335,19351124+4509386,8890924,,,,,,,,
293.7471107,45.1071981,270700432,19345930+4506259,8890783,,,,,,,26.12,
291.841341,45.179185,63066410,19272191+4510450,8885643,,,,,,,,
291.0923621,45.1155087,159580427,19242216+4506559,8883593,,,,,,,,
290.995205,45.192188,159580535,19235886+4511319,8883329,,,,,,,,
289.8287452,45.1026883,159177232,19191890+4506099,8880123,,,,,,,,
289.0009451,45.1542968,158934047,19160021+4509153,8878187,,,,,,,,
286.7485252,45.1587234,158320130,19065965+4509314,8873450,,3.39,,,,,3.36,
283.1618831,45.198336,164458639,18523886+4511539,8866137,,,,,,,,
300.2066441,45.0182402,239275865,20004946+4501053,8845205,,,,,,,,
294.6129869,45.060174,271162671,19382712+4503366,8826168,,,,,,,24.69,
294.5536825,45.0813011,271162715,19381291+4504530,8826007,,,,,,,35.18,
294.1038932,45.0013533,270857590,19362494+4500051,8824737,,,,,,,28.74,
293.2300178,45.053364,275573748,19325518+4503119,8822366,,,,,,,,
286.0471442,45.0532038,158172348,19041131+4503115,8806123,,,,,,,,
285.6558336,45.0794516,352012975,19023742+4504464,8805348,,,,,,,,
285.0360506,45.0709909,164831457,19000866+4504158,8804283,,,,,,,,
283.4532068,45.0840729,164527695,18534876+4505029,8801316,,,,,,,,
283.2568116,45.0876823,164522394,18530163+4505159,8800954,,,,,,,,
300.3323404,44.9861065,239289191,20011977+4459100,8780959,,,,,,,,
298.2026236,44.9258585,273866337,19524862+4455329,8773015,,,,,,,,
294.3363936,44.9182296,270954695,19372075+4455058,8760040,,,,,,,,
293.6393065,44.9825447,270615772,19343345+4458571,8758204,,,,,,,,
293.5004955,44.9324455,270521167,19340011+4455568,8757824,,,,,,,7.47,
291.8481764,44.9682807,63066101,19272353+4458056,8753657,,,,,,,,
291.2250888,44.9272918,159647910,19245404+4455385,8751933,,,,,,,,
291.1732806,44.9210836,159647919,19244159+4455160,8751796,,,,,,,6.49,
288.5151733,44.9232545,158789121,19140364+4455236,8745553,,,,,,,,
286.9668086,44.9924315,158326424,19075204+4459329,8742590,,,,,,,39.57,
284.7780883,44.9167513,164785771,18590674+4455004,8738775,,,,,,,,
284.7548499,44.95605,164785720,18590116+4457217,8738735,,,,,,,8.09,
282.2501047,44.921002,123417850,18490005+4455160,8733898,,,,,,,,
298.9368228,44.8578644,268481319,19554489+4451284,8711794,,,,,,,,
296.0071956,44.8535698,272172942,19440169+4451123,8700771,,,,,,,,
293.2609013,44.8688656,275573429,19330262+4452080,8692861,,,,,,,,
292.0204349,44.8762427,63074840,19280490+4452343,8689793,,,,,,,,
291.8419337,44.858124,63065911,19272207+4451291,8689373,,,,,,,,
291.7172776,44.8873466,63000832,19265215+4453143,8689031,,,,,,,,
290.7300141,44.836128,159451957,19225519+4450100,8686373,,,,,,,5.32,
290.6249953,44.8737757,159452015,19223006+4452262,8686097,,,,,,,,
290.4120774,44.8993227,159386728,19213888+4453575,8685497,,,,,,,,
288.8865895,44.8394672,158843824,19153279+4450223,8681833,,,,,,,28.39,
288.8339659,44.838198,158843826,19152016+4450176,8681734,,,,,,,,
288.4474035,44.8017616,158727691,19134737+4448060,8680979,,,,,,,,
300.4310076,44.7510129,239307743,20014344+4445036,8653134,,,,,,,5.05,
298.0954404,44.7370612,273690208,19522290+4444134,8644365,,,,,,,,
298.0794448,44.746248,273690178,19521906+4444467,8644288,,,,,,,16.4,
296.022301,44.7326691,272173269,19440534+4443575,8636600,,,,,,,16.19,
295.9755645,44.7133739,271970605,19435413+4442484,8636434,,,,,,,10.06,
295.9482766,44.753096,271970692,19434758+4445112,8636333,,,,,,,,
294.3909489,44.7629523,271044777,19373385+4445466,8631504,,,,,,,,
294.1081465,44.7706524,270858032,19362596+4446145,8630788,,,,,,,,
293.4548441,44.7927823,270521439,19334916+4447340,8628973,,,,,,,,
293.3722109,44.7851812,275573295,19332934+4447064,8628758,,,,,,,27.38,
292.2203009,44.6999902,63126989,19285287+4442001,8625925,,,,,,,,
290.216689,44.7795863,159304134,19205200+4446468,8620402,,,,,,,17.47,
288.9555263,44.705707,158844032,19154931+4442205,8617363,,,,,,,,
286.9712284,44.7082669,158326744,19075310+4442298,8613535,,,,,,,,
286.5747697,44.7951858,158275161,19061795+4447427,8612847,,,,,,,,
286.0261113,44.7828571,158114249,19040626+4446583,8611832,,,,,,,,
286.0029904,44.7565551,158114283,19040071+4445237,8611781,,,,,,,,
285.7174414,44.7583487,279913347,19025218+4445303,8611257,,,,,,,26.85,
284.6772402,44.7976401,164779321,18584254+4447516,8609450,,,,,,,,
301.5430397,44.6056251,185336831,20061031+4436202,8591693,,,,,,,,
299.2216728,44.6939033,268608781,19565318+4441379,8583696,,,,,,,,
297.9541684,44.6674491,273690421,19514899+4440029,8578780,,,,,,,21.21,
296.5166659,44.6086233,272491028,19460399+4436309,8573193,,,,,,,,
296.4358022,44.6415369,272369124,19454459+4438296,8572936,,,,,,,,
295.6292745,44.6905815,271770315,19423102+4441262,8570333,,,,,,,43.32,
293.882901,44.6380717,270786157,19353190+4438171,8565266,,,,,,,,
291.653163,44.6882613,63001143,19263676+4441177,8559644,,,,,,,16.22,
291.4742443,44.6834119,159763320,19255383+4441006,8559152,,,,,,,,
291.0571451,44.632306,159579593,19241372+4437565,8558011,,,,,,,,
290.8241931,44.6472832,159521326,19231780+4438498,8557374,,,,,,,,
289.8312418,44.6098415,159178000,19191949+4436355,8554701,,,,,,,,
288.9716297,44.6246451,158933249,19155319+4437283,8552719,,,,,,,,
286.2246453,44.6544869,158213683,19045391+4439160,8547429,,,,,,,,
284.8280577,44.6086451,164786156,18591872+4436314,8544992,,,,,,,30.85,
283.8450963,44.6090251,164560648,18552283+4436327,8543100,,,,,,,,
282.3775397,44.694569,123449386,18493060+4441405,8540376,,,,,,,,
296.1589897,44.5630457,272272564,19443816+4433472,8507475,,,,,,,10.68,
291.8812445,44.5557587,63010574,19273150+4433206,8495415,,,,,,,,
291.5788505,44.5316825,159763595,19261895+4431541,8494617,,,,,,,,
291.5494119,44.5272788,159763602,19261186+4431382,8494542,,,,,,,,
291.4945795,44.5234227,159763612,19255870+4431246,8494410,,,,,,,,
291.3877397,44.5290465,159721091,19253306+4431447,8494142,,,,,,,,
290.6011085,44.5563604,159441326,19222427+4433229,8492026,,,,,,,19.69,
290.3581592,44.5187225,159384648,19212595+4431075,8491277,,,,,,,,
285.2956462,44.5527542,164889945,19011098+4433099,8481129,,,,,,,42.43,
284.9724842,44.5674794,164830907,18595340+4434031,8480582,,,,,,,,
284.7882977,44.5916225,164786172,18590919+4435300,8480285,,,,,,,,
300.4882018,44.4606698,239306899,20015716+4427384,8459663,,,,,,,12.02,
299.7047433,44.4357068,269119490,19584914+4426087,8456679,,,,,,,,
294.9805416,44.4252384,271350547,19395534+4425310,8439323,,,,,,,25.37,
293.7419543,44.4482521,270701667,19345800+4426539,8435766,,12.588,,,,,,
291.8863206,44.4790319,63010445,19273272+4428443,8430964,,,,,,,,
291.2681037,44.4881624,159721015,19250434+4429174,8429314,,,,,,,,
289.2744976,44.4704056,158989438,19170588+4428129,8424002,,,,,,,9.33,
285.703595,44.4221528,279913760,19024883+4425192,8417078,,,,,,,,
285.4106549,44.4122318,351911398,19013855+4424439,8416523,,,,,,,19.51,
284.6753857,44.4177225,164778883,18584209+4425039,8415200,,,,,,,,
282.2001207,44.4222795,123417308,18484802+4425202,8410727,,,,,,,,
282.1856949,44.4344617,123417316,18484459+4426041,8410697,,,,,,,,
281.2957984,44.4654063,123312978,18451099+4427554,8409295,,,,,,,,
301.5785316,44.3121639,185335907,20061885+4418438,8397947,,,,,,,,
300.864006,44.3375497,184997417,20032735+4420151,8395660,,,,,,,22.51,
300.5171067,44.3815508,239306681,20020411+4422536,8394721,,,,,,,4.71,
297.0191018,44.3274936,272940104,19480459+4419390,8381204,,,,,,,,
296.8948517,44.3717429,272719153,19473476+4422184,8380709,,,,,,,,
292.42737,44.3812406,63286249,19294257+4422525,8367113,,,,,,,,
290.4714596,44.3870422,159441621,19215312+4423135,8361905,,,,,,,,
289.6079433,44.3454347,159098316,19182590+4420435,8359498,,,,,,,16.57,
286.1185888,44.3452063,158171456,19042848+4420430,8352537,,,,,,,33.75,
284.4824281,44.397891,164726946,18575579+4423529,8349582,,,,,,,17.11,
281.2797173,44.3154743,123235018,18450713+4418559,8344004,,,,,,,,
301.2786852,44.2505116,185184560,20050688+4415019,8331612,,,,,,,8.08,
298.4501035,44.2840193,274126997,19534802+4417024,8321314,,,,,,,26.08,
296.003752,44.2775861,272174474,19440088+4416392,8311864,,,,,,,,
289.3473634,44.2084445,159046962,19172334+4412307,8292840,,,,,,,7.33,
287.4774867,44.2374702,158484518,19095458+4414150,8288947,,,,,,,,
284.2194566,44.2685146,164671591,18565266+4416067,8282846,,,,,,,19.79,
283.0029316,44.284108,164414655,18520071+4417032,8280511,,,,,,,,
281.7663511,44.2924898,123362050,18470393+4417331,8278371,,,,,,,33.53,
300.7324154,44.1070231,184998205,20025577+4406254,8263545,,,,,,,,
299.9656619,44.1608805,239238425,19595175+4409392,8260902,,,,,,,,
298.9721472,44.1323499,268483792,19555332+4407565,8257205,,,,,,,17.85,
298.6356478,44.1709388,268159158,19543255+4410153,8255887,,,,,,,,
294.4843821,44.1669355,271046092,19375625+4410008,8240904,,,,,,,,
294.4536991,44.1457626,271046140,19374888+4408447,8240797,,,,,,,19.53,
292.7734523,44.178088,63449012,19310561+4410412,8235924,,,,,,,,
291.9336573,44.1154992,63076026,19274407+4406558,8233702,,,,,,,,
291.1987905,44.1662033,159649308,19244771+4409584,8231667,,22.487,,,,,21.81,
290.825835,44.1838993,159522175,19231824+4411027,8230616,,,,,,,,
290.503599,44.1436249,159442087,19220086+4408368,8229696,,,,,,,18.06,
289.5947633,44.1418114,159098652,19182274+4408310,8226994,,,,,,,36.96,
287.5931997,44.1794278,158494681,19102237+4410459,8222813,,,,,,,19.69,
285.6729033,44.1167513,352011875,19024148+4407002,8219268,,,,,,,,
280.5116813,44.1593503,123126460,18420282+4409336,8210018,,,,,,,,
300.9295551,44.028671,185057567,20034310+4401436,8197343,,,,,,,,
299.7964955,44.0892448,269264648,19591114+4405215,8193178,,,,,,,,
299.4070341,44.0350387,268823307,19573768+4402061,8191672,,,,,,,,
297.3473326,44.0269249,273138666,19492337+4401370,8183288,,,,,,,23.7,
294.8438103,44.0776872,271259677,19392251+4404396,8174625,,,,,,,27.99,
292.7144796,44.0822816,63366291,19305146+4404564,8168187,,,,,,,,
291.2429746,44.0086337,159649595,19245834+4400313,8164257,,,,,,,36.02,
291.1451576,44.0624715,159649503,19243484+4403451,8164012,,,,,,,,
290.7351869,44.091262,159450616,19225643+4405287,8162789,,,,,,,,
290.3227098,44.0358625,159381747,19211746+4402089,8161561,,,,,,,,
289.0968274,44.004364,158931258,19162324+4400157,8158127,,,,,,,,
288.153973,44.0688154,158657354,19123695+4404077,8156120,,,,,,,4.91,
285.5577888,44.0108221,352011765,19021387+4400388,8151055,,,,,,,,
280.8015188,44.0339733,123202589,18431237+4402023,8142787,,,,,,,,
299.8973341,43.9040667,269263934,19593533+4354140,8125580,,,,,,,,
298.8163801,43.9980203,268302011,19551593+4359529,8121310,,,,,,,,
295.1637592,43.9630716,271430806,19403931+4357469,8107380,,,,,,,,
295.1099549,43.9151012,271430916,19402638+4354547,8107225,,,,,,,,
294.4948769,43.9135575,271046694,19375876+4354490,8105398,,,,,,,19.78,
292.369585,43.9108663,63210324,19292869+4354389,8099138,,,,,,,,
291.0286411,43.9137055,159578257,19240686+4354492,8095441,,,,,,,21.34,
288.0764082,43.9584839,158635959,19121835+4357305,8087812,,,,,,,,
284.9630591,43.9130282,164830125,18595112+4354468,8082001,,,,,,,,
284.9057222,43.9491434,164830162,18593737+4356569,8081905,,,,,,,,
284.5320743,43.9898971,164727404,18580770+4359238,8081239,,,,,,,,
284.510214,43.9615628,164727439,18580244+4357419,8081187,,,,,,,,
283.1319153,43.956005,164459883,18523165+4357214,8078502,,,,,,,,
282.4922622,43.9802442,123490545,18495813+4358487,8077137,,,,,,,13.07,
280.3148152,43.9856885,351799800,18411557+4359085,8073806,,,,,,,,
280.2495197,43.9150665,351766604,18405986+4354542,8073705,,,,,,,22.39,
299.8211502,43.8142793,269263577,19591707+4348513,8056665,,,,,,,,
297.5885341,43.8411937,273238089,19502124+4350283,8047428,,,,,,,,
296.6368878,43.8027948,272488625,19463284+4348100,8043638,,,,,,,,
296.3079895,43.8213706,272270522,19451390+4349168,8042453,,,,,,,,
295.5360628,43.8844116,271767300,19420867+4353040,8039892,,,,,,,8.91,
294.6679021,43.8532104,271159950,19384031+4351117,8037145,,,,,,,34.22,
294.6325781,43.8076687,271159855,19383181+4348276,8037038,,,,,,,,
294.3853917,43.8254461,271046907,19373249+4349316,8036287,,,,,,,18.86,
292.395373,43.8691326,63285279,19293489+4352086,8030339,,,,,,,,
292.3215174,43.8811723,63210391,19291716+4352522,8030148,,,,,,,,
291.080133,43.8601911,159578156,19241923+4351367,8026752,,,,,,,,
290.6852287,43.8596155,159450182,19224445+4351346,8025596,,,,,,,,
289.6512597,43.8244445,159106207,19183630+4349279,8022489,,,,,,,,
289.553232,43.876116,159099116,19181278+4352342,8022244,,,,,,,,
287.4389454,43.8320052,158434144,19094540+4349555,8017703,,,,,,,,
286.9453381,43.8228023,158385035,19074687+4349219,8016691,,,,,,,,
285.1828685,43.8310283,164884235,19004386+4349519,8013439,,,,,,,10.24,
282.3919451,43.8894167,123450224,18493406+4353216,8008067,,,,,,,19.68,
282.1405603,43.8964934,123416753,18483373+4353476,8007644,,,,,,,,
280.2583709,43.8357433,351766517,18410201+4350087,8004903,,,,,,,,
299.8517779,43.7320611,269263219,19592443+4343558,7987866,,,,,,,,
298.6738034,43.7955099,268160366,19544170+4347437,7983117,,,,,,,,
297.5083004,43.7110543,273237673,19500199+4342394,7978202,,29.991,,,,,29.59,
297.2789115,43.7239693,273036401,19490693+4343264,7977197,,,,,,,,
292.1685422,43.7795963,63125460,19284045+4346468,7960980,,,,,,,34.7,
288.435718,43.7634712,158726129,19134457+4345485,7951018,,,,,,,,
288.2545808,43.7048379,158668572,19130109+4342175,7950644,,,,,,,,
283.3748873,43.7883708,164464070,18532995+4347176,7941200,,,,,,,17.37,
282.4391402,43.7344291,123490277,18494540+4344041,7939330,,,,,,,,
281.9605834,43.7030386,351803524,18475055+4342112,7938496,,,,,,,,
280.2066276,43.7743281,351766445,18404958+4346274,7935997,,7.577,,,,,7.45,
297.2121215,43.643789,273036122,19485091+4338373,7908367,,,,,,,13.8,
296.8241065,43.6248197,272716898,19471778+4337295,7906827,,,,,,,,
295.4174725,43.6056117,271669275,19414019+4336203,7901948,,,,,,,,
294.3169307,43.6292436,270951852,19371607+4337456,7898352,,,,,,,,
283.1354742,43.6567036,164460208,18523251+4339253,7871954,,,,,,,40.69,
281.9712347,43.6727839,351803495,18475309+4340219,7869917,,,,,,,,
299.5618676,43.5035173,268924036,19581485+4330128,7849854,,,,,,,14.79,
297.7242257,43.5272796,273499989,19505382+4331387,7841925,,,,,,,,
296.9235822,43.5664628,272716728,19474166+4333592,7838675,,,,,,,6.18,
293.288022,43.5149061,275571034,19330912+4330539,7826620,,,,,,,12.88,
289.5685257,43.5385438,159099716,19181647+4332190,7815744,,,,,,,,
286.2717162,43.5952037,158215023,19050521+4335428,7808587,,,,,,,,
283.1209268,43.5255701,164460347,18522905+4331323,7802719,,,,,,,30.63,
299.1695093,43.4410533,268604100,19564068+4326279,7778767,,,,,,,,
299.1376276,43.4984724,268604336,19563306+4329551,7778621,,,,,,,,
299.0975167,43.4975851,268604331,19562340+4329513,7778437,,,,,,,,
296.2935173,43.4032189,272269239,19451045+4324117,7767162,,,,,,,,
295.4757022,43.4931119,271669616,19415417+4329352,7764367,,,,,,,,
294.9971007,43.4358698,271348323,19395933+4326093,7762723,,,,,,,,
294.6323978,43.4004526,271158887,19383177+4324016,7761545,,,,,,,,
292.7573088,43.4268439,63373862,19310175+4325368,7755636,,,,,,,3.09,
290.6640856,43.4997866,159449495,19223938+4329594,7749773,,,,,,,22.67,
289.8750066,43.4209318,159180076,19193000+4325154,7747457,,,,,,,,
289.8615609,43.4727412,159179987,19192677+4328219,7747425,,,,,,,,
287.663331,43.4713782,158551360,19103921+4328172,7742408,,26.63,,,,,26.12,
281.6336936,43.4115547,123362984,18463208+4324416,7731281,,,,,,,,
298.0230967,43.3634761,273694712,19520554+4321486,7703955,,,,,,,,
298.0029203,43.3545882,273694735,19520070+4321165,7703882,,,,,,,,
297.2717207,43.3330644,273035189,19490525+4319599,7700622,,,,,,,33.4,
294.5270634,43.3681317,271158815,19380650+4322053,7690844,,,,,,,,
292.9655071,43.346345,240183442,19315172+4320470,7685981,,,,,,,,
290.8723061,43.3330104,159571280,19232934+4319588,7679812,,,,,,,9.03,
289.6975391,43.3719581,159105397,19184739+4322195,7676423,,,,,,,30,
288.660826,43.3681938,158796434,19143858+4322051,7673841,,,,,,,,
287.8793899,43.3640752,158630233,19113105+4321506,7672097,,,,,,,,
287.3456737,43.3783894,158432813,19092297+4322421,7670943,,,,,,,5.14,
286.2858998,43.3205085,158215347,19050864+4319136,7668663,,,,,,,,
283.6307971,43.3793638,164552984,18543138+4322458,7663691,,,,,,,,
297.6644677,43.2489903,273500946,19503948+4314562,7629518,,,,,,,,
296.9811361,43.2097025,272943597,19475544+4312351,7626506,,,,,,,,
296.9520797,43.2720233,272715773,19474849+4316190,7626370,,,,,,,14.89,
295.502673,43.2326992,271763415,19420064+4313580,7620413,,,,,,,,
292.7846013,43.21601,63373449,19310830+4312575,7610663,,,,,,,10.32,
290.9953825,43.2438792,159576968,19235888+4314381,7605093,,,,,,,,
287.7626791,43.2743929,158556108,19110304+4316279,7596240,,,,,,,,
287.2954015,43.2798677,158423850,19091090+4316475,7595157,,,,,,,30.92,
282.6994685,43.2727437,123499118,18504788+4316218,7585481,,,,,,,,
282.2397185,43.2440854,123416041,18485752+4314385,7584650,,,,,,,,
281.1123072,43.2277663,123231081,18442696+4313400,7582689,,,,,,,16.16,
297.3012497,43.1418313,273141643,19491231+4308307,7549209,,,,,,,,
295.8874773,43.1559952,271966200,19433300+4309218,7542813,,,,,,,,
293.7191177,43.1245756,270704515,19345259+4307285,7534267,,,,,,,,
292.2873012,43.1972542,63211674,19290895+4311502,7529266,,,,,,,,
290.3264599,43.121755,159375845,19211836+4307186,7522911,,,,,,,22,
288.4211892,43.179773,158725179,19134109+4310472,7517261,,,,,,,2.04,
287.838419,43.1531776,158630552,19112123+4309116,7515762,,,,,,,,
287.8072115,43.1888008,158555987,19111373+4311196,7515679,,,,,,,,
285.8305091,43.198377,279915288,19031930+4311542,7510820,,,,,,,32.5,
283.1038438,43.1480487,164460740,18522492+4308529,7504778,,,,,,,,
282.6573891,43.1625334,123499226,18503777+4309450,7503885,,,,,,,,
296.7463986,43.0454207,272707494,19465914+4302435,7463685,,,,,,,,
295.6513819,43.0297781,271762145,19423636+4301473,7458762,,,,,,,,
295.3081524,43.0444026,271539239,19411395+4302398,7457296,,,,,,,,
294.9510368,43.0124348,271347291,19394824+4300447,7455981,,,,,,,,
293.5422586,43.0260555,270611599,19341014+4301339,7450747,,,,,,,,
293.2005664,43.0500379,275494550,19324814+4303001,7449541,,,,,,,,
293.0794629,43.073677,275494505,19321907+4304253,7449136,,,,,,,,
291.9518784,43.0746172,63119782,19274845+4304289,7445445,,,,,,,,
290.1222112,43.085407,159307214,19202936+4305080,7439316,,,,,,,,
286.3782987,43.0732287,158218731,19053078+4304237,7429240,,,,,,,27.8,
285.7227502,43.0094855,279915521,19025345+4300341,7427764,,,,,,,11.53,
282.1355875,43.0391951,123415819,18483252+4302207,7419318,,,,,,,,
295.8254663,42.9433716,271958892,19431812+4256362,7376983,,,,,,,,
295.4042546,42.9812789,271671025,19413704+4258531,7375348,,,,,,,,
294.9096739,42.9351987,271347119,19393833+4256069,7373451,,,,,,,29.38,
293.5863887,42.9288624,270611401,19342073+4255440,7368664,,,,,,,,
292.2349191,42.9094618,63212231,19285638+4254340,7364176,,,,,,,18.23,
287.5264859,42.9129356,158552258,19100633+4254464,7350067,,3.514,,,,,3.45,
286.3615236,42.9638889,158218591,19052677+4257501,7347246,,,,,,,,
297.4600468,42.8398172,273234664,19495040+4250237,7303253,,,,,,,,
294.0839282,42.8095104,270862497,19362014+4248345,7289577,,,,,,,35.68,
293.767386,42.8291562,270705258,19350417+4249451,7288444,,,,,,,,
293.7271604,42.8067119,270705307,19345452+4248243,7288306,,,,,,,,
293.4689924,42.8223582,270525576,19335256+4249206,7287415,,,,,,,,
292.9582727,42.8548909,240184288,19314996+4251176,7285757,,,,,,,,
290.3272423,42.8982283,159311390,19211855+4253538,7277317,,,,,,,,
287.773573,42.8692755,158555483,19110565+4252094,7269974,,,,,,,,
285.7994917,42.8117427,279915745,19031186+4248424,7265298,,,,,,,,
282.9569197,42.8255589,164413187,18514966+4249322,7259298,,,,,,,,
282.3355387,42.8453417,123451321,18492055+4250435,7257966,,,,,,,,
296.9985853,42.7819633,272944990,19475966+4246550,7219825,,,,,,,,
296.2038586,42.7778165,272184502,19444891+4246401,7216284,,,,,,,,
296.0472937,42.7429414,272178989,19441136+4244348,7215603,,,,,,,7.16,
295.2392569,42.7264842,271538318,19405742+4243353,7212184,,,,,,,,
295.054238,42.7568316,271433874,19401302+4245246,7211469,,,,,,,,
294.9855607,42.7277355,271346561,19395651+4243396,7211221,,,,,,,,
294.9660027,42.7085608,271346509,19395185+4242308,7211141,,,,,,,,
293.8241813,42.779648,270705374,19351783+4246469,7207061,,,,,,,,
293.2173563,42.7205846,275569511,19325217+4243145,7204981,,,,,,,,
285.8693277,42.7279996,158167159,19032862+4243411,7183745,,,,,,,16.89,
281.9156128,42.7755535,123409401,18473976+4246318,7175184,,,,,,,8.1,
296.0598685,42.6560582,272179260,19441436+4239217,7133294,,,,,,,,
295.9463854,42.6588324,271964647,19434714+4239321,7132798,,,,,,,,
295.6935734,42.6094543,271959909,19424645+4236342,7131760,,,,,,,18.19,
292.3159795,42.6262429,63212809,19291584+4237345,7119481,,,,,,,,
291.9641255,42.6961308,63120475,19275139+4241461,7118364,,,,,,,,
288.5882888,42.6056644,158792743,19142120+4236203,7107802,,,,,,,,
287.0874563,42.6686537,158388625,19082099+4240072,7103919,,,,,,,16.76,
286.4527949,42.6577891,158218178,19054864+4239283,7102316,,,,,,,,
286.4100307,42.6815137,158218214,19053839+4240535,7102227,,,,,,,32.38,
285.7284757,42.6544651,279915941,19025483+4239163,7100673,,,,,,,,
284.6579709,42.6526751,164730843,18583789+4239096,7098355,,,,,,,,
284.4903166,42.6482636,164728985,18575767+4238538,7097965,,,,,,,9.28,
281.2985305,42.6856727,123314844,18451164+4241087,7091432,,,,,,,,
296.4673039,42.5987984,272375343,19455215+4235555,7050989,,,,,,,,
295.5912652,42.5552261,271759028,19422190+4233188,7047207,,,,,,,,
295.3298254,42.5349698,271537714,19411916+4232058,7046035,,,,,,,,
293.8901979,42.5279413,270781284,19353364+4231408,7040629,,,,,,,,
291.8235292,42.5161945,63006978,19271763+4230583,7033671,,,,,,,,
295.7661979,42.4242822,271960465,19430387+4225274,6962977,,,,,,,,
295.5678578,42.4781064,271758442,19421631+4228418,6962109,,,,,,,,
291.960662,42.4329567,63120970,19275056+4225588,6949061,,,,,,,,
291.0206823,42.4624633,159575346,19240496+4227447,6946199,,,,,,,,
289.4415238,42.4981476,159043952,19174595+4229532,6941084,,,,,,,,
288.230615,42.4136181,158722119,19125534+4224490,6937692,,,,,,,,
288.1639687,42.4810124,158722002,19123935+4228518,6937529,,,,,,,,
288.1160421,42.4403832,158633475,19122785+4226255,6937402,,,,,,,,
287.9163029,42.4372666,158631683,19113992+4226142,6936909,,,,,,,,
286.6041816,42.4403309,158278132,19062500+4226251,6933567,,,,,,,,
284.9285796,42.4223085,164828419,18594285+4225203,6929841,,,,,,,14.7,
282.3328312,42.4638125,123451768,18491987+4227497,6924203,,,,,,,,
281.5614578,42.4504087,123316231,18461474+4227018,6922710,,,,,,,13.52,
281.2881335,42.4510975,123233041,18450914+4227038,6922244,,,,,,,7.46,
296.397542,42.3969273,272376022,19453540+4223489,6880517,,,,,,,24.03,
296.1040313,42.3425818,272180236,19442497+4220334,6879171,,,,,,,10.09,
294.1378921,42.3704075,270863576,19363310+4222138,6871071,,,,,,,,
293.1273357,42.3200578,275496016,19323057+4219123,6867555,,,,,,,,
287.242641,42.3014185,158426969,19085824+4218049,6849310,,,,,,,,
287.1305782,42.3501533,158388163,19083133+4221005,6849046,,,,,,,,
286.2516039,42.3784353,158216580,19050039+4222425,6846911,,,,,,,,
284.287147,42.3555784,164674711,18570891+4221202,6842682,,,,,,,27.39,
282.1113206,42.3545514,123415040,18482671+4221162,6838050,,,,,,,,
298.1772916,42.2370289,273778951,19524253+4214133,6803202,,,,,,,,
294.3667312,42.2526408,271050878,19372801+4215096,6786348,,,,,,,,
294.2809679,42.2909295,270948636,19370743+4217274,6786037,,,,,,,,
292.530546,42.2145765,63214893,19300733+4212527,6779726,,,,,,,9.11,
291.0336333,42.2678448,159574927,19240807+4216042,6774880,,,,,,,,
288.9612535,42.2650472,158923465,19155069+4215540,6768394,,,,,,,,
288.7718287,42.2131694,158794459,19150523+4212475,6767840,,,,,,,,
288.3203979,42.2613874,158722379,19131690+4215411,6766634,,,,,,,,
286.830312,42.2791434,158316612,19071928+4216451,6762829,,,,,,,,
286.3592066,42.2273971,158217620,19052621+4213389,6761777,,,,,,,40.37,
283.7640396,42.2220992,164646094,18550337+4213198,6755944,,,,,,,,
281.8980828,42.2858185,123408849,18473554+4217091,6752002,,,,,,,29.79,
281.8314296,42.298891,123408863,18471954+4217560,6751874,,,,,,,,
297.9447714,42.1918449,273507060,19514674+4211307,6716545,,,,,,,,
296.0318985,42.1418634,272180918,19440767+4208310,6707833,,,,,,,,
295.4097409,42.1507935,271752712,19413834+4209029,6705026,,,,,,,,
293.2936129,42.1963497,275568400,19331047+4211468,6696580,,,,,,,,
292.4782785,42.1422821,63214717,19295476+4208322,6693640,,,,,,,,
287.6046621,42.1665104,158553540,19102510+4210004,6678383,,,,,,,,
287.391295,42.194822,158428960,19093389+4211414,6677841,,,,,,,3.24,
282.0046852,42.1764657,351801933,18480110+4210355,6665695,,,,,,,,
295.5761011,42.0233639,271755153,19421825+4201241,6619815,,,,,,,,
294.6741507,42.0756037,271052158,19384178+4204321,6616218,,,,,,,25.58,
294.4872785,42.0069064,271051532,19375695+4200249,6615511,,,,,,,,
292.2866565,42.0725948,63213956,19290877+4204208,6607644,,,,,,,31.92,
292.1996573,42.0459944,63122176,19284793+4202459,6607357,,,,,,,,
291.6067189,42.0359783,63005636,19262561+4202093,6605493,,,,,,,,
289.918589,42.001428,159216808,19194044+4200051,6599975,,,,,,,,
287.2621474,42.0322257,158427808,19090291+4201563,6592335,,,,,,,,
285.3306799,42.0405016,164886812,19011934+4202255,6587796,,,,,,,10.83,
285.1104819,42.0339619,164886497,19002651+4202022,6587280,,,,,,,25.94,
285.0171505,42.085312,164828023,19000413+4205073,6587105,,,,,,,,
284.9685077,42.0791214,164828012,18595244+4204451,6587002,,,,,,,,
284.8384394,42.0703371,164827658,18592121+4204135,6586746,,,,,,,23.21,
283.7705481,42.027203,164646534,18550494+4201380,6584273,,,,,,,17.38,
297.1150949,41.9091092,169175503,19482762+4154328,6541920,,,,,,,,
297.1150949,41.9091092,169175503,19482762+4154328,6541920,,,,,,,,
293.732787,41.9006366,270779644,19345587+4154030,6528464,,,,,,,,
291.3861294,41.9901394,159654016,19253263+4159249,6521045,,,,,,,,
286.8653826,41.9889571,158387462,19072771+4159207,6508221,,,,,,,,
285.3718781,41.9938697,120495241,19012926+4159380,6504954,,,,,,,,
285.1670927,41.9669383,164886585,19004010+4158014,6504534,,,,,,,,
283.8330588,41.9786358,164646661,18551993+4158431,6501635,,,,,,,15.75,
281.6457236,41.9510686,336266673,18463499+4157039,6497146,,,,,,,35.88,
297.3330716,41.8911186,273231214,19491993+4153280,6462863,,,,,,,21.86,
294.6466171,41.8840952,378160351,19383520+4153027,6451936,,,,,,,15.02,
293.7583002,41.871807,138430034,19350200+4152187,6448890,,,,,,,,
291.6467764,41.8846843,137342400,19263522+4153047,6442377,,,,,,,5.83,
291.6346564,41.8338415,137342279,19263232+4150019,6442340,,,,,,,,
287.0664109,41.8749712,121113728,19081593+4152296,6429812,,,,,,,,
286.6088625,41.8892986,120899838,19062613+4153216,6428794,,,,,,,23.7,
285.2866912,41.8609357,399822422,19010890+4151402,6425957,,,,,,,34.71,
283.3684093,41.821839,237157751,18532841+4149186,6422155,,,,,,,25.58,
283.3163671,41.8370942,237157729,18531593+4150136,6422070,,,,,,,,
298.1111779,41.758324,170251516,19522668+4145300,6387542,,,,,,,,
297.2089078,41.781645,169176157,19485015+4146541,6383821,,,,,,,31.4,
297.2014919,41.7301534,169176340,19484837+4143487,6383785,,,,,,,,
293.1650085,41.746184,138097834,19323961+4144464,6368230,,,,,,,,
293.1507654,41.7291532,138097784,19323620+4143452,6368175,,,,,,,,
292.1868271,41.726944,137409501,19284485+4143373,6365156,,,,,,,,
292.0020614,41.7869639,137408775,19280049+4147130,6364582,,,,,,,24.22,
290.2151459,41.775981,122297877,19205164+4146334,6359320,,,,,,,,
286.576016,41.7415762,120900025,19061828+4144292,6349881,,,,,,,,
285.347162,41.761845,120495446,19012332+4145429,6347299,,,,,,,16.82,
284.5656897,41.7784781,120253552,18581576+4146425,6345732,,,,,,,8.2,
283.2645129,41.7114526,237157859,18530348+4142412,6343170,,,,,,,,
282.8631419,41.7966332,377730967,18512716+4147480,6342333,,,,,,,,
298.4811022,41.6152603,170733187,19535546+4136552,6310636,,,,,,,14.54,
294.7669795,41.6446434,378159769,19390407+4138408,6294819,,,,,,,,
293.9297337,41.6029048,138431008,19354313+4136103,6291837,,,,,,,5.69,
293.8781041,41.6617245,138430864,19353074+4139423,6291653,,,,,,,,
293.7084179,41.6151084,138222081,19345002+4136544,6291033,,,,,,,,
293.1802903,41.6177408,138097531,19324327+4137039,6289257,,,,,,,14.03,
292.5474753,41.6429221,137757057,19301140+4138346,6287313,,,,,,,,
289.1041643,41.6901138,121943923,19162501+4141245,6276791,,,,,,,,
288.99418,41.6333125,121795464,19155860+4137598,6276477,,,,,,,31.67,
287.2726117,41.6356009,121114760,19090543+4138080,6272413,,,,,,,,
285.7135,41.6058799,120577770,19025123+4136211,6269070,,,,,,,19.91,
285.4764959,41.6326615,120576846,19015438+4137578,6268648,,,,,,,,
284.9194213,41.6172093,120420633,18594066+4137019,6267535,,,,,,,,
284.5211975,41.6296562,120253745,18580508+4137465,6266741,,,,,,,,
284.0422701,41.6990348,120105633,18561016+4141569,6265792,,,,,,,,
283.986348,41.6505091,120105569,18555672+4139014,6265665,,,,,,,14.59,
282.9975322,41.67859,258202336,18515939+4140427,6263593,,,,,,,12.1,
297.5839183,41.5411993,169466684,19502014+4132284,6226908,,,,,,,22.74,
296.359456,41.5745321,184426431,19452626+4134283,6221385,,,,,,,12.56,
293.941238,41.5904136,138431036,19354587+4135258,6211812,,,,,,,,
293.3002774,41.5233244,138099276,19331205+4131240,6209677,,,,,,,,
292.2339048,41.5751832,137557778,19285614+4134307,6206214,,,,,,,13.3,
292.1328738,41.5474786,137409907,19283191+4132511,6205897,,,,,,,,
291.9127633,41.5335891,351072172,19273906+4132009,6205228,,,,,,,,
289.0860607,41.5630224,121943724,19162065+4133465,6196457,,,,,,,17,
287.154224,41.5657775,121114997,19083703+4133568,6191521,,,,,,,,
285.0648845,41.5548464,120421638,19001557+4133175,6186964,,,,,,,17.72,
284.2739322,41.5349809,120106432,18570575+4132060,6185331,,,,,,,,
284.0566675,41.5767277,120105470,18561360+4134362,6184894,,,,,,,2.62,
283.4018628,41.5161554,237189544,18533646+4130588,6183511,,,,,,,28.78,
299.303559,41.4410233,171971636,19571285+4126275,6153407,,,,,,,18.57,
294.163167,41.4517316,138636741,19363917+4127064,6131236,,,,,,,,
292.4172566,41.4168384,137626872,19294013+4125007,6125481,,,,,,,7.54,
292.1251038,41.4077928,137410211,19283004+4124281,6124512,,,,,,,,
290.1498822,41.4645625,122298422,19203597+4127525,6118370,,,,,,,,
285.3500664,41.4523695,120495880,19012398+4127079,6106282,,,,,,,17.47,
284.9780251,41.4202077,120420344,18595472+4125125,6105462,,,,,,,,
283.9424274,41.4715535,120042828,18554618+4128177,6103377,,,,,,,,
297.2855,41.3055733,169177842,19490851+4118201,6062929,,,,,,,,
296.3546093,41.3355698,184427149,19452510+4120080,6058816,,,,,,,,
293.8799047,41.3938374,138431522,19353117+4123377,6049190,,,,,,,,
293.2624215,41.3650155,138096962,19330298+4121544,6047072,,,,,,,,
293.0925275,41.3555095,137903329,19322220+4121198,6046540,,,,,,,,
290.1314231,41.3814345,122298563,19203156+4122534,6037187,,,,,,,,
289.444752,41.3179652,122066167,19174668+4119039,6035124,,,,,,,27.82,
288.5099994,41.3017465,121729607,19140239+4118063,6032497,,,,,,,,
285.9687099,41.3635264,120688631,19035249+4121488,6026924,,,,,,,15.82,
285.7515347,41.3356739,120578185,19030034+4120083,6026438,,,,,,,28.38,
283.8643937,41.3463859,120042965,18552745+4120472,6022556,,,,,,,,
283.23581,41.343037,237158274,18525659+4120349,6021275,,,,,,,,
283.1920779,41.3054172,258349590,18524609+4118194,6021193,,,,,,,,
282.9734874,41.3217991,258202719,18515362+4119192,6020753,,,,,,,16.16,
297.1992577,41.2264404,169178161,19484782+4113351,5980783,,,,,,,,
296.7071957,41.2036197,360023295,19464973+4112131,5978559,,,,,,,,
296.6627402,41.2611985,360023124,19463905+4115404,5978361,,,,,,,34.66,
296.6171677,41.2811677,360023069,19462814+4116522,5978170,,,,,,,32.36,
296.457702,41.266021,184561612,19454986+4115576,5977470,,,,,,,,
295.2872318,41.2220033,139158696,19410893+4113190,5972334,,,,,,,,
293.6755138,41.2952061,138297129,19344207+4117432,5966322,,,,,,,,
293.626059,41.2728004,138297190,19343024+4116221,5966154,,,,,,,,
293.5198289,41.2773671,138219758,19340476+4116386,5965819,,,,,,,,
292.8852302,41.279169,137900524,19313247+4116452,5963582,,,,,,,,
292.4637788,41.2990438,137627194,19295132+4117566,5962262,,,,,,,,
291.6288086,41.2088351,137340986,19263090+4112309,5959719,,,,,,,,
290.6079736,41.201094,122597885,19222590+4112039,5956656,,,,,,,25.9,
290.5104788,41.244743,122445076,19220251+4114413,5956342,,,,,,,,
285.29193,41.2557275,399821807,19011006+4115205,5942949,,,,,,,23.87,
285.2166767,41.2824449,399821831,19005200+4116567,5942808,,,,,,,24.54,
284.4099503,41.2374928,120252452,18573837+4114148,5941160,,,,,,,19.52,
283.8994187,41.221594,120043084,18553585+4113177,5940165,,,,,,,15.64,
283.3445555,41.2017544,237158408,18532267+4112062,5938970,,,,,,,15.21,
299.351892,41.1957285,171972797,19572445+4111446,5906694,,,,,,,7.82,
299.1604859,41.1437964,171883078,19563851+4108374,5905822,,,,,,,,
296.902784,41.1981424,168812474,19473667+4111534,5895158,,,,,,,6.48,
293.5275797,41.111394,138219367,19340661+4106411,5881813,,,,,,,17.87,
293.4965906,41.1375635,138219428,19335918+4108153,5881688,,,,,,,,
293.3182976,41.1166697,138100223,19331638+4107000,5881120,,,,,,,,
293.0846115,41.1354049,137968594,19322030+4108075,5880320,,,,,,,,
290.3763246,41.1507928,122442545,19213031+4109026,5871985,,,,,,,,
289.3765441,41.1580845,122065885,19173039+4109311,5868793,,,,,,,,
288.6887221,41.1511076,121731834,19144528+4109042,5866724,,,,,,,7.9,
287.9565768,41.1302834,121461701,19114957+4107491,5864975,,,,,,,,
286.2208685,41.1511886,120768052,19045301+4109045,5860968,,,,,,,,
284.6062174,41.196344,120317833,18582549+4111469,5857540,,,,,,,28.58,
284.0945699,41.1828131,120105003,18562270+4110581,5856571,,,,,,,6.22,
297.4537402,41.0110188,169461816,19494889+4100395,5812701,,,,,,,,
296.388767,41.040509,184428068,19453331+4102260,5807769,,,,,,,,
289.8707469,41.0407482,122137575,19192897+4102266,5784777,,,,,,,6.43,
288.5970695,41.0363254,121660826,19142330+4102111,5780930,,,,,,,14.09,
288.5814928,41.0897335,121660904,19141956+4105233,5780885,,,,,,,,
286.2543962,41.0218373,120819731,19050106+4101187,5775129,,,,,,,,
285.9115968,41.0695091,120686620,19033876+4104099,5774349,,,,,,,32.15,
285.3314903,41.0638435,120496423,19011956+4103500,5773121,,,,,,,18.09,
283.8095478,41.0412517,350987771,18551428+4102284,5770074,,,,,,,18.44,
283.2115971,41.0380135,258349285,18525078+4102170,5768816,,,,,,,16.37,
297.5936232,40.9772546,169556484,19502247+4058381,5728139,,,,,,,,
295.1390408,40.9790527,138968107,19403337+4058446,5716932,,,,,,,5.91,
293.1234493,40.9348005,137969066,19322962+4056051,5709725,,,,,,,15.85,
292.1710683,40.9162381,137411225,19284107+4054587,5706595,,,,,,,,
291.9129477,40.9539265,351070059,19273909+4057140,5705819,,,,,,,19.25,
288.5743991,40.9886069,121660779,19141786+4059191,5695524,,,,,,,26.43,
285.9999204,40.9193822,120689253,19035997+4055095,5689351,,,,,,,25.76,
285.7972604,40.9361923,120686458,19031133+4056102,5688910,,,,,,,,
285.7396971,40.9798688,120578712,19025755+4058481,5688790,,,,,,,33.52,
285.6899312,40.9946659,120578688,19024559+4059403,5688683,,,,,,,12.7,
284.4784454,40.9331723,120254625,18575483+4055591,5686174,,,,,,,36.18,
283.257573,40.9904095,237158650,18530182+4059257,5683743,,,,,,,,
299.6595903,40.8438526,172422725,19583830+4050378,5652893,,,,,,,,
297.9529793,40.8067876,170241112,19514871+4048245,5644412,,,,,,,7.4,
295.1581062,40.8988186,138968338,19403794+4053558,5631630,,,,,,,7.12,
294.6147908,40.8331158,377915758,19382755+4049594,5629538,,,,,,,35.88,
294.5577857,40.8504949,377915723,19381389+4051018,5629353,,,,,,,,
292.3150933,40.8387799,137556026,19291562+4050197,5621586,,,,,,,,
292.171185,40.8113849,137411481,19284108+4048409,5621125,,,,,,,,
289.7732613,40.8007019,394174221,19190557+4048026,5613330,,,,,,,,
288.5385574,40.8771276,121660595,19140925+4052375,5609593,,,,,,,,
285.7207618,40.8569116,120578889,19025298+4051250,5602588,,,,,,,,
285.0865387,40.8990506,120422519,19002077+4053563,5601258,,,,,,,17.47,
284.3510523,40.8529319,120252007,18572426+4051107,5599774,,,,,,,,
298.7351131,40.7641262,171098231,19545645+4045509,5562090,,,,,,,,
296.5004384,40.7212069,184559893,19460010+4043164,5551240,,,,,,,,
295.4812018,40.7319316,184009076,19415549+4043551,5546761,,,,,,,,
295.4623336,40.7769335,184008951,19415096+4046371,5546691,,,,,,,,
294.364904,40.7208898,377910183,19372756+4043151,5542466,,,,,,,29.79,
292.2525301,40.7927895,137555923,19290059+4047337,5534941,,,,,,,,
291.19509,40.7027352,137089993,19244681+4042097,5531694,,,,,,,,
290.6583922,40.7785383,122597057,19223801+4046427,5530112,,,,,,,8.31,
289.6793396,40.7004265,394174412,19184304+4042016,5526717,,,,,,,16.98,
287.4660334,40.75842,121272493,19095185+4045304,5520547,,,,,,,,
284.6351885,40.7198296,120317234,18583244+4043113,5514383,,,,,,,7.82,
283.9200236,40.7400419,120043638,18554080+4044244,5513012,,,,,,,20.78,
282.9790593,40.7844188,258203303,18515494+4047036,5511081,,,,,,,,
298.3738383,40.6184483,170647523,19532972+4037063,5474613,,,,,,,,
298.150057,40.6561751,170344769,19523602+4039222,5473556,,,,,,,,
297.4825612,40.6807412,169557750,19495582+4040508,5470739,,,,,,,21.35,
295.4326552,40.6481874,184009313,19414386+4038536,5461440,,,,,,,33.01,
294.2020505,40.6633313,138641300,19364851+4039482,5456651,,,,,,,,
292.5778203,40.6679032,137754713,19301866+4040042,5450893,,,,,,,8.72,
291.1481028,40.669413,122712595,19243554+4040098,5446285,,,,,,,,
290.9498966,40.605197,122707371,19234797+4036187,5445681,,,,,,,,
290.5663221,40.6920756,122446089,19221591+4041313,5444548,,,,,,,13.81,
289.289819,40.6816262,121946404,19170955+4040540,5440317,,,,,,,,
288.7710137,40.6641771,121732589,19150504+4039510,5438757,,,,,,,,
288.5387145,40.6160545,121660143,19140928+4036581,5438099,,,,,,,16.01,
288.4749028,40.6512848,121603086,19135396+4039048,5437945,,,,,,,17.68,
287.8971066,40.6378141,121460918,19113530+4038161,5436502,,,,,,,,
287.7069031,40.6852161,121329580,19104965+4041068,5436013,,,,,,,14.57,
297.2550814,40.5483883,169180792,19490121+4032541,5384079,,,,,,,3.91,
295.300065,40.5565792,139155506,19411202+4033237,5375194,,,,,,,10.1,
295.1025166,40.5723736,138969285,19402457+4034206,5374403,,,,,,,,
294.4418236,40.5716114,377909767,19374603+4034180,5371777,,,,,,,,
294.4418031,40.5575408,377909730,19374602+4033273,5371776,,,,,,,13.9,
293.9335076,40.590704,138433618,19354403+4035266,5369827,,,,,,,12.57,
290.5817432,40.5773106,122596693,19221961+4034386,5358624,,,,,,,,
290.4617926,40.5624966,122446315,19215082+4033448,5358241,,,,,,,,
290.2651662,40.5484937,122300177,19210368+4032551,5357545,,,,,,,38.77,
284.3284866,40.5688741,120251654,18571884+4034080,5342473,,,,,,,,
283.5875459,40.5749018,237191392,18542102+4034297,5340878,,,,,,,35.1,
283.4997537,40.5528053,237188565,18535995+4033100,5340644,,,,,,,30.41,
282.9997682,40.5574322,258203566,18515993+4033268,5339567,,,,,,,,
299.5347603,40.4777528,172372582,19580834+4028399,5308537,,,,,,,27.21,
298.2520208,40.4960842,170646917,19530049+4029458,5301750,,,,,,,20.12,
295.7852423,40.4395753,184162776,19430843+4026223,5289854,,,,,,,,
293.5808607,40.4275396,138299395,19341940+4025388,5281113,,,,,,,12.4,
293.4464227,40.4098813,138217479,19334714+4024356,5280587,,,,,,,7.82,
291.1495269,40.4204569,122713147,19243588+4025138,5272878,,,,,,,,
290.9444679,40.4800528,122707140,19234667+4028481,5272233,,,,,,,12.86,
283.2213438,40.421762,258348597,18525313+4025185,5252423,,,,,,,17.48,
299.2242557,40.343167,171879024,19565383+4020354,5219234,,,,,,,26.12,
298.1188802,40.3750316,170346081,19522853+4022301,5213404,,,,,,,,
298.0834457,40.3462551,170346220,19522001+4020463,5213230,,,,,,,,
297.6513317,40.3524154,169814632,19503634+4021091,5211199,,,,,,,,
295.933471,40.3005515,184247532,19434403+4018020,5202905,,,,,,,,
294.1130368,40.3628861,138575125,19362713+4021466,5195172,,,,,,,18.67,
291.0837644,40.3552252,122713286,19242011+4021189,5184584,,,,,,,,
290.6685136,40.3977086,122596334,19224044+4023517,5183357,,,,,,,,
289.0739641,40.3660239,121865123,19161775+4021576,5177859,,,,,,,7.09,
288.8229001,40.38901,121789066,19151750+4023205,5177104,,,,,,,21.65,
288.0955917,40.365909,121465371,19122295+4021574,5175024,,,,,,,12.39,
283.253527,40.3582155,237159318,18530085+4021295,5164255,,,,,,,,
298.8358277,40.2930714,171502232,19552061+4017353,5128673,,,,,,,,
298.0845087,40.2832525,170346516,19522028+4016597,5125347,,,,,,,11.2,
297.9400971,40.2785566,170236331,19514564+4016430,5124667,,,,,,,10.7,
297.252613,40.288605,169181786,19490062+4017189,5121511,,,,,,,32.79,
296.885724,40.2281717,168816237,19473258+4013416,5120087,,,,,,,7.65,
295.5594278,40.236249,184090767,19421426+4014105,5113822,,,,,,,18.1,
293.7936339,40.241023,138425797,19351045+4014273,5106313,,,,,,,36.41,
290.9916648,40.2293347,122706631,19235800+4013455,5096590,,,,,,,11.02,
290.4999139,40.2877161,122446866,19215996+4017157,5095082,,,,,,,,
290.3926795,40.2849074,122441003,19213425+4017055,5094751,,,,,,,,
289.6785786,40.2496475,394175334,19184285+4014586,5092266,,,,,,,,
288.3969751,40.2131892,121603852,19133528+4012475,5088400,,,,,,,11.85,
286.695153,40.2918894,121013472,19064684+4017305,5084171,,,,,,,,
285.0131082,40.2209547,120418600,19000314+4013147,5080636,,,,,,,34.22,
299.4268472,40.1433462,172370679,19574239+4008357,5044555,,,,,,,,
298.9917165,40.14226,171585303,19555801+4008327,5042210,,,,,,,,
297.9057655,40.1628378,169931288,19513739+4009462,5036705,,,,,,,,
296.846092,40.1385777,239225129,19472307+4008190,5031857,,,,,,,,
294.9917723,40.1443964,138960099,19395802+4008398,5022828,,,,,,,,
294.7768068,40.1537027,138728891,19390644+4009134,5021899,,,,,,,29.76,
294.3735518,40.1946345,377908774,19372964+4011406,5020319,,,,,,,8.85,
291.4055614,40.1254254,137154728,19253733+4007317,5009743,,,,,,,,
290.6332748,40.1369671,122595850,19223199+4008131,5007345,,,,,,,,
289.5483989,40.1641457,122070274,19181161+4009511,5003670,,,,,,,21.38,
284.4594558,40.1424756,120255638,18575026+4008332,4991208,,,,,,,21.78,
283.469299,40.1325185,237188153,18535264+4007573,4989057,,,,,,,33.52,
297.577145,40.0276768,169560572,19501850+4001397,4947556,,,,,,,7.1,
295.8092756,40.0084866,184164097,19431423+4000306,4939346,,,,,,,,
294.1710831,40.0551372,138574253,19364106+4003186,4932442,,,,,,,,
289.3770051,40.0010791,122063936,19173048+4000041,4915638,,,,,,,,
289.0330532,40.0869182,121865605,19160792+4005127,4914566,,,,,,,12.71,
288.9845512,40.0644857,121865656,19155629+4003522,4914423,,,,,,,,
279.2624729,40.0186905,157586003,18370297+4001073,4893865,,,,,,,,
298.2150641,39.9550863,170348142,19525162+3957183,4862625,,,,,,,,
297.7968197,39.9213378,169932440,19511126+3955169,4860678,,,,,,,,
297.0746571,39.9338893,169079027,19481791+3956018,4857213,,,,,,,19.64,
297.042015,39.9121864,169078948,19481009+3954440,4857058,,,,,,,24.88,
296.1125759,39.9787451,184296619,19442701+3958436,4852528,,,,,,,24.37,
295.7855238,39.9078956,184164411,19430852+3954285,4850961,,,,,,,,
295.0020771,39.9528613,138959504,19400048+3957105,4847534,,,,,,,,
293.4270647,39.9423967,138216186,19334248+3956327,4841374,,,,,,,,
291.1118647,39.9490248,122714267,19242685+3956567,4833421,,,,,,,,
290.5767116,39.9568913,122595516,19221841+3957248,4831728,,,,,,,,
284.4722473,39.911889,120255950,18575331+3954425,4815520,,,,,,,18.62,
283.995085,39.9170121,120103486,18555882+3955012,4814502,,,,,,,6.21,
283.6053012,39.9979286,237192046,18542526+3959527,4813563,,,,,,,24.88,
297.4771158,39.8772345,169561256,19495451+3952380,4770617,,,,,,,,
295.429322,39.8865068,184011870,19414304+3953115,4760478,,,,,,,,
294.7101832,39.8250437,378087276,19385044+3949303,4757437,,,,,,,,
290.0907893,39.8169085,122293639,19202179+3949011,4741126,,,,,,,,
288.6949475,39.8830802,121733900,19144680+3952595,4736644,,,,,,,,
288.3953074,39.8725067,121604440,19133486+3952215,4735826,,,,,,,,
283.8664285,39.8981928,120044687,18552792+3953530,4725681,,,,,,,15.32,
296.4037783,39.7227036,184469205,19453689+3943215,4673628,,,,,,,,
294.6646789,39.7838461,378087161,19383952+3947017,4665571,,,,,,,,
294.4899225,39.7714758,377918545,19375757+3946172,4664847,,,,,,,,
292.1042198,39.7678585,137413972,19282502+3946044,4656049,,,,,,,,
290.4931471,39.7855117,122447896,19215835+3947078,4650733,,,,,,,,
290.477406,39.7319975,122447994,19215457+3943552,4650674,,,,,,,,
288.883474,39.7446547,121786521,19153199+3944404,4645174,,,,,,,,
288.6986828,39.7082044,121734202,19144767+3942298,4644604,,,,,,,,
285.4195845,39.7061009,120498491,19014070+3942219,4636578,,,,,,,,
284.0323723,39.7815365,120103325,18560773+3946527,4633570,,,,,,,15.57,
294.1921185,39.6189727,138644215,19364610+3937084,4570949,,,,,,,,
292.1504723,39.6375254,137414304,19283611+3938152,4563268,,,,,,,13.06,
290.1465356,39.6658026,122302031,19203517+3939569,4556468,,,,,,,,
287.4099905,39.6586267,121215807,19093841+3939312,4548098,,,,,,,5.92,
287.3713199,39.6036225,121215710,19092910+3936128,4548011,,,,,,,,
286.3300783,39.6831276,120821730,19051922+3940594,4545570,,,,,,,18.74,
286.1621273,39.6780204,120765800,19043889+3940407,4545187,,,,,,,,
286.0252285,39.6309204,120691237,19040604+3937513,4544907,,,,,,,,
296.4557129,39.598537,184556217,19454938+3935549,4484336,,,,,,,,
296.2151275,39.5270248,184418214,19445164+3931373,4483138,,,,,,,22.11,
295.1933631,39.5396946,138972811,19404641+3932228,4478168,,,,,,,,
294.7106347,39.5216975,378086390,19385054+3931182,4476123,,,,,,,12.52,
294.082697,39.5560655,138572691,19361984+3933219,4473613,,,,,,,10.25,
293.9835827,39.5728474,138477499,19355605+3934223,4473226,,,,,,,15.32,
293.8853557,39.5198348,138477646,19353249+3931113,4472818,,,,,,,10.1,
292.2760929,39.5501136,137552781,19290626+3933006,4466677,,,,,,,,
289.7473165,39.5234131,394176812,19185935+3931244,4458082,,,,,,,,
288.9163997,39.5947523,121785939,19153994+3935409,4455231,,,,,,,16.61,
288.8206058,39.5228712,121785676,19151693+3931221,4454934,,,,,,,,
296.2645118,39.4059745,184417747,19450349+3924214,4385148,,,,,,,,
295.563555,39.41757,184088195,19421525+3925033,4381429,,,,,,,,
293.063315,39.4034052,137972889,19321520+3924124,4370527,,,,,,,18.99,
296.2351072,39.3702865,184417625,19445642+3922132,4282872,,,,,,,,
296.1079271,39.3199201,184298883,19442589+3919116,4282191,,,,,,,,
295.3225434,39.3764624,139106731,19411740+3922353,4278221,,,,,,,7.88,
294.769825,39.3984081,378086008,19390477+3923546,4275721,,,,,,,,
294.6552312,39.3083446,378085713,19383725+3918301,4275191,,,,,,,,
293.8213286,39.3913385,138423341,19351712+3923288,4271474,,,,,,,8.15,
293.5308112,39.3159329,138214374,19340740+3918572,4270253,,,,,,,,
291.6462654,39.3966122,137336979,19263509+3923478,4262581,,,,,,,,
289.4066969,39.338813,122062725,19173761+3920198,4254466,,,,,,,26.82,
287.2924737,39.3832039,121215333,19091019+3922596,4248120,,,,,,,23.21,
287.2411783,39.3326977,121121775,19085788+3919579,4247991,,,,,,,,
285.146622,39.3708055,120424814,19003517+3922148,4242692,,,,,,,20.81,
296.5245187,39.2498503,184554925,19460582+3914591,4180280,,,,,,,15.62,
296.222199,39.268942,184417262,19445331+3916082,4178606,,,,,,,,
295.6848822,39.2561274,184166357,19424436+3915221,4175630,,,,,,,13.6,
295.1640095,39.2014024,139034625,19403935+3912050,4173026,,,,,,,11.53,
293.4700919,39.2528182,138214174,19335282+3915101,4165473,,,,,,,22.58,
293.3628165,39.2124394,138105127,19332708+3912448,4164994,,,,,,,32.83,
293.3450181,39.2577469,138105005,19332279+3915281,4164922,,,,,,,9.49,
291.5569554,39.2272923,137217372,19261367+3913382,4157325,,,,,,,20.92,
291.0201523,39.2206091,122685803,19240483+3913144,4155328,,,,,,,4.22,
289.7917561,39.2852655,394177315,19190999+3917070,4150804,,,,,,,28.58,
289.4381201,39.2703594,122062591,19174514+3916133,4149450,,,,,,,,
287.6550196,39.2441716,121327187,19103720+3914394,4143755,,,,,,,22.29,
286.6895986,39.2120802,120973167,19064546+3912428,4141376,,,,,,,,
285.7520229,39.2491731,120627712,19030049+3914571,4138951,,,,,,,,
285.3666029,39.2800704,120499135,19012797+3916482,4138008,,,,,,,,
284.8601128,39.2405076,120355363,18592643+3914259,4136466,,,,,,,,
284.5825682,39.2201737,120315151,18581981+3913127,4135665,,,,,,,,
296.5105045,39.1732645,184554636,19460251+3910239,4078311,,,,,,,,
296.3586251,39.1152033,184471242,19452607+3906546,4077526,,,,,,,,
296.0818498,39.161614,184299435,19441964+3909418,4076098,,,,,,,,
295.3708312,39.1772925,139106013,19412899+3910379,4072526,,,,,,,24.03,
294.2901043,39.126871,138645719,19370960+3907367,4067925,,,,,,,,
287.3078999,39.1447097,121214909,19091388+3908410,4043190,,,,,,,34.44,
295.3774182,39.0480365,184014439,19413057+3902529,3969687,,,,,,,28.35,
294.9438822,39.0320499,138890353,19394653+3901554,3967760,,,,,,,14.9,
294.8400788,39.0859757,138805992,19392161+3905095,3967326,,,,,,,9.49,
294.7119855,39.0737317,378085037,19385086+3904255,3966801,,,,,,,,
294.0290734,39.0517893,138571095,19360698+3903066,3964109,,,,,,,,
293.5958044,39.0294267,138303317,19342300+3901461,3962357,,,,,,,,
293.568197,39.0363123,138213510,19341635+3902107,3962243,,,,,,,,
291.9191348,39.0221769,351062058,19274059+3901201,3955817,,,,,,,,
287.9757213,39.087168,121458206,19115418+3905138,3942670,,,,,,,,
286.5831894,39.0772582,120961424,19061996+3904379,3939150,,,,,,,,
286.0524399,39.0960281,120692095,19041258+3905457,3937814,,,,,,,,
285.9307362,39.0981201,120692092,19034336+3905532,3937519,,,,,,,,
285.213819,39.027466,399794420,19005131+3901389,3935914,,,,,,,16.09,
295.9751549,38.9466396,184300256,19435403+3856479,3869014,,,,,,,,
295.7010981,38.9458209,184167421,19424826+3856449,3867615,,,,,,,,
294.3565559,38.9473424,377873569,19372557+3856505,3861595,,,,,,,,
293.873663,38.9224548,138479461,19352967+3855209,3859628,,,,,,,,
293.7439223,38.9392217,138366498,19345854+3856214,3859079,,,,,,,33.06,
292.0818824,38.9149472,137483383,19281964+3854541,3852655,,,,,,,,
290.8676391,38.9600779,122605691,19232824+3857364,3848275,,,,,,,,
290.7659557,38.9279468,122605766,19230381+3855406,3847907,,,,,,,,
290.5294799,38.9427306,122449752,19220706+3856335,3847138,,,,,,,23.04,
288.1336793,38.9968923,121467823,19123208+3859487,3839488,,,,,,,21.29,
286.6300796,38.9455907,120961632,19063122+3856441,3835670,,,,,,,,
285.516872,38.9324587,120572779,19020404+3855566,3833007,,,,,,,,
284.7068546,38.9367566,120314731,18584965+3856126,3831053,,,,,,,,
295.3075252,38.8815716,139104940,19411380+3852539,3762468,,,,,,,3.02,
293.8266166,38.8565906,138366224,19351838+3851238,3756264,,,,,,,,
292.2324228,38.8921946,137550938,19285578+3853319,3749978,,,,,,,,
292.0068239,38.8207001,137401986,19280163+3849146,3749134,,,,,,,,
291.6768669,38.8749152,137319097,19264243+3852296,3747817,,,,,,,16.94,
291.0972257,38.8756049,122716806,19242333+3852321,3745690,,,,,,,,
291.0620355,38.8632881,122716838,19241488+3851479,3745559,,,,,,,8.43,
286.9171489,38.8722123,121020728,19074010+3852199,3732821,,,,,,,,
286.613685,38.8919507,120961712,19062728+3853310,3732035,,,,,,,,
285.2197605,38.8058393,399794186,19005276+3848211,3728701,,,,,,,,
285.1197266,38.8664618,120425617,19002872+3851591,3728432,,,,,,,18.47,
295.6087625,38.7357368,184085929,19422610+3844086,3662838,,,,,,,,
295.4220717,38.7356737,184015535,19414128+3844084,3661886,,,,,,,,
295.2167334,38.7744269,139036121,19405199+3846275,3660924,,,,,,,,
294.511319,38.7904648,378012771,19380270+3847258,3657758,,,,,,,10.32,
294.1107631,38.7102222,138569990,19362658+3842368,3656121,,,,,,,14.4,
291.3993802,38.7877563,137151626,19253585+3847159,3645438,,,,,,,,
290.4950939,38.7954956,122450088,19215883+3847437,3642289,,,,,,,,
290.3336142,38.7282722,122376998,19212007+3843416,3641726,,,,,,,,
290.1072124,38.7022694,122225232,19202572+3842080,3640905,,,,,,,,
287.9754691,38.7402988,121457557,19115411+3844250,3634051,,,,,,,,
287.3619673,38.7141384,121214185,19092683+3842505,3632418,,,,,,,12.42,
287.2356828,38.7540824,121123737,19085656+3845149,3632089,,,,,,,31.1,
286.1306907,38.7795494,120764338,19043138+3846466,3629330,,,,,,,,
295.4980737,38.6444499,184015844,19415954+3838402,3561464,,,,,,,2.75,
295.1828896,38.6542028,139036554,19404390+3839152,3559935,,,,,,,27.76,
295.1672065,38.637039,139036617,19404013+3838134,3559860,,,,,,,,
294.9498381,38.6051867,138888805,19394796+3836186,3558849,,,,,,,,
293.8045041,38.6390517,138365520,19351306+3838208,3554031,,,,,,,22.74,
292.3264835,38.6575441,137550286,19291835+3839273,3548044,,,,,,,,
291.8080645,38.6226615,351060274,19271392+3837217,3546060,,,,,,,,
291.5741663,38.6559433,137218786,19261781+3839214,3545135,,,,,,,,
291.4314024,38.6543635,137151294,19254354+3839158,3544640,,,,,,,18.73,
291.4181275,38.6723124,137151335,19254039+3840204,3544595,,,,4.73776,,,27.95,
287.3629145,38.6497341,121214078,19092707+3838585,3531558,,,,,,,20.6,
294.9589285,38.5915968,138888759,19395014+3835296,3458028,,,,,,,,
292.5877743,38.5219827,137687477,19302107+3831193,3448130,,,,,,,12.08,
292.4797004,38.5149018,137634395,19295513+3830537,3447722,,,,,,,,
292.2149697,38.5485469,137484431,19285162+3832549,3446746,,,,,,,26.13,
291.0189951,38.5455728,122684233,19240457+3832440,3442055,,,,,,,,
290.4406294,38.5235721,122450696,19214575+3831248,3440118,,,,,,,4.64,
290.0004154,38.5398551,122224871,19200009+3832236,3438507,,,,,,,,
288.5493683,38.5651973,121656582,19141179+3833548,3433668,,,,,,,,
286.5907635,38.5582993,120962288,19062178+3833298,3428127,,24.106,,,,,,
294.5762033,38.4569588,378013798,19381829+3827251,3354846,,,,,,,18.83,
294.1496529,38.458207,138569175,19363592+3827297,3353050,,,,,,,21.35,
293.8719143,38.4229184,138364831,19352926+3825225,3351888,,,,,,,33.99,
292.9227926,38.4772173,137892978,19314146+3828382,3348082,,,,,,,,
292.4275044,38.4728824,137634508,19294260+3828224,3346154,,,,,,,,
291.6535379,38.4946597,137318075,19263684+3829407,3342970,,,,,,,,
291.6071451,38.4103192,137219378,19262571+3824374,3342794,,,,,,,,
287.2058009,38.4981903,121124617,19084939+3829531,3328080,,,,,,,,
294.4335228,38.3554729,377871791,19374404+3821196,3247268,,,,,,,,
294.1156858,38.3934378,138568968,19362775+3823365,3245969,,,,,,,26.12,
293.850623,38.3977379,138364751,19352415+3823519,3244792,,,,,,,,
292.7130925,38.3581685,137815803,19305114+3821295,3240158,,,,,,,,
291.4094615,38.3400107,137150544,19253826+3820240,3234843,,,,,,,,
290.4132621,38.3437283,122376177,19213918+3820375,3231341,,,,,,,9.64,
286.4904589,38.374872,120891972,19055770+3822296,3218908,,,,,,,,
285.8537014,38.3840916,120638033,19032487+3823028,3217264,,,,,,,,
294.1527259,38.2330886,138568416,19363664+3813589,3128552,,,,,,,,
292.422792,38.2662824,137635103,19294147+3815587,3120904,,,,,,,16.13,
292.3012109,38.2669983,137549134,19291230+3816013,3120355,,,,,,,,
291.9510277,38.2516419,137349536,19274823+3815061,3118797,,,,,,,,
291.423582,38.2165603,137150277,19254165+3812597,3116412,,,,,,,,
291.0318604,38.211894,122780849,19240766+3812430,3114811,,,,,,,9.8,
290.8704935,38.2735978,122607324,19232892+3816250,3114167,,,,,,,,
289.7766991,38.2622374,394179552,19190640+3815441,3109930,,,,,,,,
287.7646113,38.2947076,121395435,19110349+3817409,3103227,,,,,,,,
287.4786474,38.2290751,121276638,19095484+3813438,3102384,,,,,,,,
286.2232284,38.2581676,120763491,19045357+3815294,3098810,,,,,,,8.94,
292.6842738,38.1262604,137816475,19304422+3807346,2995392,,,,,,,,
291.6994841,38.1452065,137317096,19264789+3808429,2990873,,,,,,,,
291.3822988,38.1274595,137150039,19253173+3807388,2989404,,,,,,,,
290.8332412,38.1841851,122607554,19231995+3811036,2987027,,,,,,,37.45,
287.7375794,38.1146488,121395761,19105701+3806524,2975770,,,,,,,19.52,
292.5147146,38.0219872,137635841,19300352+3801194,2857607,,,,,,,23.02,
291.9761559,38.0550327,137348987,19275428+3803182,2854914,,,,,,,,
291.8129995,38.0880964,351057636,19271512+3805174,2854181,,,,,,,,
291.5791562,38.0358066,137220387,19261900+3802089,2853093,,,,,,,,
290.8846217,38.0575539,122682991,19233232+3803272,2849805,,,,,,,,
287.4441104,38.0884183,121276933,19094658+3805183,2837111,,,,,,,,
285.5129496,38.079839,120571308,19020310+3804470,2831055,,,,,,,20.78,
293.1845144,37.9698357,138036952,19324428+3758114,2721030,,,,,,,,
292.6903973,37.9345682,137817056,19304569+3756044,2718778,,,,,,,,
292.3303706,37.9970696,137548365,19291928+3759494,2717158,,,,,,,,
292.2681469,37.955672,137548225,19290434+3757203,2716853,,,,,,,,
292.2545917,37.971376,137548281,19290111+3758171,2716801,,,,,,,,
292.0333777,37.9744551,137348756,19280803+3758283,2715695,,,,,,,,
293.2541121,37.8461519,138036531,19330098+3750463,2584163,,,,,,,,
292.6903779,37.8350549,137817355,19304566+3750059,2581554,,,,,,,7.82,
292.6274943,37.8601653,137685450,19303059+3751364,2581316,,,,,,,7.87,
291.1384628,37.8592447,122781795,19243324+3751334,2574338,,,,,,,,
286.9638856,37.8296147,121022533,19075133+3749469,2557816,,,,,,,,
291.2451266,37.7590079,137096633,19245884+3745326,2442448,,,,,,,,
291.0218899,37.7698734,122682249,19240524+3746112,2441495,,,,,,,16.51,
290.4744875,37.7665499,122507231,19215388+3745597,2439243,,,,,,,,
292.4210998,37.6827919,137636895,19294105+3740581,2307415,,,,,,,10.24,
291.7415821,37.6888103,137315852,19265799+3741202,2304320,,,,,,,,
292.2910129,37.5807686,137547023,19290983+3734508,2164169,,,,,,,25.23,
286.6257591,37.537313,120964116,19063018+3732142,2142522,,,,,,,10.12,
286.3442954,37.4119347,120825510,19052262+3724431,1996180,,,,,,,6.88,
286.1501263,37.4113438,120762000,19043603+3724409,1995519,,,,,,,,
292.5798564,37.3762616,137683938,19301917+3722350,1873513,,,,,,,,
292.4275963,37.3207616,137638020,19294261+3719149,1872821,,,,,,,,
292.044628,37.3761861,137347078,19281070+3722344,1871056,,,,,,,10.95,
290.6822097,37.3551593,122515955,19224373+3721184,1865042,,,,,,,,
286.28593,37.3869915,120825566,19050862+3723134,1849702,,,,,,,18.11,
292.2628779,37.2369732,137545963,19290309+3714131,1725016,,,,,,,,
292.2046748,37.2212065,137488218,19284912+3713163,1724719,,,,,,,9.2,
290.9193265,37.2871677,122680921,19234063+3717138,1718958,,,,,,,9.35,
290.7287168,37.2526575,122673489,19225488+3715095,1718189,,,,,,,,
290.6178587,37.2891002,122515768,19222831+3717207,1717722,,,,,,,,
291.4994412,37.0592571,137307173,19255986+3703334,1432789,,,,,,,,
286.3624951,37.0259902,120826158,19052698+3701340,1414111,,,,,,,,
293.7327826,36.8154936,138359318,19345587+3648557,1173581,,,,,,,,
286.0408755,36.632536,120757718,19040985+3637574,875283,,,,,,,,
278.7819771,36.6156327,289574465,18350767+3636562,858038,,,,,,,,
293.9850284,36.2962939,138488806,19355641+3617467,359587,,,,,,,,
294.3374248,35.2764934,69356857,19372100+3516360,111170,,,,,,,,
90.9842762,-60.6663348,150030205,06035606-6039587,,,,68.4,,,,,
98.454881,-58.5250316,260708537,,,,,50.9,,,,,
73.7382202,-62.521874,55650590,,,,,45.8,,,,,
91.0899861,-55.3115376,260004324,,,,,23.4,,,,,
80.1058735,-59.8954326,309792357,05202531-5953443,,,,22.8,1.04328,,,,
107.9210254,-65.5088568,349095149,07114104-6530324,,,,21.7,,,,,
116.9731027,-71.0019671,300812741,07475353-7100061,,,,20.5,,,,,
311.2697002,44.5002351,239332587,20450474+4430023,,,,,50,,,,
168.6376584,25.7105962,82308728,11143316+2542374,,,,,47.641701,,,,
51.7501882,-63.500166,279741379,,,,,,47.641701,,,,
106.559098,-47.5878156,134200185,,,,,,45.495899,,,,
294.6614126,31.2192001,69679391,19383872+3113091,,,,,29.5334,,,,
286.8540627,59.0866254,377293776,,,,,,25.125601,,,,
229.8374423,29.2078771,357501308,,,,,,22.346399,,,,
144.0074644,-21.6650634,413248763,,,,,,20.529699,,,,
76.44594,21.548199,27039476,05054699+2132552,,,,,18.986099,,,,
150.1151015,39.4577506,9348006,10002763+3927282,,,,,15.7332,,,,
175.5755995,23.0270335,119584412,,,,,,15.2579,,,,
297.7101763,48.0818635,28230919,,,,,,14.8104,,,,
47.5172608,-50.8322632,200723869,03100397-5049567,,,,,14.8104,,,,
187.9948428,-35.5544523,130924120,12315870-3533177,,,,,14.1864,,,,
178.0461054,35.1718001,144401492,11521119+3510184,,,,,13.6129,,,,
162.7766969,25.641065,368435330,10510650+2538281,,,,,13.4318,,,,
15.5981441,37.1854394,352413427,01022356+3711078,,,,,13.4318,,,,
0.1856063,-54.8308228,201248411,,,,,,12.7535,,,,
300.6154535,53.3774418,293954617,,,,,,11.7178,,,,
60.6003316,31.3298354,467651916,,,,,,8.92299,,,,
106.569578,22.6831477,437011608,07061681+2241007,,,,,8.69263,,,,
44.2620144,-56.1918694,207141131,02570294-5611314,,,,,8.69263,,,,
325.0145363,48.4067674,395171208,21400351+4824243,,,,,5.2829,,,,
129.6010863,20.1060074,307733361,08382429+2006217,,,,,4.27643,,,,
50.1319206,42.6069564,384984325,03203162+4236255,,,,,2.99554,,,,
175.5505363,26.7030669,138819293,,,,,,1.52077,,,,
207.526001,-40.8358961,166527623,13500627-4050090,,,,,1.43033,,,,
161.8795569,36.3294345,8260536,10473108+3619459,,,,,1.15545,,,,
300.1821223,22.7097759,256364928,,,,,,1.09176,,,,
144.5553,23.5467464,91987762,09381335+2332491,,,,,1.07778,,,,
67.8205302,19.8316901,456945304,04311695+1949545,,,,,1.07549,,,,
46.0610334,43.5576668,192415680,03041453+4333285,,,,,1.04869,,,,
178.577997,-37.5533568,306996324,,,,,,1.04328,,,,
271.9355015,39.0729269,75878355,,,,,,1.0232,,,,
124.0338967,33.2914532,139270665,08160812+3317296,,,,,0.962733,,,,
24.3544618,-45.6777937,100100827,01372503-4540404,,,,,0.891369,,,,
307.8598998,39.9389161,16740101,20312634+3956196,,,,,0.588911,,,,
289.7528323,41.631884,394172596,,,,,,0.507282,,,,
333.4267738,-12.0663429,437699592,22134239-1203587,,,,,,,,,
333.2125206,-10.9261373,38200266, ,,,,,,,,,
333.1100738,-16.3418863,437695245,22122638-1620301,,,,,,,,,
332.9482355,-58.946085,231702397,,,,,,,,,,
332.7143373,-30.7497189,97409519,22105143-3044588,,,,,,,,,
332.6357627,-11.1661157,38136597,22103256-1109583,,,,,,,,,
332.5632644,58.7060934,329148988,22101513+5842221,,,,,,,,,
332.4138478,-11.4286687,38129680,22093926-1125434,,,,,,,,,
332.3407712,-13.4288624,206241306,22092179-1325438,,,,,,,,,
331.5266563,-10.7115362,50183101,22060640-1042414,,,,,,,,,
331.506364,34.2116583,162289289,22060153+3412422,,,,,,,,,
331.5031606,39.2988284,261135533,,,,,,,,,,
331.2771441,-14.1218019,75266189,22050653-1407180,,,,,,,,,
331.203092,-12.019067,102264230,22044873-1201079,,,,,,,,,
331.1178077,81.5659509,470127886,22042815+8133572,,,,,,,,,
330.844543,67.4986773,372207328,,,,,,,,,,
330.7950219,18.8842419,420814525,22031077+1853036,,,,,,,,,
329.7262534,-10.8750666,49984349,21585426-1052301,,,,,,,,,
329.5639152,71.1316048,256722647,21581534+7107538,,,,,,,,,
328.9759206,-14.0684399,102068384,21555419-1404062,,,,,,,,,
328.9113712,28.1794996,17865622,21553871+2810460,,,,,,,,,
328.7181708,-77.3388025,290348383,,,,,,,,,,
328.5174799,-38.3774193,197643976,21540423-3822388,,,,,,,,,
327.7530693,-43.5623642,144193715,21510084-4333444,,,,,,,,,
327.7191734,-8.6359458,857186,21505262-0838084,,,,,,,,,
327.6656953,10.4629385,466390120,21503977+1027468,,,,,,,,,
327.2487497,6.2781777,466382581,21485965+0616420,,,,,,,,,
326.8614036,6.6053185,466376085, ,,,,,,,,,
326.8516615,62.7538164,408636441,,,,,,,,,,
325.6362269,77.7343836,467331291,21423255+7744033,,,,,,,,,
325.2016451,84.3337613,264678534,,,,,,,,,,
324.5359781,30.4881882,266593143,,,,,,,,,,
324.3894196,-77.9791468,354944123,,,,,,,,,,
322.9418092,66.3490054,321857016,21314590+6620556,,,,,,,,,
322.6023682,34.7395805,160390955,21302453+3444226,,,,,,,,,
322.3777987,21.474527,418604868,21293069+2128296,,,,,,,,,
322.2537644,-58.8361466,381856447,21290068-5850102,,,,,,,,,
320.7628761,-40.0484393,207077681,21230309-4002537,,,,,,,,,
320.4784442,35.648625,163539739,21215495+3538557,,,,,,,,,
319.9496969,-58.1489328,231670397,21194790-5808559,,,,,,,,,
319.6995877,-26.6163743,290131778,21184786-2636578,,,,,,,,,
319.4982407,-22.0498228,439366538,21175958-2202588,,,,,,,,,
318.7370122,-55.8718634,231663901,21145687-5552184,,,,,,,,,
317.9001392,68.4020762,388076422,21113603+6824074,,,,,,,,,
317.5515264,10.7388967,354619337,21101237+1044197,,,,,,,,,
316.9614798,-26.0967205,289793076,21075075-2605479,,,,,,,,,
316.6318791,-26.6928654,29857954,21063165-2641333,,,,,,,,,
316.324003,57.7710946,343628284,21051778+5746168,,,,,,,,,
316.2036922,55.5880221,375506058,21044887+5535166,,,,,,,,,
316.0969388,24.6536739,126606859,,,,,,,,,,
315.9054895,11.9893675,283419843,21033731+1159218,,,,,,,,,
315.5319489,7.0562793,459730973,21020767+0703224,,,,,,,,,
315.4771912,-13.4333821,442530946,21015446-1325595,,,,,,,,,
315.0259661,-5.094857,248853232,21000618-0505398,,,,,,,,,
314.5754375,-35.7966224,92449173,20581808-3547475,,,,,,,,,
314.316923,21.9502055,265979849,20571603+2157007,,,,,,,,,
314.2685227,31.6610186,236445129,20570443+3139397,,,,,,,,,
313.9000261,-18.9714084,77202722,20553599-1858159,,,,,,,,,
313.7832393,-34.1357512,92352620,20550794-3408079,,,,,,,,,
313.7706819,24.360977,419411415,20550491+2421387,,,,,,,,,
313.691232,-72.8046404,401604346,20544592-7248166,,,,,,,,,
313.6872928,9.1790688,375942197,20544496+0910446,,,,,,,,,
313.5110469,72.5806455,364186197,20540263+7234498,,,,,,,,,
313.2154754,-25.6873756,29344935,20525171-2541144,,,,,,,,,
313.1670294,65.6087833,365733349,20523998+6536326,,,,,,,,,
312.4574879,-24.4286938,336732616,20494978-2425436,,,,,,,,,
312.4493079,-24.303506,336732544,20494783-2418124,,,,,,,,,
312.3632611,33.6123832,230741378,,,,,,,,,,
312.3400744,-70.4850723,372172128,20492158-7029058,,,,,,,,,
311.8886385,34.7374918,232941965,20473329+3444151,,,,,,,,,
311.673345,-41.8209828,369455629,20464156-4149151,,,,,,,,,
311.2911369,-31.34245,441420236,,,,,,,,,,
311.2583112,-35.4278412,441422655,20450201-3525401,,,,,,,,,
311.0920041,-19.4375266,271898990,20442207-1926150,,,,,,,,,
311.0427558,-39.2254856,389352124,20441022-3913309,,,,,,,,,
310.4487344,49.6468992,286201103,,,,,,,,,,
310.2917002,3.6382967,393818343,20411006+0338191,,,,,,,,,
309.9712091,-65.4496994,351601843,20395334-6526579,,,,,,,,,
309.5112337,-48.4620833,100566492,20380268-4827434,,,,,,,,,
308.5390859,-29.6726127,212253390,,,,,,,,,,
307.7255587,6.4293305,374530847,20305413+0625463,,,,,,,,,
307.5966925,-44.8876181,90850770,20302318-4453150,,,,,,,,,
307.4182976,-39.0323568,290742484,20294038-3901565,,,,,,,,,
306.9286462,-56.4622865,370133522,,,,,,,,,,
306.741134,33.7443882,199376584,20265791+3344401,,,,,,,,,
306.4220814,45.9710306,193754373,20254129+4558158,,,,,,,,,
306.1239076,16.7621462,305243225,20242972+1645437,,,,,,,,,
305.8724366,-44.0587001,425817867,20232944-4403306,,,,,,,,,
305.8398236,54.3943194,365102760,20232153+5423395,,,,,,,,,
305.6897438,47.3086191,193336820,,,,,,,,,,
305.4749252,70.9437054,258514800,20215383+7056376,,,,,,,,,
305.4585453,19.4358468,402828941,20215006+1926094,,,,,,,,,
305.4413294,26.6926759,99224131,20214593+2641335,,,,,,,,,
305.2219454,59.4489033,233948455,20205324+5926556,,,,,,,,,
305.0957239,-19.3147271,71841620,20202298-1918528,,,,,,,,,
305.0655462,-7.4119237,151759246,20201568-0724422,,,,,,,,,
304.868782,-7.5476595,151724385,20192849-0732511,,,,,,,,,
304.8000322,32.5810446,203189770,20191200+3234517,,,,,,,,,
304.538843,-1.0760033,244089109,20180931-0104324,,,,,,,,,
304.2834581,42.9065338,417047499,20170801+4254236,,,,,,,,,
304.2079924,3.2939492,399402994,20164989+0317385,,,,,,,,,
303.3818697,65.1623313,236887394,20133160+6509433,,,,,,,,,
303.1954355,18.1047776,278348461,20124688+1806175,,,,,,,,,
303.1667996,-2.1444369,243921117,,,,,,,,,,
302.7984228,-61.1354659,466206508,20111163-6108076,,,,,,,,,
302.7375229,70.8696532,402898317,20105711+7052098,,,,,,,,,
302.0256247,66.8503014,269701147,,,,,,,,,,
301.630179,15.9891418,328081248,,,,,,,,,,
300.4280761,-26.077564,301031110,20014273-2604392,,,,,,,,,
299.6142524,32.2871702,102734241,,,,,,,,,,
299.5495794,45.7696769,268932150, ,,,,,,,,,
299.1563393,-31.3351812,271478281,,,,,,,,,,
299.0506412,17.5699627,75262942,19561214+1734118,,,,,,,,,
298.7363395,46.4991236,268060194,,,,,,,,,,
297.7909214,16.9125679,209752908,19510980+1654451,,,,,,,,,
297.398678,76.1391776,237232044,19493608+7608204,,,,,,,,,
297.3226523,4.6724124,398895470,19491743+0440207,,,,,,,,,
297.2158166,64.3543506,229510866,19485182+6421157,,,,,,,,,
297.0588033,49.4784362,27991150, ,,,,,,,,,
296.688442,-63.5656488,339522221,19464518-6333561,,,,,,,,,
296.2446203,74.0628577,237222864,19445865+7403457,,,,,,,,,
296.0898796,48.9554121,27769737, ,,,,,,,,,
296.0039349,-47.5620305,79748331,19440094-4733417,,,,,,,,,
295.8940373,42.3805156,271963778, ,,,,,,,,,
295.7542063,42.5373065,271960115, ,,,,,,,,,
295.7438485,-19.9497314,68952448,19425852-1956585,,,,,,,,,
295.3877064,56.2178049,400432230,19413306+5613043,,,,,,,,,
295.2173259,40.5921599,138969239, ,,,,,,,,,
294.9416887,-25.7483655,96847781,19394601-2544539,,,,,,,,,
294.6336944,-55.3302692,360742636,19383207-5519483,,,,,,,,,
294.3068385,-22.2044872,126325985,19371363-2212161,,,,,,,,,
294.2910707,60.881302,229455001,19370985+6052531,,,,,,,,,
294.2373599,45.1968274,270955259, ,,,,,,,,,
293.8330329,-28.498475,398275886,,,,,,,,,,
293.5920614,41.0950891,138297607, ,,,,,,,,,
293.5607117,-23.1312775,125060509,19341458-2307518,,,,,,,,,
293.3223259,30.7042468,40292751,19331736+3042152,,,,,,,,,
293.2866147,-54.5327284,320004517,,,,,,,,,,
292.9397825,-26.7402021,169504920,19314555-2644246,,,,,,,,,
292.6634642,71.7629612,259172249,19303919+7145463,,,,,,,,,
292.6062979,68.1545924,259233660,19302553+6809163,,,,,,,,,
292.5029676,41.8299933,137558813,,,,,,,,,,
292.4588212,62.5291892,229400092,19295008+6231452,,,,,,,,,
292.313979,65.9738018,259168516,,,,,,,,,,
292.2196,44.6173667,63126862,,,,,,,,,,
292.1669417,53.4873694,26547036,19283999+5329143,,,,,,,,,
292.0552827,0.1218359,392353449,19281326+0007185,,,,,,,,,
291.7770457,1.3836634,391958006,19270649+0123013,,,,,,,,,
291.5953596,-22.2477071,119605900,19262288-2214514,,,,,,,,,
291.5885696,1.4262972,391880567,19262124+0125352,,,,,,,,,
291.4787013,-23.2028183,119262291,19255488-2312100,,,,,,,,,
291.1623865,55.4730273,284475976,19243895+5528233,,,,,,,,,
291.0636813,0.7460143,405010127,19241528+0044461,,,,,,,,,
291.0489438,36.8400772,122784501, ,,,,,,,,,
290.9564463,49.3667933,417676990,,,,,,,,,,
290.8101704,-20.1663771,12611594,19231442-2009587,,,,,,,,,
290.6198948,60.8539035,230001847,19222878+6051140,,,,,,,,,
290.5267975,38.1428283,122451550, ,,,,,,,,,
290.2705419,-19.6908744,12181371,19210486-1941269,,,,,,,,,
290.2379403,-82.5597883,369327947,,,,,,,,,,
290.1739741,73.1951082,420112589,19204172+7311434,,,,,,,,,
289.4792124,-32.8601244,31858843,19175503-3251358,,,,,,,,,
289.4007603,-22.3900092,11439959,19173618-2223236,,,,,,,,,
289.3143526,-2.7747085,161062394,19171544-0246288,,,,,,,,,
289.2974275,-60.8917599,467971286,19171138-6053301,,,,,,,,,
289.202402,-19.3559227,11270200,19164857-1921212,,,,,,,,,
289.1485491,-25.6463233,2468648,,,,,,,,,,
289.0918242,-15.7712178,130538732,19162203-1546159,,,,,,,,,
289.066707,-17.9107147,11023038,19161596-1754384,,,,,,,,,
288.6720048,-59.5793505,201642601,19144126-5934458,,,,,,,,,
288.4656683,66.3479375,258920431,19135180+6620524,,,,,,,,,
288.067445,42.355305,158633329, ,,,,,,,,,
288.0267612,-21.0075789,10195089,19120646-2100274,,,,,,,,,
287.7411441,-60.2726358,464646604,19105782-6016202,,,,,,,,,
287.4844021,-49.6649424,158297421,19095625-4939538,,,,,,,,,
287.4125267,-19.6269336,187960878,19093901-1937369,,,,,,,,,
287.3634559,49.4568649,399951196, ,,,,,,,,,
287.2921006,74.1742762,235683377,,,,,,,,,,
287.2368778,43.5671665,158422963, ,,,,,,,,,
287.1748966,44.8784754,158419284, ,,,,,,,,,
286.7965405,-58.6968348,446549906,19071116-5841485,,,,,,,,,
286.3760037,-41.4376399,254113311,19053021-4126151,,,,,,,,,
286.36675,-50.0673496,7088246,19052800-5004024,,,,,,,,,
285.6365235,75.4185135,235678745,,,,,,,,,,
285.0965172,-54.8933408,201604954,19002314-5453354,,,,,,,,,
284.985355,-22.2934206,414843476,18595649-2217363,,,,,,,,,
284.5483823,-47.0033072,269217040,18581160-4700116,,,,,,,,,
284.4439052,69.5708373,229791084,18574655+6934151,,,,,,,,,
284.415675,53.5090244,267574918,,,,,,,,,,
284.3997616,-49.1385126,6663331,18573592-4908184,,,,,,,,,
283.6180825,47.1967793,164556745, ,,,,,,,,,
283.4346389,-26.5387308,90605642,18534430-2632189,,,,,,,,,
283.3054489,24.1272483,358516596,18531332+2407385,,,,,,,,,
283.2643203,-22.4070553,441907126,18530342-2224252,,,,,,,,,
283.1510448,45.1400838,164458714,,,,,,,,,,
283.1325335,-78.4344302,277128619,18523181-7826041,,,,,,,,,
283.0317641,-27.1807287,90090343,18520762-2710499,,,,,,,,,
282.7952558,82.2454143,394050135,18511077+8214436,,,,,,,,,
282.7372281,64.419466,233602827,18505707+6425090,,,,,,,,,
282.1001665,79.2564761,288735205,18482406+7915217,,,,,,,,,
282.008765,-18.3795798,31244979,18480209-1822454,,,,,,,,,
281.1763433,36.5631318,336128819,,,,,,,,,,
281.0725563,6.6632062,130502317,18441740+0639474,,,,,,,,,
280.9237844,74.9378327,229650439,18434182+7456152,,,,,,,,,
280.7866461,6.2040783,130162252,18430881+0612150,,,,,,,,,
280.6872998,5.9376586,110178537,18424494+0556156,,,,,,,,,
280.6774738,21.6998203,346667887,18424258+2141593,,,,,,,,,
280.6671392,6.2191669,323094535,18424010+0613088,,,,,,,,,
280.6296561,6.5138223,130038122,18423111+0630497,,,,,,,,,
280.3266806,70.2900536,229747848,18411842+7017238,,,,,,,,,
279.8317644,69.5228726,229742722,18391958+6931223,,,,,,,,,
279.7826586,4.3577516,108155949,18390782+0421281,,,,,,,,,
279.7504991,6.9697828,322388624,18390012+0658112,,,,,,,,,
279.3581286,18.7299522,8599009,18372595+1843470,,,,,,,,,
279.1701117,23.2586193,8516795,18364082+2315315,,,,,,,,,
278.9020691,6.4795703,370736259,18353650+0628467,,,,,,,,,
278.699236,-6.612288,218299312,18344782-0636440,,,,,,,,,
278.6883216,5.5736911,106352250,18344520+0534254,,,,,,,,,
278.6317411,35.6614312,27848472,18343163+3539415,,,,,,,,,
278.5246658,-6.0026026,218299481,18340592-0600093,,,,,,,,,
278.4958319,5.5383811,416136788,18335899+0532184,,,,,,,,,
277.94363,56.6506789,298663873,18314649+5639030,,,,,,,,,
277.9251938,82.3059487,288631580,18314202+8218206,,,,,,,,,
277.7510149,7.1833465,405004589,18310024+0711001,,,,,,,,,
277.6011767,6.8359338,320636129,18302427+0650094,,,,,,,,,
277.4780753,85.2333208,268403451,18295488+8513593,,,,,,,,,
277.459311,40.5414117,289164482,18295024+4032276,,,,,,,,,
277.2031946,23.1439121,1685332572, ,,,,,,,,,
276.8100527,20.5268868,342642208,18271445+2031366,,,,,,,,,
276.1340312,15.8418856,157236902,18243222+1550301,,,,,,,,,
275.8625432,71.5817479,356867115,18232713+7134528,,,,,,,,,
274.743418,10.5971968,317520667,18185842+1035502,,,,,,,,,
274.7012534,45.1722194,424435940,18184825+4510192,,,,,,,,,
274.4055335,36.6214617,76419763,18173731+3637170,,,,,,,,,
274.3732697,-3.3810594,167227214,18172957-0322517,,,,,,,,,
274.2686643,21.9095459,158241252,18170453+2154339,,,,,,,,,
273.728188,-54.4340547,118798035,18145472-5426027,,,,,,,,,
273.6020606,-66.4199742,295541511,18142452-6625113,,,,,,,,,
272.4041179,86.860343,268334473,,,,,,,,,,
272.2670293,45.3368996,7548817,18090407+4520127,,,,,,,,,
272.2045196,60.6787845,233087860,,,,,,,,,,
271.5376722,26.4266061,320798691,18060904+2625359,,,,,,,,,
271.3241672,-34.107171,194795551,18051781-3406254,,,,,,,,,
270.4441831,-2.97098,104866616,18014660-0258154,,,,,,,,,
270.3172389,35.5948992,22233480,,,,,,,,,,
269.7583333,-29.1981944,, ,,,,,,,,,
269.7246667,-29.1890556,, ,,,,,,,,,
269.5720695,5.7613709,325670253,17581730+0545409,,,,,,,,,
269.1479583,-29.5392222,1425441246, ,,,,,,,,,
268.8907069,-61.7474,380589029,17553376-6144503,,,,,,,,,
268.3043361,37.2117397,159742538,17531304+3712426,,,,,,,,,
268.0291106,37.5463268,116264089,17520702+3732461,,,,,,,,,
267.8677483,-29.8764758,130150682,17512823-2952356,,,,,,,,,
267.6404906,36.5701761,116242971,17503372+3634128,,,,,,,,,
267.2848846,29.8790428,308172249,17490839+2952447,,,,,,,,,
266.9231001,47.7050486,193634953,17474153+4742171,,,,,,,,,
265.7603351,-65.0082516,306648160,17430248-6500297,,,,,,,,,
265.3704236,30.3037755,18318288,17412905+3018135,,,,,,,,,
264.3022634,53.0255666,321669174,17371272+5301326,,,,,,,,,
264.2735096,25.7311468,311408969,17370562+2543522,,,,,,,,,
264.2630197,53.0212751,321668398,17370314+5301165,,,,,,,,,
263.7580753,40.6950428,88992642,17350195+4041421,,,,,,,,,
262.1834072,-62.840383,305424003,17284405-6250247,,,,,,,,,
261.3748943,75.8822796,441765914,17253007+7552562,,,,,,,,,
261.3495847,52.7904721,188768068,17252406+5247263,,,,,,,,,
260.1161719,38.2421682,101721385,17202788+3814317,,,,,,,,,
259.2545389,72.7470231,441738827,17170094+7244486,,,,,,,,,
259.0235918,63.1056072,232612416,17160566+6306214,,,,,,,,,
259.0172522,72.1611806,441739020,17160415+7209402,,,,,,,,,
258.8313991,4.9606795,467929202,,,,,,,,,,
258.7623456,18.3403449,287256467,17150290+1820266,,,,,,,,,
258.4503674,64.5661727,232608943,17134806+6433581,,,,,,,,,
258.2232705,57.1977779,198390247, ,,,,,,,,,
257.9549645,54.5278483,198385543,,,,,,,,,,
257.7473322,71.8722039,219860288,,,,,,,,,,
257.3288678,71.8766724,219857012,17091884+7152350,,,,,,,,,
256.9817998,32.1053027,21832928,,,,,,,,,,
256.8601374,68.8656263,219854519,17072649+6851562,,,,,,,,,
256.8431021,62.475548,307958020,17072238+6228330,,,,,,,,,
256.7706392,70.2384806,219854185,17070502+7014186,,,,,,,,,
256.6722026,67.8715032,219852584,17064134+6752173,,,,,,,,,
256.6226752,68.8433031,219852882,17062950+6850345,,,,,,,,,
256.6107279,44.7768849,198588220,17062656+4446371,,,,,,,,,
256.5375549,-10.4130071,145368316,17060901-1024467,,,,,,,,,
256.346376,33.0123251,21744120,17052315+3300450,,,,,,,,,
256.279559,69.519093,219850915,17050727+6931099,,,,,,,,,
256.1387513,56.842549,198356533,17043327+5650336,,,,,,,,,
254.1305022,44.3025361,115524421,16563135+4418095,,,,,,,,,
253.7848853,20.491524,349488688,16550834+2029287,,,,,,,,,
253.7688479,-28.7105836,16288184,16550453-2842380,,,,,,,,,
253.1862971,16.5799153,392476080,16524472+1634478,,,,,,,,,
252.4698351,61.1735768,289580577,16495275+6110246,,,,,,,,,
252.426008,-19.5430504,437444661,16494226-1932340,,,,,,,,,
252.0478813,-32.4337532,97766057,16481150-3226012,,,,,,,,,
251.1158702,70.4299917,230127302,16442797+7025466,,,,,,,,,
249.6966397,64.559181,198241702,16384729+6433312,,,,,,,,,
249.4432035,-59.3051077,221861843,16374641-5918171,,,,,,,,,
249.3148604,7.1833758,276754403,16371556+0711000,,,,,,,,,
247.6669998,49.0467891,232568235,16304011+4902474,,,,,,,,,
247.6229827,38.3475349,255930614,16302962+3820503,,,,,,,,,
247.5496427,49.895791,232567319,16301192+4953446,,,,,,,,,
246.6920395,51.0411328,162689341,16264610+5102280,,,,,,,,,
246.6429443,-15.7925384,413753029,16263433-1547326,,,,,,,,,
246.6114157,-24.9699462,399155300,16262672-2458119,,,,,,,,,
245.9079242,54.6900774,207468071,16233798+5441229,,,,,,,,,
245.4405531,-23.548273,50171060,16214578-2332520,,,,,,,,,
245.2800398,31.5770413,8348911,16210714+3134367,,,,,,,,,
245.1514324,41.0479601,39903405,16203635+4102531,,,,,,,,,
244.7384657,19.1758116,459323923,16185724+1910327,,,,,,,,,
244.1419684,-20.4005984,49652731,16163403-2024019,,,,,,,,,
243.9597194,10.0324103,318696424,16155036+1001572,,,,,,,,,
243.8850212,-69.2170972,361711730,16153246-6913009,,,,,,,,,
243.6800912,-19.3468837,49512708,16144322-1920477,,,,,,,,,
243.4888534,63.5335297,287080092,,,,,,,,,,
243.4509662,-24.7870527,68504570,16134824-2447132,,,,,,,,,
242.5734559,-24.9906029,68048686,16101770-2459251,,,,,,,,,
242.5613635,-19.3193831,49040478,16101473-1919095,,,,,,,,,
241.7639371,67.8776404,232982558,16070337+6752398,,,,,,,,,
241.3229012,70.1900397,237104103,16051761+7011235,,,,,,,,,
240.5492745,28.1696248,236312126,16021184+2810105,,,,,,,,,
240.172481,83.2586589,159418353,,,,,,,,,,
240.0333095,-23.1894196,12666215,16000805-2311213,,,,,,,,,
239.9622479,-28.0617941,66818296,15595095-2803422,,,,,,,,,
239.5775678,35.4081141,188589164,,,,,,,,,,
238.8197061,-21.0269691,220604190,15551673-2101367,,,,,,,,,
238.108194,-48.1451,282485660,15522597-4808419,,,,,,,,,
237.9241066,52.3063083,159873822,15514181+5218226,,,,,,,,,
234.8578846,-20.1988975,70803960,15392585-2011557,,,,,,,,,
234.5723244,-80.8034265,407126408,15381764-8048136,,,,,,,,,
234.4830357,-44.7899772,290504044,15375593-4447237,,,,,,,,,
234.4317651,48.955206,159781361,15374359+4857193,,,,,,,,,
233.6247336,-23.2594663,73943566,15342993-2315330,,,,,,,,,
233.5033482,-47.9636597,274367763,15340081-4757491,,,,,,,,,
233.3698192,-16.7737113,297373047,15332868-1646234,,,,,,,,,
233.0743401,-22.3583447,73848324,15321784-2221297,,,,,,,,,
232.946047,47.0555507,116483514,,,,,,,,,,
232.5774696,-42.9799461,153091721,15301861-4258476,,,,,,,,,
232.5552584,-23.0067371,422685031,15301331-2300242,,,,,,,,,
232.4461375,-17.557463,335322931,15294714-1733261,,,,,,,,,
232.1466406,66.3587097,458478250,15283520+6621314,,,,,,,,,
232.1326528,27.361073,368287008,15283191+2721388,,,,,,,,,
231.7420543,-16.5090014,346250894,15265807-1630317,,,,,,,,,
230.8872242,-25.3706149,292202337,15233295-2522146,,,,,,,,,
230.4799011,-20.2317975,428820090,15215519-2013539,,,,,,,,,
230.4401147,-48.3188174,136916387,,,,,,,,,,
229.99122,36.229545,138294130,15195792+3613467,,,,,,,,,
229.3285665,-80.4733446,406941612,,,,,,,,,,
228.6188638,-21.0227209,70412892,15142858-2101212,,,,,,,,,
228.4551125,-16.3512966,432261603,15134919-1621043,,,,,,,,,
228.2482353,-16.7246474,432254760,15125956-1643282,,,,,,,,,
228.0210932,-20.1081634,70298662,,,,,,,,,,
227.9168555,-17.6842698,432247186,15114015-1741027,,,,,,,,,
227.8678636,71.8412965,232540264,,,,,,,,,,
227.849371,-17.8754464,432247315,15112391-1752307,,,,,,,,,
227.6586754,-71.3616316,261867566,15103816-7121411,,,,,,,,,
227.5321527,72.7103128,257060897,15100767+7242372,,,,,,,,,
227.270329,-42.7049658,160708862,15090488-4242178,,,,,,,,,
227.2154975,2.343286,460396820,15085174+0220358,,,,,,,,,
226.4567308,64.0476821,202426247,,,,,,,,,,
226.3371468,36.7869747,20182780,15052097+3647124,,,,,,,,,
226.1069193,60.5362318,202425357,15042568+6032101,,,,,,,,,
225.8370504,-35.2305793,75650448,15032092-3513498,,,,,,,,,
225.686732,-3.0314874,157910432,15024486-0301530,,,,,,,,,
225.0798831,-24.4542022,440887364,,,,,,,,,,
224.8728589,46.9600996,310003988,14592946+4657364,,,,,,,,,
224.5658555,-27.6825503,440872576,14581582-2740572,,,,,,,,,
224.3560083,44.2743223,154293917,14572548+4416274,,,,,,,,,
224.2838576,-30.8800273,88785435,14570814-3052476,,,,,,,,,
223.8576228,-18.4323191,309694541,14552584-1825563,,,,,,,,,
223.8199788,-2.0576866,175772482,14551682-0203275,,,,,,,,,
223.6587187,-38.7445469,160578764,14543809-3844403,,,,,,,,,
223.3588909,68.859472,219016883,14532614+6851345,,,,,,,,,
223.0926408,70.4765573,219015370,14522231+7028356,,,,,,,,,
222.7673221,5.9473626,461239485,14510418+0556505,,,,,,,,,
222.2100773,22.1526136,311133118,14485047+2209093,,,,,,,,,
222.1654705,-57.5888666,193641523,,,,,,,,,,
221.9438866,1.0650227,368805700,14474655+0103538,,,,,,,,,
221.0582692,5.6053735,368739874,14441396+0536195,,,,,,,,,
218.2766247,21.8946875,347430350,14330635+2153409,,,,,,,,,
217.9257785,83.3727061,310002617,14314234+8322215,,,,,,,,,
217.6832961,-31.7324526,392747437,14304401-3143566,,,,,,,,,
217.6091998,-46.159516,127530399,14302619-4609330,,,,,,,,,
217.3920159,39.7903991,27491137,14293425+3947255,,,,,,,,,
217.3266477,-3.4444994,181949561,14291840-0326403,,,,,,,,,
216.9234892,41.9529862,158025009,,,,,,,,,,
216.5238248,59.4442735,293687315,14260576+5926393,,,,,,,,,
215.8014956,24.0765639,156648452,14231236+2404357,,,,,,,,,
215.1227617,-31.2020698,125739286,14202949-3112074,,,,,,,,,
214.6830109,-20.2754374,46096489,14184392-2016317,,,,,,,,,
214.5557741,82.1937642,158002130,14181274+8211386,,,,,,,,,
214.1208564,58.3902534,445859771,14162891+5823255,,,,,,,,,
214.0595791,-19.5423062,46020827,14161431-1932321,,,,,,,,,
213.1565508,4.0594175,420779000,,,,,,,,,,
213.1438604,47.0147826,168699373,14123457+4700528,,,,,,,,,
213.0787718,74.4117909,160045097,14121925+7424418,,,,,,,,,
211.4593468,16.9923703,73540072,14055031+1659326,,,,,,,,,
211.0939367,46.5192825,198153540,14042260+4631098,,,,,,,,,
211.0135378,-30.0141252,271169413,,,,,,,,,,
210.6376171,-10.0236852,2764004,14023306-1001254,,,,,,,,,
210.1935714,-30.5836084,271168962,14004645-3035008,,,,,,,,,
209.51701,-30.348153,112099249,13580408-3020532,,,,,,,,,
209.3886452,43.49331,198108326,,,,,,,,,,
209.2171751,68.6182106,154089169,13565239+6837048,,,,,,,,,
208.9447534,40.3918061,23769326,13554673+4023304,,,,,,,,,
208.9280111,-32.1597118,111991770,13554270-3209345,,,,,,,,,
208.9014508,-6.1360833,2621212,13553641-0608100,,,,,,,,,
208.8567465,-21.2078587,220029715,13552567-2112276,,,,,,,,,
208.7737624,-5.4424943,176966903,13550570-0526330,,,,,,,,,
208.4587323,52.6027628,219041246,13534988+5236102,,,,,,,,,
207.9076746,-23.7812403,437333618,13513786-2346522,,,,,,,,,
207.8592276,-69.7725635,448098793,13512628-6946211,,,,,,,,,
207.6554928,-6.8040714,2521105,13503740-0648145,,,,,,,,,
207.4738488,-46.0665139,243641947,,,,,,,,,,
207.3497402,-12.2849182,287333762,13492388-1217042,,,,,,,,,
207.2061241,-17.6098985,287331845,13484949-1736355,,,,,,,,,
207.0782895,-11.5889878,187309502,13481881-1135204,,,,,,,,,
206.8461979,-6.1393369,187278212,,,,,,,,,,
206.6522408,-11.8049588,187273748,13463655-1148178,,,,,,,,,
206.5823122,-11.5563527,187273811,13461973-1133226,,,,,,,,,
206.1070129,-40.3373505,166184428,,,,,,,,,,
206.0940142,48.028565,311035838,13442258+4801432,,,,,,,,,
206.0265266,-32.5229747,305739565,13440638-3231227,,,,,,,,,
205.7990331,-22.5854441,203377303,13431172-2235063,,,,,,,,,
205.4542456,-0.1281712,61098812,13414903-0007410,,,,,,,,,
205.4445125,-10.8625468,771548,13414671-1051447,,,,,,,,,
205.3758786,-9.9460704,743941,13413030-0956459,,,,,,,,,
205.3630485,-13.1608686,392469577,13412725-1309392,,,,,,,,,
205.3539534,17.6868719,81247740,13412503+1741141,,,,,,,,,
205.2371043,-11.0093342,741596,13405689-1100336,,,,,,,,,
205.2043217,22.9839692,328934463,13404904+2259024,,,,,,,,,
205.1596569,-11.1172332,741119,13403833-1107016,,,,,,,,,
204.7792935,-6.0417592,709015,13390713-0602293,,,,,,,,,
204.6089755,-8.9271609,706595,13382614-0855378,,,,,,,,,
204.5426717,-28.1429206,49254857,13381025-2808342,,,,,,,,,
204.4376666,-8.5970858,677945,13374504-0835494,,,,,,,,,
204.2215065,-7.3180577,670036,13365320-0719053,,,,,,,,,
204.1418754,-14.9478195,405673618,13363410-1456512,,,,,,,,,
204.0355092,-14.0092516,294319820,13360854-1400331,,,,,,,,,
203.7581951,-17.5034961,294301883,13350194-1730124,,,,,,,,,
203.6214411,-15.0365158,422349881,13342910-1502105,,,,,,,,,
203.6087259,-66.5811639,341694238,13342613-6634520,,,,,,,,,
203.5467021,-13.5769705,422349422,13341115-1334370,,,,,,,,,
203.509956,53.7281876,286923464,13340254+5343426,,,,,,,,,
203.3974857,49.0608433,286916251,13333545+4903401,,,,,,,,,
203.3018653,-14.5041057,422334505,13331242-1430146,,,,,,,,,
203.1060194,-42.4752733,243200602,13322543-4228309,,,,,,,,,
202.897887,-12.0951142,422325510,13313560-1205423,,,,,,,,,
202.488752,-12.7347749,297146957,13295729-1244051,,,,,,,,,
202.3934779,-7.3739779,179032688,13293447-0722262,,,,,,,,,
202.3313765,-14.3594358,297146115,13291954-1421340,,,,,,,,,
202.251206,-4.6100532,115072772,13290038-0436367,,,,,,,,,
202.0161895,-15.9379749,404421005,13280398-1556162,,,,,,,,,
201.9626552,9.0306437,404505029,13275106+0901504,,,,,,,,,
201.6551525,-8.3176353,179012583,13263727-0819033,,,,,,,,,
201.6391407,-12.8066737,335102224,13263339-1248235,,,,,,,,,
201.6168564,-2.2819018,115010361,13262808-0216547,,,,,,,,,
201.3823387,68.8360678,153951307,13253177+6850106,,,,,,,,,
201.3748265,52.7681036,165464482,13252998+5246050,,,,,,,,,
201.2826259,38.9223671,180695581,13250800+3855210,,,,,,,,,
200.6348641,-44.6888393,363851359,13223237-4441196,,,,,,,,,
200.5615762,66.3085331,232976128,13221481+6618317,,,,,,,,,
200.4562487,-8.4717104,178954837,13214951-0828181,,,,,,,,,
199.8315191,-8.5095364,178941218,13191957-0830339,,,,,,,,,
199.80183,-22.9868431,6036597,13191246-2259127,,,,,,,,,
199.433742,-47.2375748,453789494,13174412-4714152,,,,,,,,,
199.3338503,-15.2737046,335630746,13172019-1516248,,,,,,,,,
199.1962036,49.8610591,417948359,13164717+4951399,,,,,,,,,
199.0996546,-14.4447454,347812320,13162393-1426405,,,,,,,,,
198.8436817,-6.4649888,135043332,13152252-0627535,,,,,,,,,
198.3885831,62.3053799,142394656,13133342+6218195,,,,,,,,,
197.9965833,65.8336973,467179528,,,,,,,,,,
197.7312286,61.7448492,142387023,13105547+6144412,,,,,,,,,
197.6830975,70.7680117,232967440,13104376+7046061,,,,,,,,,
197.3171237,-60.3084347,441546821,13091620-6018300,,,,,,,,,
196.2197201,63.753261,142381532,,,,,,,,,,
196.0437932,-35.5495292,104024556,13041053-3532582,,,,,,,,,
195.9818362,30.640145,165987272,13035564+3038241,,,,,,,,,
195.9080719,-19.2189845,428699140,13033808-1913079,,,,,,,,,
195.8281644,-49.6397727,404340025,13031871-4938228,,,,,,,,,
195.7940145,-41.3848617,102192004,13031055-4123053,,,,,,,,,
195.3597581,-27.5222273,229047362,13012637-2731199,,,,,,,,,
194.7396141,77.6617157,198485881,12585767+7739416,,,,,,,,,
194.468098,-39.7580613,178819686,12575245-3945275,,,,,,,,,
193.5524603,-46.5877159,248111245,12541261-4635157,,,,,,,,,
193.3963704,85.1294952,154872375,12533493+8507461,,,,,,,,,
192.981203,-42.0736165,248075138,12515557-4204249,,,,,,,,,
192.5892855,-88.1211107,383390264,12502212-8807158,,,,,,,,,
192.5018624,-59.8919345,420202798,12500043-5953306,,,,,,,,,
192.1895676,-47.6136789,73717937,12484555-4736492,,,,,,,,,
192.1848981,64.8552755,142276270,12484436+6451191,,,,,,,,,
192.103738,-45.4704709,73649615,,,,,,,,,,
191.981531,9.7494181,390651552,,,,,,,,,,
191.7028214,-24.4273897,9385460,12464866-2425385,,,,,,,,,
191.363117,-6.576051,288527728,12452717-0634340,,,,,,,,,
190.9484237,-8.4784159,156599123,12434764-0828416,,,,,,,,,
190.6892403,-8.5359826,156584871,12424541-0832094,,,,,,,,,
190.6188034,-30.6398176,398943781,12422849-3038235,,,,,,,,,
190.1519558,-19.2843527,286865921,12403650-1917032,,,,,,,,,
190.0365636,-44.3120777,73228647,12400877-4418432,,,,,,,,,
189.9128532,-3.3705631,51664268,12393912-0322138,,,,,,,,,
189.8392243,20.0273377,347332255,,,,,,,,,,
189.7758591,-74.5740205,360630575,12390642-7434263,,,,,,,,,
189.7041426,-10.0605942,32425577,12384898-1003384,,,,,,,,,
189.5748998,-5.2446247,51641442,12381808-0514408,,,,,,,,,
189.0015173,-2.6696217,175371068,12360036-0240100,,,,,,,,,
188.9223576,27.2143766,376524552,12354142+2712518,,,,,,,,,
188.8935189,-10.0692793,110999033,12353448-1004091,,,,,,,,,
188.3864277,-10.1462141,429302040,12333284-1008461,,,,,,,,,
188.278284,-1.9532879,130640162,12330683-0157113,,,,,,,,,
188.2662048,44.9153672,373693175,12330390+4454552,,,,,,,,,
188.1373172,-9.6076115,380255458,12323296-0936274,,,,,,,,,
187.6867207,27.4520016,393831507,12304475+2727076,,,,,,,,,
187.6314027,-1.1609171,130634730,12303152-0109391,,,,,,,,,
187.5689308,-26.9309608,951438622, ,,,,,,,,,
187.2947047,-6.8342028,98751904,12291074-0650033,,,,,,,,,
186.8729195,-6.7218474,98720809,12272958-0643188,,,,,,,,,
186.870426,-6.1952168,98720702,12272899-0611428,,,,,,,,,
186.8026947,1.5668631,377259959,12271264+0134005,,,,,,,,,
186.7873036,-48.9784105,21113347,12270898-4858423,,,,,,,,,
186.7673635,-72.4518501,360156606,12270432-7227064,,,,,,,,,
186.5740627,-51.3630519,260647166,12261789-5121462,,,,,,,,,
186.5410958,-9.6248232,98677125,12260991-0937292,,,,,,,,,
186.5242821,61.2589289,417931607,12260584+6115325,,,,,,,,,
186.4860415,-1.4047214,94924543,,,,,,,,,,
186.27356,60.4183455,417931300,,,,,,,,,,
186.0853062,-6.3789537,98669309,12242051-0622439,,,,,,,,,
186.0383865,-1.111479,94892940,12240928-0106408,,,,,,,,,
185.5507926,-4.7172908,147683165,12221217-0443019,,,,,,,,,
185.3246821,-52.8408163,15445551,12211792-5250269,,,,,,,,,
185.306183,-10.2820915,98594138,12211347-1016552,,,,,,,,,
185.1880932,2.2823788,377171980,12204519+0216568,,,,,,,,,
185.181563,-1.5909138,147677253,12204359-0135271,,,,,,,,,
185.0628734,56.2014094,224297258,,,,,,,,,,
185.0315429,-8.9757427,98591691,12200763-0858328,,,,,,,,,
184.9787579,-25.8278531,204650483,12195494-2549399,,,,,,,,,
184.9016378,48.6832895,154220877,12193646+4840593,,,,,,,,,
184.9004881,0.968327,149969625,12193607+0058064,,,,,,,,,
184.6021322,-0.5512886,66664249,12182454-0033048,,,,,,,,,
184.0545174,-3.5530888,349456525,12161309-0333111,,,,,,,,,
183.9203614,-18.9103377,429358906,,,,,,,,,,
183.8088709,2.0208765,397056271,12151420+0201153,,,,,,,,,
183.7938491,-3.4956913,349445839,12151051-0329442,,,,,,,,,
183.7514959,-5.7820178,349445372,12150031-0546550,,,,,,,,,
183.7203635,1.9681688,397052808,12145289+0158057,,,,,,,,,
183.6456643,-9.5626286,176938958,12143498-0933454,,,,,,,,,
183.563961,-13.1748411,335590096,,,,,,,,,,
183.4724742,-0.3934357,56815340,12135339-0023365,,,,,,,,,
183.4686492,-3.8318097,56814628,12135253-0349547,,,,,,,,,
183.3667344,-8.9952309,176910179,12132801-0859425,,,,,,,,,
183.3660401,23.055687,347329162,12132790+2303205,,,,,,,,,
182.8173343,-9.4141696,176869982,12111613-0924503,,,,,,,,,
182.751404,-9.7652392,176868951,12110036-0945547,,,,,,,,,
182.699673,-6.2943552,176868262,12104805-0617391,,,,,,,,,
182.3663818,-8.3096141,152868838,12092792-0818342,,,,,,,,,
182.3292517,-0.5393421,56760743,12091905-0032204,,,,,,,,,
182.1662666,-8.7472172,152852327,12083992-0844497,,,,,,,,,
181.6324078,-5.8274311,56754291,12063188-0549386,,,,,,,,,
181.6296115,-1.1606,56721373,12063112-0109379,,,,,,,,,
181.5718341,12.5070258,86263325,,,,,,,,,,
181.2386829,-6.8052985,152805642,12045739-0648180,,,,,,,,,
181.1211419,-4.8991358,96199085,12042913-0453572,,,,,,,,,
180.5462193,-35.5486091,142211778,12021109-3532550,,,,,,,,,
180.5408896,-3.5809053,35064295,12020980-0334507,,,,,,,,,
180.2087883,-46.1364201,272212970,12005011-4608110,,,,,,,,,
180.165072,-45.7994559,272213425,12003962-4547579,,,,,,,,,
179.9397081,-5.7216879,35021200,11594560-0543182,,,,,,,,,
179.8358421,-6.5178542,152701771,11592060-0631042,,,,,,,,,
179.7058532,-3.3894613,35019000,11584943-0323218,,,,,,,,,
178.3296746,6.4123178,291090078,11531915+0624439,,,,,,,,,
178.1921152,-1.1984418,446672575,11524614-0111545,,,,,,,,,
178.1105741,4.2546649,366696612,11522658+0415171,,,,,,,,,
178.0568745,2.5941222,366683184,11521368+0235390,,,,,,,,,
177.3202331,3.4755183,325335564,11491686+0328318,,,,,,,,,
176.7388264,-22.5630097,413376180,11465738-2233467,,,,,,,,,
176.6657559,-5.1720463,82054726,11463977-0510186,,,,,,,,,
176.628323,-33.8600764,157266693,11463084-3351361,,,,,,,,,
176.2990518,-42.0639575,61538902,11451175-4203501,,,,,,,,,
176.263724,0.0054085,82050863,,,,,,,,,,
176.2499418,-35.640563,157230659,11450000-3538261,,,,,,,,,
176.2402326,-38.1397158,454069765,11445767-3808229,,,,,,,,,
176.1233077,3.2723812,397022282,11442963+0316205,,,,,,,,,
175.9080328,6.5637842,380619414,11433800+0633494,,,,,,,,,
175.6436366,20.9652921,119585136,11423454+2057553,,,,,,,,,
175.5252399,-23.3548451,219698950,11420608-2321174,,,,,,,,,
175.2563039,-44.4041485,397362481,,,,,,,,,,
175.206752,6.1348146,380583651,11404960+0608054,,,,,,,,,
175.0972238,4.5574311,281886199,11402333+0433264,,,,,,,,,
174.9602543,0.603596,281885301,11395048+0036129,,,,,,,,,
174.7455392,-3.9055746,49462779,11385895-0354202,,,,,,,,,
174.2662454,-0.90721,49430892,11370392-0054262,,,,,,,,,
174.1094967,-2.0233506,49428710,11362626-0201228,,,,,,,,,
174.011661,-2.5209338,49427836,11360278-0231150,,,,,,,,,
174.0098693,-29.5433642,14661418,11360233-2932359,,,,,,,,,
173.9574203,-29.1560639,14614418,11354977-2909216,,,,,,,,,
173.9385102,4.6164303,380546118, ,,,,,,,,,
173.714867,-24.6054801,322807371,11345152-2436189,,,,,,,,,
173.4691418,12.4510906,67512645,,,,,,,,,,
173.2790517,-56.5033871,452006073,11330697-5630122,,,,,,,,,
173.1919022,2.2446794,396972464,11324609+0214415,,,,,,,,,
172.560141,7.5878315,388804061,,,,,,,,,,
172.3353708,-1.4551364,173103335,11292037-0127173,,,,,,,,,
172.1216476,1.6906217,363573185,11282927+0141264,,,,,,,,,
171.933659,-0.0628488,173090902,11274407-0003462,,,,,,,,,
171.8450533,-44.0887035,162922904,11272283-4405193,,,,,,,,,
171.5151874,1.2306237,363548415,11260363+0113505,,,,,,,,,
171.2749348,41.0280207,17993892,11250598+4101406,,,,,,,,,
171.2316754,-27.0623619,97825640,11245575-2703441,,,,,,,,,
171.1303716,-42.7321394,162802770,11243133-4243555,,,,,,,,,
171.0147921,-19.5569588,219189765,11240360-1933257,,,,,,,,,
170.4544727,33.9913822,144310492,11214909+3359291,,,,,,,,,
170.324325,-22.388177,437261733,11211786-2223174,,,,,,,,,
170.3135774,25.2732942,230055368,,,,,,,,,,
170.1554763,2.5027534,363479723,11203732+0230097,,,,,,,,,
170.1408561,-4.8070039,38116202,11203379-0448249,,,,,,,,,
170.1031027,1.2858679,363478257,11202473+0117094,,,,,,,,,
169.8248694,44.9890782,148673433,11191789+4459209,,,,,,,,,
169.7935178,-0.2844389,38114658,11191047-0017036,,,,,,,,,
169.6327547,-1.7740582,38087018,11183189-0146270,,,,,,,,,
169.483654,5.988289,363444743,11175607+0559183,,,,,,,,,
169.4827046,2.6190363,363445338,11175587+0237086,,,,,,,,,
169.4490102,3.8665038,363445121,11174778+0351590,,,,,,,,,
169.4388603,-19.0547781,437248515,11174536-1903171,,,,,,,,,
169.3034598,-1.8778254,38064757,11171284-0152406,,,,,,,,,
169.117028,-3.9754405,443616612,11162811-0358315,,,,,,,,,
169.0418328,1.9866832,301609547,11161006+0159128,,,,,,,,,
168.9366786,0.4880606,301610040,11154478+0029171,,,,,,,,,
168.5825696,2.7805614,301603728,11141982+0246508,,,,,,,,,
168.5638892,-37.9101328,151920165,11141533-3754365,,,,,,,,,
168.2929079,-17.6577794,308098254,11131028-1739280,,,,,,,,,
168.2267358,-34.4069371,23434737,,,,,,,,,,
167.9908627,-39.3281151,151825527,11115769-3919400,,,,,,,,,
167.8214811,69.9647749,147950620,11111689+6957527,,,,,,,,,
167.3279228,-61.0952624,466884459,11091871-6105429,,,,,,,,,
167.2329152,34.3030149,8967242,11085591+3418115,,,,,,,,,
167.0937488,-1.065855,53210555,11082249-0103565,,,,,,,,,
166.9798793,-61.1462496,466840711,11075518-6108465,,,,,,,,,
166.8806581,61.3525723,99869022,11073136+6121096,,,,,,,,,
166.8010058,3.0399357,301540319,11071223+0302241,,,,,,,,,
166.4296276,-5.0794854,53189332,11054313-0504458,,,,,,,,,
166.3187996,-34.1227453,448589187,11051653-3407219,,,,,,,,,
166.2695041,11.2464069,350348197,11050459+1114476,,,,,,,,,
166.1181474,30.4585763,166648874,,,,,,,,,,
166.0747423,-47.8214964,178709444, ,,,,,,,,,
165.6904843,-16.4064445,181804752,,,,,,,,,,
165.3993679,-23.8609457,437242640,11013589-2351382,,,,,,,,,
165.3651202,5.1394812,281837575,11012767+0508221,,,,,,,,,
165.3158231,-72.3567044,454248975,11011602-7221246,,,,,,,,,
165.167198,64.9638452,99834717,11004017+6457504,,,,,,,,,
164.9324709,-82.2213501,394918211,10594390-8213171,,,,,,,,,
164.8563364,-56.6235564,304142124,,,,,,,,,,
164.7772913,40.9837182,21535395,,,,,,,,,,
164.7245509,-5.5475446,35009898,,,,,,,,,,
164.5865592,-36.8581092,158588995,,,,,,,,,,
164.3759959,12.535614,149496868,10573028+1232082,,,,,,,,,
164.3491401,-29.9971229,49043968,10572385-2959497,,,,,,,,,
164.3165643,-32.3224375,49045066,10571599-3219209,,,,,,,,,
164.1893864,9.6739464,365007485,10564551+0940263,,,,,,,,,
164.1138903,-72.9851736,277634430,10562716-7259054,,,,,,,,,
164.031654,-43.3766967,147660886,10560763-4322362,,,,,,,,,
163.7888521,-0.7370663,14344979,10550935-0044139,,,,,,,,,
163.7715605,-6.4784524,148497855,10550519-0628424,,,,,,,,,
163.487394,-25.5245988,287145649,10535698-2531288,,,,,,,,,
163.324115,-61.4056976,465390152,10531778-6124205,,,,,,,,,
163.2519122,5.3064776,281748980,10530051+0518238,,,,,,,,,
163.1010355,-61.4468591,915110182, ,,,,,,,,,
163.0323119,0.493167,281731203,10520778+0029359,,,,,,,,,
162.6440933,-61.9572476,465144510,10503459-6157261,,,,,,,,,
161.9090273,71.655727,349827430,10473836+7139211,,,,,,,,,
161.7349738,1.9367044,281660552,10465641+0156121,,,,,,,,,
161.7069053,-9.3993646,55092869,10464974-0923563,,,,,,,,,
161.451913,6.419318,393548451,10454845+0625099,,,,,,,,,
160.8868435,-1.9126984,169249234,10433283-0154457,,,,,,,,,
160.748095,60.9641194,149918151,10425960+6057510,,,,,,,,,
160.6307133,28.1986255,85266608,10423138+2811550,,,,,,,,,
160.6023689,7.4350768,393495970,10422458+0726060,,,,,,,,,
160.5941265,4.4413751,374339566,10422263+0426287,,,,,,,,,
160.5587646,-3.8349989,169226822,10421407-0350062,,,,,,,,,
160.3249517,12.1911149,61312205,10411801+1211284,,,,,,,,,
160.0658525,-8.5110827,54962195,,,,,,,,,,
160.0598236,-62.4555353,390001646,10401438-6227201,,,,,,,,,
159.4209874,6.2858689,392852196,10374104+0617094,,,,,,,,,
159.4093183,-40.888259,106402532,10373820-4053179,,,,,,,,,
159.3890808,11.8427484,392876254,10373341+1150338,,,,,,,,,
159.3412205,-63.6556923,460984940,,,,,,,,,,
158.9007013,-5.1813735,124573851,10353615-0510540,,,,,,,,,
158.2250301,-34.9899074,53735810,10325399-3459234,,,,,,,,,
157.9356855,0.9372782,374180079,10314450+0056152,,,,,,,,,
157.6222171,6.8636732,392817207,10302934+0651492,,,,,,,,,
157.4123405,70.5270835,103751498,10293910+7031378,,,,,,,,,
157.1440712,65.8541986,355867695,,,,,,,,,,
157.06262,25.5731366,165297570,10281500+2534236,,,,,,,,,
157.0372806,-64.5052107,460205581,10280898-6430189,,,,,,,,,
156.837704,34.3909497,85293053,10272110+3423277,,,,,,,,,
156.74726,-52.4678724,447061717,,,,,,,,,,
156.6226981,4.7640203,277869696,10262945+0445505,,,,,,,,,
156.4054989,2.5138829,277833995,10253725+0230516,,,,,,,,,
155.9841428,-56.8431169,464300749,10235624-5650353,,,,,,,,,
155.8719377,-43.8349248,102840239,10232924-4350059,,,,,,,,,
155.6814593,50.1287115,252479260,10224361+5007420,,,,,,,,,
155.6078632,-82.2188693,394561119,10222579-8213080,,,,,,,,,
154.987604,3.9548275,345063080,10195701+0357186,,,,,,,,,
154.9081869,-9.8064431,36734222,10193800-0948225,,,,,,,,,
154.6710977,10.1288464,350020859,10184106+1007445,,,,,,,,,
154.6449033,-11.717801,36724087,,,,,,,,,,
154.5110307,3.6969271,345034874,10180271+0341484,,,,,,,,,
154.2710615,-25.2762982,168281028,10170509-2516345,,,,,,,,,
154.1166869,28.6820708,1042868,10162809+2840571,,,,,,,,,
153.7090696,-47.1549358,101955023,,,,,,,,,,
153.6696689,-15.6428372,293607057,10144071-1538344,,,,,,,,,
152.6662832,24.2731213,308073360,10103984+2416239,,,,,,,,,
152.2182549,69.2766204,103633434,,,,,,,,,,
152.1765169,35.5475571,407591297,,,,,,,,,,
152.1027826,55.5399599,137906197,10082471+5532242,,,,,,,,,
151.807032,46.1148814,29191624,10071369+4606539,,,,,,,,,
151.6597827,18.6340631,27064468,10063841+1838028,,,,,,,,,
151.6186989,74.8272107,142748283,10062860+7449391,,,,,,,,,
150.5726262,53.9508237,137881699,10021743+5357031,,,,,,,,,
150.0626247,-47.4452436,36452991,10001500-4726428,,,,,,,,,
149.9918059,-16.1597935,332657786,,,,,,,,,,
149.8236672,-27.3928174,11561667,09591770-2723339,,,,,,,,,
149.1235154,-24.0991859,22221375,,,,,,,,,,
148.6431193,40.3879446,67666096,09543439+4023170,,,,,,,,,
148.4167672,-45.6591078,35516889,09534008-4539330,,,,,,,,,
148.3783199,35.570548,4918918,,,,,,,,,,
148.1851516,6.216103,377064495,09524454+0612589,,,,,,,,,
147.5800667,-66.1139253,371443216,09501920-6606500,,,,,,,,,
147.1745753,-51.756564,445903569,09484191-5145236,,,,,,,,,
146.3970631,-66.6866307,371188886,09453549-6641120,,,,,,,,,
146.121464,-45.7790165,34068865,,,,,,,,,,
145.645472,-62.4758857,362249359,,,,,,,,,,
145.2229223,27.950158,125552076,09405353+2757006,,,,,,,,,
144.9268593,-28.5856004,315002523,09394244-2835081,,,,,,,,,
144.8751047,-20.9824191,408310006,09393009-2058568,,,,,,,,,
144.5377709,-49.3352226,280655495,09380910-4920069,,,,,,,,,
144.2876092,-29.800444,189625051,09370902-2948015,,,,,,,,,
144.1193594,-50.4630933,280206394,09362869-5027478,,,,,,,,,
143.9265177,-60.3574758,361343239,09354239-6021271,,,,,,,,,
142.743406,26.5399951,172518755,09305841+2632246,,,,,,,,,
142.1734459,-12.1671652,296739893,,,,,,,,,,
141.9206435,-19.3476477,176685457,09274096-1920515,,,,,,,,,
140.6569501,50.6037764,457134360,09223756+5036134,,,,,,,,,
140.5063164,-23.946102,423275733,09220153-2356462,,,,,,,,,
140.4451478,18.469628,86130229,09214684+1828102,,,,,,,,,
140.3993759,-60.2811692,359271092,,,,,,,,,,
140.3390845,14.3678691,55315929,09212142+1422046,,,,,,,,,
140.1029654,33.8823291,8767448,09202471+3352567,,,,,,,,,
140.0875894,-31.2692116,19684256,09202105-3116095,,,,,,,,,
139.1125648,69.0741284,289661991,09162700+6904269,,,,,,,,,
137.3794986,16.3558324,321285788,09093108+1621212,,,,,,,,,
137.2015437,11.8622503,323687123,,,,,,,,,,
136.7892752,15.2056765,330690135,09070943+1512205,,,,,,,,,
136.777644,46.6724251,39699648,09070675+4640214,,,,,,,,,
136.5741931,19.4020565,243244680,09061775+1924080,,,,,,,,,
136.4894259,16.3255146,330687113,09055745+1619320,,,,,,,,,
136.4259999,55.3071309,459762279,09054223+5518267,,,,,,,,,
136.3614923,21.6685886,203289099,09052674+2140075,,,,,,,,,
135.8832666,14.2504994,330621494,09033200+1415018,,,,,,,,,
135.5458029,-3.4208194,149845414,09021100-0325145,,,,,,,,,
135.4163028,-20.7203686,118956453,09013992-2043133,,,,,,,,,
135.3443583,6.0970828,270468559,09012265+0605500,,,,,,,,,
135.3350487,18.8252879,203228393,09012038+1849316,,,,,,,,,
135.0194934,13.2737056,437054764,09000476+1316258,,,,,,,,,
134.9576234,-48.4884929,401125028,08594984-4829182,,,,,,,,,
134.7226445,-13.3125792,348835438,08585340-1318450,,,,,,,,,
134.7188514,21.0747961,203214081,,,,,,,,,,
134.4441404,21.4532748,197249801,08574660+2127127,,,,,,,,,
134.2021746,21.5026882,197246627,08564852+2130094,,,,,,,,,
134.0892456,-12.9306438,348755728,08562138-1255503,,,,,,,,,
133.8557342,10.4692176,458686847,08552535+1028087,,,,,,,,,
133.8382032,16.7940663,46382728,08552113+1647389,,,,,,,,,
133.8081054,18.9497263,197241396,08551396+1856592,,,,,,,,,
133.7094899,11.8482712,444037742,08545028+1150537,,,,,,,,,
133.6410515,23.1329509,197221381,08543387+2307584,,,,,,,,,
133.4086892,-40.543701,190496853,08533810-4032376,,,,,,,,,
133.3242982,8.5230171,444013020,08531783+0831229,,,,,,,,,
133.1468373,28.3298154,332064670,,,,,,,,,,
133.1218996,21.2386816,197215129,08522920+2114204,,,,,,,,,
132.7376431,13.170269,46296576,08505703+1310133,,,,,,,,,
132.7193327,25.0380824,117414377,08505273+2502172,,,,,,,,,
132.7075876,21.7890367,238608004,08504989+2147209,,,,,,,,,
132.6211743,17.5423852,46259692,08502906+1732328,,,,,,,,,
132.5235618,23.1924709,332024125,08500566+2311333,,,,,,,,,
132.1698795,20.4550162,332022997,08484077+2027182,,,,,,,,,
132.1268608,15.6558964,293496724,08483045+1539216,,,,,,,,,
132.0098683,16.9017663,293460551,08480233+1654067,,,,,,,,,
131.9386628,16.3289144,293459761,08474528+1619440,,,,,,,,,
131.5803897,-8.0269855,13349647,08461929-0801370,,,,,,,,,
131.3583524,19.698401,184914317,08452605+1941544,,,,,,,,,
131.2665588,13.5497322,293375721,08450398+1332594,,,,,,,,,
131.1069959,1.8598933,350293646,08442570+0151361,,,,,,,,,
130.9002258,63.0780768,458419328,08433613+6304413,,,,,,,,,
130.8783479,24.4229559,117275513,08433079+2425234,,,,,,,,,
130.7988719,13.0094226,333800257,08431171+1300345,,,,,,,,,
130.5056385,3.7105662,379929661,08420135+0342380,,,,,,,,,
130.5013137,20.3593003,175290532,08420032+2021334,,,,,,,,,
130.4971951,19.9166357,175290685,08415934+1954599,,,,,,,,,
130.4102091,17.6399744,337632006,08413848+1738240,,,,,,,,,
130.3439097,18.9338205,175265494,08412258+1856020,,,,,,,,,
130.2951535,-16.0363275,1003831,08411084-1602105,,,,,,,,,
130.2596625,14.6902225,337607207,08410232+1441250,,,,,,,,,
130.180046,10.9829509,366631954,08404327+1058585,,,,,,,,,
130.1551381,13.0146799,21339280,08403726+1300527,,,,,,,,,
130.082542,18.6929046,175241633,08401981+1841344,,,,,,,,,
130.0558953,19.7787519,175262071,08401345+1946436,,,,,,,,,
130.0266951,19.0923416,175261852,,,,,,,,,,
129.8823772,47.3519076,20096620,08393180+4721073,,,,,,,,,
129.8137008,23.3574367,175236511,08391527+2321269,,,,,,,,,
129.7768928,19.0100046,175233369,08390649+1900360,,,,,,,,,
129.6894456,23.6852651,175193677,,,,,,,,,,
129.6883026,-13.2565267,101011575,08384526-1315240,,,,,,,,,
129.6821253,15.6806039,21276520,08384378+1540503,,,,,,,,,
129.6366594,19.7737202,175194958,08383283+1946256,,,,,,,,,
129.5720221,-23.550217,118339710,08381729-2333007,,,,,,,,,
129.3896679,16.5220648,21247758,08373352+1631196,,,,,,,,,
129.3625717,18.9766197,195193025,08372705+1858360,,,,,,,,,
129.2823699,20.3992512,195193560,08370778+2023577,,,,,,,,,
129.1405227,14.4618826,21244210,08363360+1427429,,,,,,,,,
129.1299193,10.1472175,468989066,08363117+1008501,,,,,,,,,
128.9256885,10.2065866,468987719,08354217+1012239,,,,,,,,,
128.6616644,31.5539793,172900988,08343881+3133147,,,,,,,,,
128.3219134,13.6613758,20536788,08331725+1339413,,,,,,,,,
128.0670932,11.6307099,366622912,08321610+1137504,,,,,,,,,
127.9373409,19.0745863,178246831,08314496+1904288,,,,,,,,,
127.882912,11.922255,366576758,08313191+1155202,,,,,,,,,
127.762837,10.8475571,366568760,08310308+1050513,,,,,,,,,
127.761137,16.9004702,20484888,08310268+1654020,,,,,,,,,
127.5787231,22.2359194,178217113,08301891+2214092,,,,,,,,,
127.5541103,10.9101444,366528389,08301297+1054371,,,,,,,,,
127.3872297,-12.9447683,386259537,08293295-1256411,,,,,,,,,
126.9366624,17.5793267,7059054,08274481+1734457,,,,,,,,,
126.8968265,11.6674131,366484980,08273526+1140030,,,,,,,,,
126.6158279,10.0803708,366443426,08262784+1004493,,,,,,,,,
126.5535002,12.281851,7020254,08261282+1216550,,,,,,,,,
126.4882114,11.5110933,366410512,08255719+1130402,,,,,,,,,
126.4762179,20.3593384,14635562,08255432+2021344,,,,,,,,,
126.4643579,10.246577,366411016,,,,,,,,,,
126.4337428,-13.5595485,409794137,08254410-1333356,,,,,,,,,
126.3726821,23.2974061,14603874,08252951+2317504,,,,,,,,,
126.3378248,-11.5009889,50712784,08252108-1130035,,,,,,,,,
125.9864854,22.663226,14570099,,,,,,,,,,
125.9528309,22.6339399,14570090,08234865+2238024,,,,,,,,,
125.617407,13.7353093,6893917,08222820+1344071,,,,,,,,,
125.5443036,-19.1242852,143526233,08221064-1907274,,,,,,,,,
125.4202985,13.4975122,6892385,08214087+1329512,,,,,,,,,
125.3050544,-46.4842959,83092282,08211322-4629031,,,,,,,,,
125.2239144,16.0907958,60286662,08205372+1605274,,,,,,,,,
125.007177,14.0194586,60256211,08200170+1401100,,,,,,,,,
124.6426189,13.5027816,186853124,08183423+1330102,,,,,,,,,
124.6067582,-19.6627918,218795833,08182567-1939465,,,,,,,,,
124.5328604,-68.3144658,307210830,,,,,,,,,,
124.3609294,17.0241557,186814470,08172665+1701278,,,,,,,,,
124.073681,-8.6865813,19342878,08161768-0841121,,,,,,,,,
123.9498431,5.8368669,455135327,08154797+0550121,,,,,,,,,
123.3950504,68.5745899,71582156,08133494+6834293,,,,,,,,,
123.3922465,-1.9827874,178367144,08133416-0158579,,,,,,,,,
123.3818484,16.419516,27635334,08133165+1625107,,,,,,,,,
123.3442567,12.2221079,27649847,08132251+1213181,,,,,,,,,
123.250703,4.7870288,455096220,08130018+0447132,,,,,,,,,
123.1361518,13.6884986,27626711,08123267+1341184,,,,,,,,,
121.8632568,29.3886446,95660472,08072719+2923194,,,,,,,,,
120.6116787,64.7971531,285048486,08022653+6447489,,,,,,,,,
120.5936065,3.3371629,452866790,,,,,,,,,,
119.7735021,15.391209,19028197,,,,,,,,,,
119.0598183,-35.1167104,151483286,07561435-3507000,,,,,,,,,
118.9945352,-52.3548332,269333648,07555866-5221177,,,,,,,,,
118.5693065,-65.441482,382626661,07541669-6526294,,,,,,,,,
118.4831501,23.9382192,63189173,07535598+2356176,,,,,,,,,
118.0634379,12.1393474,17746821,07521521+1208218,,,,,,,,,
117.9246417,9.3852412,453211454,,,,,,,,,,
117.4793699,27.3631342,130181866,07495506+2721473,,,,,,,,,
117.4149764,-52.1204471,268644785,07493960-5207136,,,,,,,,,
117.0267691,50.2251472,356473034,,,,,,,,,,
116.7971978,68.4766845,71431780,07471130+6828358,,,,,,,,,
116.7163868,39.0944695,9155187,07465196+3905404,,,,,,,,,
116.3707214,-52.3832587,268301217,07452898-5222599,,,,,,,,,
115.9317105,-1.073333,68007716,07434358-0104235,,,,,,,,,
115.1366858,2.0985879,280437559,07403284+0205561,,,,,,,,,
114.9426489,-21.4856184,415276070,07394624-2129081,,,,,,,,,
114.4673065,-62.0782776,349972412,07375217-6204416,,,,,,,,,
114.2833819,-32.7554188,114299824,07370802-3245195,,,,,,,,,
113.9847611,-32.8419988,114018671,,,,,,,,,,
113.8523276,-73.5774089,271971130,07352425-7334388,,,,,,,,,
113.7582526,17.8300283,14770122,07350197+1749482,,,,,,,,,
113.1842383,33.8350214,239154970,07324421+3350061,,,,,,,,,
112.965421,-73.6060358,271893367,07315176-7336220,,,,,,,,,
112.4192251,-29.9379163,112604564,07294061-2956163,,,,,,,,,
112.0100593,-63.5177788,349576261,07280242-6331041,,,,,,,,,
111.9164295,24.3361185,26826078,07273995+2420118,,,,,,,,,
111.5095293,7.6157759,425206121,07260228+0736569,,,,,,,,,
110.7353308,67.2526565,147797743,07225646+6715091,,,,,,,,,
110.5126861,-57.384998,339672028,07220299-5723054,,,,,,,,,
110.4835517,-12.5654781,95589845,07215606-1233556,,,,,,,,,
110.3880285,58.2681094,51234631,07213317+5816051,,,,,,,,,
110.2495104,-13.9262649,409594381,07205987-1355343,,,,,,,,,
110.2473528,-21.1146384,10827386,07205934-2106527,,,,,,,,,
110.1704109,-33.9223285,320411045,07204090-3355204,,,,,,,,,
110.1685157,37.1405946,371234684,07204044+3708263,,,,,,,,,
110.0076569,-10.5698414,318796593,07200185-1034112,,,,,,,,,
109.3883818,-19.8289392,100389539,07173322-1949443,,,,,,,,,
109.1045212,-31.2443947,98545929,07162509-3114397,,,,,,,,,
108.8251171,14.2626064,440777904,07151801+1415453,,,,,,,,,
108.4523991,-33.4373462,98283926,07134857-3326143,,,,,,,,,
108.301409,-42.4097623,134537478,07131235-4224350,,,,,,,,,
108.0442066,-10.63934,178162579,07121060-1038217,,,,,,,,,
107.8436846,-68.8333403,300038935,07112249-6850006,,,,,,,,,
107.8333348,-35.8505185,97921547,07112000-3551019,,,,,,,,,
107.6002312,-39.0972705,22529346,07102406-3905506,,,,,,,,,
107.4881501,-37.230948,157698565,07095718-3713515,,,,,,,,,
106.6800684,65.857249,88529975,07064320+6551262,,,,,,,,,
106.5298146,-75.8195594,391903064,07060715-7549109,,,,,,,,,
105.4045516,72.4149297,141488193,07013709+7224538,,,,,,,,,
105.0833291,56.8241941,14336130,07001990+5649280,,,,,,,,,
103.5173558,-27.0504156,53750200,06540416-2703013,,,,,,,,,
103.4242023,-5.5360385,282706928,06534181-0532097,,,,,,,,,
103.4128333,12.8815784,387690507,06533906+1252545,,,,,,,,,
102.8474248,-29.0586551,53458803,06512340-2903309,,,,,,,,,
102.7211432,-5.0864557,281909674,06505307-0505112,,,,,,,,,
102.1946233,-0.6727861,36440357,06484671-0040219,,,,,,,,,
102.0798591,-3.1021394,36352297,06481917-0306077,,,,,,,,,
101.9942455,-21.9107112,4616072,06475862-2154385,,,,,,,,,
101.922543,-3.7192892,36105482,06474141-0343094,,,,,,,,,
101.3948048,-33.8816918,52689469,06453475-3352540,,,,,,,,,
101.2772396,0.8152163,234112540,06450653+0048548,,,,,,,,,
101.1275033,-42.7622296,170102285,06443062-4245425,,,,,,,,,
101.1149223,-32.8583878,52640302,06442760-3251302,,,,,,,,,
101.0526207,-0.2991544,280420719,06441262-0017568,,,,,,,,,
100.9561682,-1.0630076,280304863,06434947-0103468,,,,,,,,,
100.8480137,27.2521823,84339983,06432353+2715082,,,,,,,,,
100.8331246,-66.9476563,176956893,06431993-6656515,,,,,,,,,
100.7656871,-1.2964437,280210963,06430376-0117471,,,,,,,,,
100.5712467,-29.77678,172598832,06421710-2946365,,,,,,,,,
100.1951714,9.2573953,220323515,06404684+0915267,,,,,,,,,
99.8979924,25.4824005,284326455,06393552+2528571,,,,,,,,,
99.7345935,-36.64613,147977348,06385630-3638462,,,,,,,,,
99.3641336,-15.4812031,443556801,06372748-1528537,,,,,,,,,
99.2915429,17.5662696,307809773,,,,,,,,,,
99.2630608,1.7675497,281408474,06370314+0146031,,,,,,,,,
98.3511016,-23.486086,47911178,06332426-2329103,,,,,,,,,
98.1724172,-0.0316045,37168957,06324137-0001537,,,,,,,,,
97.7487104,66.3605956,396740648,06305955+6621384,,,,,,,,,
97.7204249,0.2268931,234825296,06305289+0013369,,,,,,,,,
97.636645,29.6722662,86396382,06303279+2940202,,,,,,,,,
97.0957165,-65.5786149,150428135,,,,,,,,,,
97.0335983,-0.1707293,42821097,06280805-0010144,,,,,,,,,
96.7446427,-46.8213635,232038798,06265871-4649171,,,,,,,,,
96.6467023,-38.6072095,119292328,06263519-3836241,,,,,,,,,
95.4162204,11.2516477,263179590,06213989+1115062,,,,,,,,,
95.3088995,53.2950203,241249530,06211411+5317423,,,,,,,,,
94.820735,-4.4222978,250595183,06191697-0425201,,,,,,,,,
94.7929552,73.8275672,138168780,06191038+7349396,,,,,,,,,
94.4447595,-35.706364,124778445,06174675-3542230,,,,,,,,,
94.4042694,31.6103309,239977528,06173702+3136371,,,,,,,,,
94.3363562,-38.3233826,393414358,06172074-3819237,,,,,,,,,
94.2838373,76.21102,445805961,06170789+7612387,,,,,,,,,
94.2064312,24.5958335,83181153,06164957+2435470,,,,,,,,,
94.1644734,-13.987337,34077285,06163947-1359147,,,,,,,,,
94.1120914,-22.5468824,59843967,06162689-2232487,,,,,,,,,
94.0099043,-25.0314111,37770169,06160231-2501519,,,,,,,,,
93.9592639,16.0238459,434398831,06155022+1601261,,,,,,,,,
93.1147397,-23.4924956,124379043,06122753-2329331,,,,,,,,,
93.0578446,-14.6493167,33692729,,,,,,,,,,
92.9361063,-65.8258386,150151262,06114467-6549335,,,,,,,,,
92.6640226,30.9571333,97735908,06103935+3057258,,,,,,,,,
92.1330955,-59.5409853,260128333,06083197-5932280,,,,,,,,,
91.8722801,-25.5948963,37348844,06072933-2535417,,,,,,,,,
91.7996988,-61.9972098,150098860,06071197-6159487,,,,,,,,,
91.5403204,-19.9534443,124029677,06060966-1957118,,,,,,,,,
91.0897193,-16.9653901,306362738,06042146-1657550,,,,,,,,,
91.0036423,55.0199793,445751830,06040089+5501126,,,,,,,,,
90.6436658,-0.5771099,11755687,06023447-0034369,,,,,,,,,
90.4747237,-13.461371,95057860,06015391-1327410,,,,,,,,,
90.3581219,12.5478825,97714451,06012595+1232525,,,,,,,,,
90.3083455,34.7730904,353475866,06011402+3446233,,,,,,,,,
90.0625878,11.8840577,97568467,06001500+1153030,,,,,,,,,
89.5988945,-30.8117992,143143769,05582375-3048424,,,,,,,,,
89.3712733,-83.1297264,261257684,05572938-8307486,,,,,,,,,
89.1300265,-5.0120298,39414571,05563119-0500430,,,,,,,,,
88.3784618,-16.2653974,317548889,05533088-1615537,,,,,,,,,
88.1468079,-19.0316268,33521996,05523523-1901539,,,,,,,,,
88.0929073,-13.3724686,317483660,05522231-1322209,,,,,,,,,
87.679561,-27.6233218,32949762,05504305-2737233,,,,,,,,,
87.4017825,-54.910423,350618622,05493641-5454386,,,,,,,,,
87.1880397,32.0840435,239816546,05484513+3205028,,,,,,,,,
87.1398205,-63.9883286,149603524,05483359-6359183,,,,,,,,,
86.8509737,-60.5213081,149601126,05472416-6031170,,,,,,,,,
86.738228,-11.2353401,66561343,05465717-1114073,,,,,,,,,
85.0800537,11.5626373,144700903,05401918+1133463,,,,,,,,,
84.3267559,-27.9725758,32499655,05371842-2758214,,,,,,,,,
84.2992798,-80.4646041,261136679,,,,,,,,,,
84.1527191,0.8962788,220076110,05363665+0053466,,,,,,,,,
83.8689794,-14.5971909,46432937,05352856-1435504,,,,,,,,,
83.8659288,21.2942417,437856897,05352782+2117396,,,,,,,,,
83.2692502,-26.7238698,31374837,,,,,,,,,,
82.7142134,-36.6309812,192826603,05305145-3637508,,,,,,,,,
82.2900716,-0.3428983,50618703,05290957-0020331,,,,,,,,,
82.1433321,-39.3730456,192790476,05283427-3922232,,,,,,,,,
81.8532824,-14.2767404,94986319,05272482-1416370,,,,,,,,,
81.3488924,-44.4312849,7422496,05252379-4425510,,,,,,,,,
81.3445824,-34.6682491,24358417,05252264-3440059,,,,,,,,,
80.5382418,-30.9708179,78055054,05220915-3058150,,,,,,,,,
80.4212533,-38.656827,167714124,05214111-3839245,,,,,,,,,
80.066927,-4.2392481,4070275,05201599-0414220,,,,,,,,,
79.9516586,21.2591617,6139066,05194836+2115330,,,,,,,,,
79.7682532,-71.8955269,179317684,05190435-7153441,,,,,,,,,
79.621529,1.253439,449197831,05182917+0115139,,,,,,,,,
79.5209381,-80.964384,391949880,05180539-8057527,,,,,,,,,
79.1407971,20.2549034,5882269,05163376+2015184,,,,,,,,,
78.9198197,16.2786991,411839167,05154075+1616435,,,,,,,,,
78.3391194,16.4141986,411697517,05132138+1624510,,,,,,,,,
78.2955912,33.3179532,367366318,05131092+3319054,,,,,,,,,
77.612879,70.391079,417646390,05102703+7023279,,,,,,,,,
76.8673317,16.8676948,293612446,05072816+1652037,,,,,,,,,
76.6496172,-20.2456126,146520535,05063588-2014441,,,,,,,,,
76.3096949,-47.9375391,200322593,05051443-4756154,,,,,,,,,
76.2621295,21.580162,69274518,05050291+2134485,,,,,,,,,
76.0818912,-6.2297801,43647325,05041962-0613473,,,,,,,,,
75.8462827,-54.1777213,220479565,05032306-5410378,,,,,,,,,
75.795382,-30.3994612,1528696,05031090-3023576,,,,,,,,,
75.4801665,50.1311784,259506033,05015525+5007526,,,,,,,,,
75.2996637,-26.0541438,13021029,05011191-2603149,,,,,,,,,
74.7376264,-50.6274153,219344917,,,,,,,,,,
74.6928607,17.2690562,59088823,04584629+1716092,,,,,,,,,
74.5523332,9.9979794,399870368,04581255+0959527,,,,,,,,,
74.5043816,48.3008551,453064665,04580102+4818038,,,,,,,,,
74.4023015,21.6019759,68808155,04573656+2136074,,,,,,,,,
73.9800129,-63.2603301,55652896,04555525-6315362,,,,,,,,,
73.7667927,18.654323,68577662,04550395+1839164,,,,,,,,,
73.7014398,-76.6806061,140691463,04544830-7640498,,,,,,,,,
73.3553101,-32.8003484,1333933,04532526-3248011,,,,,,,,,
72.9005729,-34.2262128,1309019,04513613-3413342,,,,,,,,,
72.6940102,-60.9054608,55525572,04504658-6054196,,,,,,,,,
72.6605916,1.8938365,452808876,04503856+0153381,,,,,,,,,
71.8244347,-17.1151736,117979897,04471785-1706545,,,,,,,,,
71.5549449,-0.8048725,176314383,04461317-0048172,,,,,,,,,
71.110002,16.5185817,436575927,04442635+1631073,,,,,,,,,
71.0281482,84.3642652,428787891,04440676+8421511,,,,,,,,,
70.9975864,-31.9066369,1167538,04435942-3154234,,,,,,,,,
70.4438684,16.6743415,245946724,04414653+1640281,,,,,,,,,
70.4322947,-40.0445299,77287067,04414374-4002404,,,,,,,,,
70.3397665,-32.3204175,170849515,04412154-3219128,,,,,,,,,
70.1493775,25.0098135,150096001,,,,,,,,,,
69.5523415,39.4580035,155867025,04381253+3927299,,,,,,,,,
68.9743955,2.4312732,455036659,04355384+0225526,,,,,,,,,
68.9598159,-64.027039,38846515,04355033-6401373,,,,,,,,,
68.8465093,56.8682691,9443323,04352318+5652055,,,,,,,,,
68.5939529,43.0370395,28900646,04342248+4302148,,,,,,,,,
68.4160804,-51.9573937,259377017,,,,,,,,,,
68.1789866,-39.7908744,77156829,,,,,,,,,,
68.1364792,-38.9682973,77156657,04323274-3858060,,,,,,,,,
67.984371,-34.4555327,170729775,04315623-3427189,,,,,,,,,
67.418582,-28.1972149,178879588,04294044-2811501,,,,,,,,,
67.4128615,22.8825674,18310799,04293897+2252579,,,,,,,,,
67.2228465,-21.4820568,139733308,04285348-2128548,,,,,,,,,
66.3709016,-30.6004362,170634116,04252901-3036016,,,,,,,,,
66.248142,39.460602,353459965,04245952+3927382,,,,,,,,,
66.2363638,18.8273617,17409453,04245669+1849387,,,,,,,,,
65.9796504,27.8223701,58542531,04235514+2749213,,,,,,,,,
65.469614,21.3532633,17307715,,,,,,,,,,
65.4695814,57.8172095,8400842,04215269+5749018,,,,,,,,,
65.280648,48.8198312,470381900,04210733+4849116,,,,,,,,,
65.2383065,-68.1026875,29781292,04205712-6806095,,,,,,,,,
64.1902212,-12.0848643,70899085,,,,,,,,,,
64.1839982,-26.7664071,179034327,04164419-2645571,,,,,,,,,
64.1309096,-28.3157909,44898913,,,,,,,,,,
63.9283394,29.166542,56658270,04154278+2909597,,,,,,,,,
63.7562662,-22.1163901,139528693,04150149-2206591,,,,,,,,,
63.374706,-69.2265926,25155310,04132972-6913365,,,,,,,,,
63.2739346,15.2477027,434226736,04130560+1514520,,,,,,,,,
63.2662165,20.9151568,16005254,04130384+2054550,,,,,,,,,
63.2182348,24.2047218,56520147,04125232+2412185,,,,,,,,,
62.966385,-37.93973,257605131,04115194-3756232,,,,,,,,,
62.670422,24.4016558,56399553,04104086+2424061,,,,,,,,,
62.6160813,-45.8982434,152476657,04102785-4553535,,,,,,,,,
62.1992072,67.1165264,102713734,04084777+6706595,,,,,,,,,
61.9410587,-25.2088028,44792534,04074585-2512312,,,,,,,,,
61.6862197,-16.7557546,332558858,04064468-1645199,,,,,,,,,
61.6578005,-25.3496674,44745133,04063786-2520589,,,,,,,,,
61.4012482,-14.9267458,332534326,04053628-1455364,,,,,,,,,
61.331654,20.1570318,15756231,04051959+2009256,,,,,,,,,
60.9493919,-25.4089214,44737596,04034783-2524320,,,,,,,,,
60.9482779,-19.0568182,178289267,04034760-1903242,,,,,,,,,
60.7929729,16.347166,243014114,04031027+1620509,,,,,,,,,
60.7483361,9.2077676,407966340,,,,,,,,,,
60.4246951,60.8913677,328513434,04014183+6053297,,,,,,,,,
60.3855387,-20.4509991,178284730,04013254-2027039,,,,,,,,,
60.3752402,15.6251296,242993844,04012997+1537300,,,,,,,,,
60.1998256,-54.5929177,198008005,04004794-5435342,,,,,,,,,
59.9013782,15.5587994,242988068,03593637+1533320,,,,,,,,,
59.8903081,21.2985263,14227229,03593351+2117552,,,,,,,,,
59.464829,18.4649505,14160842,03575144+1827551,,,,,,,,,
59.3094816,22.3783373,14156936,03571426+2222422,,,,,,,,,
59.1527391,22.4724517,14111411,03563656+2228216,,,,,,,,,
59.037486,13.5590288,242961495,03560900+1333334,,,,,,,,,
58.7967878,23.7567524,14078624,03551125+2345245,,,,,,,,,
58.4290113,-34.3282716,166833457,03534291-3419414,,,,,,,,,
58.2691796,17.9069486,440724456,03530460+1754255,,,,,,,,,
58.2639299,-30.8046405,166806344,03530331-3048164,,,,,,,,,
58.003631,19.3909877,440701570,03520082+1923283,,,,,,,,,
57.6572277,-15.0262251,279401253,03503769-1501339,,,,,,,,,
57.4854562,14.5020556,59040029,03495652+1430080,,,,,,,,,
57.3389409,-60.7871861,237922465,03492133-6047137,,,,,,,,,
57.0671234,20.4594885,440687723,03481599+2027347,,,,,,,,,
56.3906096,37.1122803,201186294,03453363+3706438,,,,,,,,,
56.337007,60.350917,392681545,03452100+6021033,,,,,,,,,
55.9336392,-65.19378,388104525,03434402-6511378,,,,,,,,,
55.8093566,16.6344396,434133930,03431422+1638044,,,,,,,,,
55.4590314,-62.7672667,425997655,03415036-6246014,,,,,,,,,
55.4442857,18.2684913,640381384,,,,,,,,,,
55.2559307,13.5191871,435339558,03410141+1331098,,,,,,,,,
55.2296156,20.7360891,114031109,03405510+2044100,,,,,,,,,
55.228521,12.572448,435339847,03405481+1234216,,,,,,,,,
54.819538,-42.7630276,100990000,03391676-4245452,,,,,,,,,
54.7514566,19.1199667,113979956,03390038+1907126,,,,,,,,,
54.3882661,10.0577464,399967279,03373314+1003283,,,,,,,,,
53.6511231,20.5990205,26123781,03343623+2035574,,,,,,,,,
53.1594266,-81.250745,350153977,03323821-8115026,,,,,,,,,
52.8888524,22.4348186,26078330,03313333+2226055,,,,,,,,,
52.8180374,-23.8197924,257567854,03311633-2349109,,,,,,,,,
52.5035514,17.5841081,435279748,03300086+1735032,,,,,,,,,
52.3420548,22.2993491,26017005,03292204+2217577,,,,,,,,,
52.2917315,-31.3628665,142937186,,,,,,,,,,
51.6572691,40.8172704,194736418,03263773+4049029,,,,,,,,,
51.6403449,-43.6136649,404518509,03263368-4336489,,,,,,,,,
51.5531053,18.6355718,25958378,03261265+1838081,,,,,,,,,
51.2284214,-73.9575458,358107516,03245487-7357273,,,,,,,,,
50.5104166,17.2392094,303432813,,,,,,,,,,
50.2752271,25.2972658,28961316,03210600+2517505,,,,,,,,,
49.746545,-46.458025,153078576,03185915-4627273,,,,,,,,,
49.562173,-41.3020235,159951311,03181493-4118077,,,,,,,,,
49.2626428,-42.2441492,153065527,,,,,,,,,,
49.178124,15.6563542,333657795,,,,,,,,,,
48.4354731,25.1973548,35022727,03134450+2511506,,,,,,,,,
47.7285242,-73.531972,358070912,03105467-7331556,,,,,,,,,
47.3841872,-34.1984808,209464063,03093220-3411530,,,,,,,,,
47.3689472,30.6733817,85593751,03092855+3040249,,,,,,,,,
46.8186159,-31.1629951,209459275,03071649-3109455,,,,,,,,,
46.7806502,40.147174,186810676,03070731+4008503,,,,,,,,,
46.2926368,-21.9336472,257527578,03051020-2156011,,,,,,,,,
45.9564744,83.5874273,428679607,03034874+8335152,,,,,,,,,
45.4624781,-16.5944956,98796344,,,,,,,,,,
45.4011794,69.2299235,376353509,03013623+6913476,,,,,,,,,
44.3388743,76.5514045,396562848,,,,,,,,,,
43.884794,-34.9779745,91555165,,,,,,,,,,
43.8284749,-79.4147039,394357918,,,,,,,,,,
43.6880738,-10.8980242,382391899,02544513-1053530,,,,,,,,,
43.4344615,69.101345,408618999,02534440+6906050,,,,,,,,,
43.3161555,0.0523366,439867639,02531581+0003087,,,,,,,,,
42.9849779,-30.8140609,178155732,,,,,,,,,,
42.7217412,29.0222492,436875934,02505320+2901206,,,,,,,,,
42.5582023,25.3335334,436873727,02501388+2520010,,,,,,,,,
42.4366123,71.7530882,302773669,02494447+7145115,,,,,,,,,
42.2915093,-58.0246828,207110080,02490995-5801290,,,,,,,,,
42.2476999,-14.5372835,29960110,,,,,,,,,,
41.6391598,-0.4641252,35857242,02463338-0027501,,,,,,,,,
41.0400779,-30.1690785,122612091,02440959-3010085,,,,,,,,,
40.1798608,1.1996757,318753380,,,,,,,,,,
39.8976689,-50.0081934,166836920,02393544-5000288,,,,,,,,,
39.4297435,80.2673838,279947414,02374306+8016028,,,,,,,,,
39.2823371,54.8512152,245509452,02370772+5451046,,,,,,,,,
38.4706782,-10.6573827,4672985,02335291-1039262,,,,,,,,,
38.3691648,56.025708,245392284,02332859+5601325,,,,,,,,,
38.361569,41.0134321,139375960,02332674+4100483,,,,,,,,,
38.2712534,-10.352178,4646810,,,,,,,,,,
38.1209678,-78.0236828,299799658,02322848-7801256,,,,,,,,,
37.1978356,-80.8991053,299798795,,,,,,,,,,
37.1555223,-7.0606675,1129033,02283722-0703384,,,,,,,,,
36.8678846,-27.6361171,120896927,,,,,,,,,,
36.7758112,-50.2844247,166739520,02270610-5017042,,,,,,,,,
36.7127375,37.5504441,129979528,02265106+3733017,,,,,,,,,
36.1561463,-65.0001957,382602147,02243746-6459599,,,,,,,,,
35.3834942,32.2460441,285272237,02213197+3214461,,,,,,,,,
35.2157609,-1.8260419,332911893,02205177-0149337,,,,,,,,,
35.2135563,23.5204408,246965431,02205119+2331149,,,,,,,,,
33.1540208,-35.3909182,70524163,02123692-3523272,,,,,,,,,
33.1310921,51.7787754,250707118,02123147+5146435,,,,,,,,,
32.782085,2.4181937,270380593,02110763+0225050,,,,,,,,,
32.534687,-31.0706272,70513361,,,,,,,,,,
31.9091639,-20.661843,268766053,02073820-2039426,,,,,,,,,
31.6907424,-81.247376,394287035,02064558-8114504,,,,,,,,,
31.0427614,46.6878512,292152376,02041028+4641162,,,,,,,,,
30.9050061,21.2813274,306263608,,,,,,,,,,
29.2634506,0.7588247,422655579,01570320+0045318,,,,,,,,,
28.7157956,-29.4217086,33595516,01545169-2925186,,,,,,,,,
28.2825719,52.0539209,354469661,01530777+5203140,,,,,,,,,
26.7932253,3.1329325,293457754,01471037+0307587,,,,,,,,,
26.632936,2.700389,293435336,01463185+0242019,,,,,,,,,
26.3389717,77.7901231,395393265,01452120+7747244,,,,,,,,,
26.2092533,-18.4013844,164767175,,,,,,,,,,
24.6051389,-55.7720006,230982885,01382504-5546194,,,,,,,,,
24.1678686,-50.659308,158623531,01364035-5039330,,,,,,,,,
23.5934253,-66.6763495,52368076,,,,,,,,,,
23.5214497,-14.4191493,54002556,01340514-1425090,,,,,,,,,
23.507315,65.5139877,389900760,,,,,,,,,,
22.4458116,-60.7399096,237913194,01294694-6044238,,,,,,,,,
22.1679816,53.6860778,308120029,01284037+5341105,,,,,,,,,
21.9217346,72.2966148,422756130,01274094+7217472,,,,,,,,,
21.8711012,38.9681137,189380158,01272906+3858053,,,,,,,,,
21.1861778,21.5130638,456862677,01244468+2130469,,,,,,,,,
21.1061587,1.7049101,399731211,01242543+0142176,,,,,,,,,
21.0651251,32.8107,61205803,01241564+3248387,,,,,,,,,
20.9224567,-8.7017944,10837041,,,,,,,,,,
20.7789809,0.8890076,399722652,01230698+0053210,,,,,,,,,
20.4998403,0.7509701,399702475,01215987+0045044,,,,,,,,,
20.4384281,-46.7147234,262530407,,,,,,,,,,
20.2148196,66.0722009,352682207,01205143+6604202,,,,,,,,,
20.1660113,-86.979965,394722182,01203986-8658476,,,,,,,,,
19.6101417,6.8167277,610976842, ,,,,,,,,,
19.5505861,2.7027847,380907135,01181213+0242102,,,,,,,,,
19.4722574,5.4711996,380887434,,,,,,,,,,
19.4493823,6.8688469,376939759,01174783+0652080,,,,,,,,,
19.4418282,11.3684915,376938120,01174602+1122067,,,,,,,,,
19.3047733,9.5012663,376936928,01171307+0930050,,,,,,,,,
19.1146441,49.2331382,240968774,,,,,,,,,,
19.0766985,-20.9532772,439456714,,,,,,,,,,
18.9953122,21.6169065,411608801,01155884+2137010,,,,,,,,,
18.4700795,6.1238647,376905329,01135281+0607261,,,,,,,,,
18.4241015,3.0970732,388811663,,,,,,,,,,
18.3443908,8.9874328,376879419,01132260+0859152,,,,,,,,,
18.2999964,7.0130302,376879052,01131201+0700471,,,,,,,,,
18.0485164,-56.9253875,206541859,01121157-5655316,,,,,,,,,
17.6412694,1.5784137,388801714,01103382+0134416,,,,,,,,,
17.47474,25.6816494,15692883,01095397+2540540,,,,,,,,,
17.3825067,-0.5177539,248351386,01093180-0031031,,,,,,,,,
16.7786879,-75.1989452,183120439,01070679-7511559,,,,,,,,,
16.7615005,6.588798,257802602,01070274+0635198,,,,,,,,,
16.6550286,10.1897385,257801011,01063719+1011231,,,,,,,,,
16.6538724,19.2249195,243185500,,,,,,,,,,
16.4625203,11.7537171,257774438,01055095+1145123,,,,,,,,,
16.2274724,7.2692169,380884458,01045457+0716093,,,,,,,,,
16.1849423,74.3313055,468574941,01044435+7419527,,,,,,,,,
15.7885904,35.3890405,174328045,01030925+3523208,,,,,,,,,
15.6543938,51.3038918,240823272,01023706+5118143,,,,,,,,,
15.5518893,-61.7561333,234523599,01021226-6145216,,,,,,,,,
15.2181412,-24.4239934,63898957,01005222-2425260,,,,,,,,,
15.2175909,0.425966,344661825,01005219+0025334,,,,,,,,,
15.006077,-58.9047242,322307342,01000141-5854172,,,,,,,,,
14.8759777,4.2277722,344657681,00593025+0413402,,,,,,,,,
14.8268138,-19.7711643,268532343,00591837-1946165,,,,,,,,,
14.6903464,1.382807,257436461,,,,,,,,,,
14.5176494,-0.193258,423358488,00580427-0011353,,,,,,,,,
14.1142611,48.6375168,306955329,00562725+4838153,,,,,,,,,
13.4321524,7.9952914,266030192,00534368+0759432,,,,,,,,,
13.1943679,9.6929181,266017624,00524666+0941345,,,,,,,,,
13.1403998,3.5077702,257435562,00523368+0330277,,,,,,,,,
13.0800239,10.7947051,266015990,00521914+1047409,,,,,,,,,
13.0009159,34.728402,53728859,00520018+3443422,,,,,,,,,
12.9908008,13.0783712,58825110,00515779+1304423,,,,,,,,,
12.8452963,8.8675474,266014079,00512286+0852034,,,,,,,,,
12.8419374,59.5758606,312548829,00512203+5934330,,,,,,,,,
12.8206627,12.7879858,58824746,00511695+1247169,,,,,,,,,
12.809613,6.8464327,266014458,00511431+0650473,,,,,,,,,
12.7736909,-1.1958844,333605244,00510570-0111452,,,,,,,,,
12.7700071,9.5167694,266012991,00510476+0931003,,,,,,,,,
12.6140752,5.8712567,257429687,00502730+0552169,,,,,,,,,
12.5467785,-83.7437671,263003176,,,,,,,,,,
11.6996481,0.6406182,257571543,00464793+0038268,,,,,,,,,
11.4802354,6.3470302,418761354,00455526+0620490,,,,,,,,,
11.2983678,6.4815879,405333767,00451161+0628536,,,,,,,,,
11.2564264,0.5931866,257392778,00450151+0035357,,,,,,,,,
11.248632,-15.2741085,92226327,,,,,,,,,,
10.5697537,-36.7179743,118327550,,,,,,,,,,
10.0891431,61.2133868,284441182,00402129+6112490,,,,,,,,,
9.8217519,7.2769939,429035886,00391724+0716375,,,,,,,,,
9.5730343,42.4630961,191284318,00381756+4227470,,,,,,,,,
9.5165832,34.7114025,267650535,00380401+3442416,,,,,,,,,
9.4587443,51.288778,240681314,00375011+5117195,,,,,,,,,
8.8060544,-3.3720833,212957629,,,,,,,,,,
8.7401487,4.3807215,318707987,,,,,,,,,,
8.3862555,61.8607659,419523962,00333268+6151387,,,,,,,,,
7.7095292,-40.5734613,116156517,00305023-4034243,,,,,,,,,
7.3289156,-76.304032,267263253,00291894-7618146,,,,,,,,,
7.3020115,-30.4541159,251848941,,,,,,,,,,
7.0539375,42.0613451,190998418,00281293+4203407,,,,,,,,,
6.7026401,-56.3161021,281541555,00264858-5618580,,,,,,,,,
6.6135927,-56.3442798,281541545,00262717-5620395,,,,,,,,,
6.5293373,14.3364283,336691874,00260704+1420109,,,,,,,,,
5.618525,-59.9425892,281459670,00222848-5956331,,,,,,,,,
5.2377567,-35.998465,120610833,00205699-3559537,,,,,,,,,
5.1669536,31.9899732,57984377,00204007+3159239,,,,,,,,,
5.1605621,-23.9357894,211438925,00203853-2356086,,,,,,,,,
4.859275,44.0275965,440113053,00192622+4401395,,,,,,,,,
4.7730178,-9.9661505,37749396,,,,,,,,,,
4.6030424,-15.2674044,32487566,00182469-1516022,,,,,,,,,
4.5239602,59.7661983,327369524,00180577+5945582,,,,,,,,,
4.4471631,-66.3589285,394137592,00174714-6621323,,,,,,,,,
4.1463468,-10.9764226,37718056,00163511-1058351,,,,,,,,,
3.9617073,1.2005122,427332229,00155080+0112016,,,,,,,,,
3.9579137,13.5576175,52005579,,,,,,,,,,
3.9032733,-11.9382645,12862099,00153675-1156172,,,,,,,,,
2.2715087,-27.1217452,12421862,,,,,,,,,,
1.0465696,-47.3606352,160148385,00041112-4721382,,,,,,,,,
0.7744866,-62.4693167,355703913,00030587-6228096,,,,,,,,,
0.3620995,39.3837953,432549364,00012691+3923017,,,,,,,,,
0.325761,-8.9262512,176220787,00011818-0855347,,,,,,,,,
