file,ticid,sector,cadence,best_period_days,max_power,amplitude_percent,peak1_period,peak2_period,peak3_period,peak4_period,peak5_period,peak1_power,peak2_power,peak3_power,peak4_power,peak5_power,power_pass,ref_period,period_agree,power_and_agree,double_dipper,true_period_d
tess2018206045859-s0001-0000000144065872-0120-s_lc.fits,144065872,1,slow,9.312074307,0.114248943,0.22878826,9.312074307,6.068884811,4.360418024,3.671389971,3.321485217,0.114248943,0.031475054,0.019586178,0.014068846,0.010133093,TRUE,9.312074307,TRUE,TRUE,FALSE,9.312074307
tess2018206045859-s0001-0000000201248411-0120-s_lc.fits,201248411,1,slow,6.068934604,0.421050464,0.64653873,6.068934604,4.360458187,12.70754734,2.73502547,3.099936811,0.421050464,0.154997723,0.081526182,0.020094962,0.0064739,TRUE,6.068934604,TRUE,TRUE,FALSE,6.068934604
tess2018206045859-s0001-0000000279741379-0120-s_lc.fits,279741379,1,slow,8.729041782,0.159915788,0.12750626,8.729041782,3.402590168,2.582996528,4.651445086,1.380653867,0.159915788,0.02547878,0.015369894,0.011353133,0.010783526,TRUE,8.400414863,TRUE,TRUE,FALSE,8.729041782
tess2018206045859-s0001-0000000299798795-0120-s_lc.fits,299798795,1,slow,1.233963551,0.717290421,1.6442436,1.233963551,0.61418201,1.452546132,1.072561897,1.621505694,0.717290421,0.039264044,0.019035058,0.018714225,0.01083378,TRUE,1.235249701,TRUE,TRUE,FALSE,1.233963551
tess2018206045859-s0001-0000000391903064-0120-s_lc.fits,391903064,1,slow,3.321428393,0.958045181,4.38301086,3.321428393,3.986283549,5.582711344,2.846648144,9.978540451,0.958045181,0.075622878,0.059854099,0.058872618,0.043316064,TRUE,3.354253434,TRUE,TRUE,FALSE,3.321428393
tess2018206045859-s0001-0000000410214986-0120-s_lc.fits,410214986,1,slow,2.846677575,0.621229763,3.61047983,2.846677575,3.321461783,1.811120041,1.40852735,2.11311017,0.621229763,0.122943933,0.062987539,0.031975626,0.01820406,TRUE,2.933234909,TRUE,TRUE,FALSE,2.846677575
tess2018206045859-s0001-0000000441420236-0120-s_lc.fits,441420236,1,slow,4.878795942,0.65017882,3.98113489,4.878795942,2.429582131,3.896739412,6.52262946,3.026456852,0.65017882,0.242512527,0.048846529,0.047523602,0.044351443,TRUE,4.818913113,TRUE,TRUE,FALSE,4.878795942
tess2018234235059-s0002-0000000009006668-0121-s_lc.fits,9006668,2,slow,12.62765713,0.096631549,0.2910006,12.62765713,6.902665361,5.103179433,3.526963266,4.171130658,0.096631549,0.059444708,0.057249018,0.019068268,0.007831729,TRUE,12.62765713,TRUE,TRUE,FALSE,12.62765713
tess2018234235059-s0002-0000000077044471-0121-s_lc.fits,77044471,2,slow,5.745072161,0.082979977,2.31879473,5.745072161,12.62768005,4.441549344,3.2741561,1.332291233,0.082979977,0.031677949,0.024098822,0.005965659,0.004198,TRUE,5.745072161,TRUE,TRUE,FALSE,5.745072161
tess2018234235059-s0002-0000000183532609-0121-s_lc.fits,183532609,2,slow,7.676026793,0.349157703,0.32835484,7.676026793,5.300594587,13.9094863,4.30209588,3.718387046,0.349157703,0.187933321,0.076688521,0.059042179,0.019264706,TRUE,7.491309406,TRUE,TRUE,FALSE,7.676026793
tess2018234235059-s0002-0000000224225541-0121-s_lc.fits,224225541,2,slow,3.822072561,0.802378472,1.71009898,3.822072561,4.919923008,3.197715832,1.855435217,2.592675876,0.802378472,0.144995239,0.066769723,0.030791037,0.025560443,TRUE,3.802507375,TRUE,TRUE,FALSE,3.822072561
tess2018234235059-s0002-0000000382626661-0121-s_lc.fits,382626661,2,slow,13.74408249,0.085961388,0.22984326,13.74408249,7.945212901,5.835016465,4.610498344,2.712819349,0.085961388,0.047228052,0.018162779,0.005063665,0.003698744,TRUE,13.74408249,TRUE,TRUE,FALSE,13.74408249
tess2018234235059-s0002-0000000391903064-0121-s_lc.fits,391903064,2,slow,3.329482942,0.953968855,5.58250666,3.329482942,2.829247836,4.17263406,6.105227436,1.721055002,0.953968855,0.078056316,0.074472667,0.027786126,0.022020291,TRUE,3.354253434,TRUE,TRUE,FALSE,3.329482942
tess2018263035959-s0003-0000000200723869-0123-s_lc.fits,200723869,3,slow,5.051911748,0.059171013,0.06975412,5.051911748,3.745517479,2.59509937,2.249619357,1.841113532,0.059171013,0.036219933,0.034867748,0.017464976,0.014219695,TRUE,5.051911748,TRUE,TRUE,FALSE,5.051911748
tess2018263035959-s0003-0000000207141131-0123-s_lc.fits,207141131,3,slow,8.400430568,0.419355441,0.67396879,8.400430568,4.394921879,2.975932361,2.530315802,1.875150174,0.419355441,0.383070253,0.05322034,0.034085137,0.010693702,TRUE,8.602595099,TRUE,TRUE,FALSE,8.400430568
tess2018263035959-s0003-0000000279741379-0123-s_lc.fits,279741379,3,slow,8.400414863,0.307147877,0.1095593,8.400414863,5.316788069,3.371798337,2.530308677,4.04429124,0.307147877,0.277803104,0.02029031,0.016237776,0.016181674,TRUE,8.400414863,TRUE,TRUE,FALSE,8.400414863
tess2018263035959-s0003-0000000309792357-0123-s_lc.fits,309792357,3,slow,11.17921522,0.068621039,0.26213646,11.17921522,5.939824162,2.154044176,3.263322419,2.468736804,0.068621039,0.049323998,0.006930488,0.00584424,0.005337283,TRUE,12.17412963,TRUE,TRUE,FALSE,11.17921522
tess2018263035959-s0003-0000000391903064-0123-s_lc.fits,391903064,3,slow,3.371782127,0.944384503,5.52040577,3.371782127,2.73507111,4.394890997,1.716411751,2.109188484,0.944384503,0.157453669,0.144570654,0.057279499,0.046221796,TRUE,3.354253434,TRUE,TRUE,FALSE,3.371782127
tess2018292075959-s0004-0000000004646810-0124-s_lc.fits,4646810,4,slow,11.2298816,0.68292434,0.31427741,11.2298816,6.958190671,4.672849979,3.833475025,3.249731988,0.68292434,0.315422722,0.02594393,0.023715275,0.02186721,TRUE,11.2298816,TRUE,TRUE,FALSE,11.2298816
tess2018292075959-s0004-0000000029960110-0124-s_lc.fits,29960110,4,slow,11.22215125,0.209788894,0.67468107,11.22215125,7.35073359,3.828613466,5.465310732,3.245462108,0.209788894,0.107357439,0.024038533,0.023257228,0.013132697,TRUE,11.22215125,TRUE,TRUE,FALSE,11.22215125
tess2018292075959-s0004-0000000055652896-0124-s_lc.fits,55652896,4,slow,6.57869955,0.057471278,0.6231916,6.57869955,12.28706861,4.655959942,3.707759715,2.938376467,0.057471278,0.05168475,0.010805879,0.005356609,0.003742554,TRUE,6.57869955,TRUE,TRUE,TRUE,12.28706861
tess2018292075959-s0004-0000000098796344-0124-s_lc.fits,98796344,4,slow,1.400927637,0.64209903,0.6736052,1.400927637,4.508355755,1.072408519,5.715821246,1.226486648,0.64209903,0.040474438,0.031927627,0.027095129,0.026440091,TRUE,1.407134911,TRUE,TRUE,FALSE,1.400927637
tess2018292075959-s0004-0000000178155732-0124-s_lc.fits,178155732,4,slow,3.088487427,0.052363627,0.05045235,3.088487427,2.641730792,3.512824382,1.446268243,5.034610288,0.052363627,0.038620709,0.032706061,0.030524923,0.010155713,TRUE,3.088487427,TRUE,TRUE,FALSE,3.088487427
tess2018292075959-s0004-0000000179034327-0124-s_lc.fits,179034327,4,slow,12.29207951,0.502829527,0.72700262,12.29207951,5.700838283,7.78919331,3.413117246,2.692730158,0.502829527,0.278248032,0.210842837,0.076904667,0.072998198,TRUE,12.29207951,TRUE,TRUE,FALSE,12.29207951
tess2018292075959-s0004-0000000200322593-0124-s_lc.fits,200322593,4,slow,0.725610652,0.186746406,0.71780682,0.725610652,0.363180426,0.625704697,0.863482463,4.486413168,0.186746406,0.049522173,0.007680965,0.006498134,0.002006991,TRUE,0.72711287,TRUE,TRUE,FALSE,0.725610652
tess2018292075959-s0004-0000000300038935-0124-s_lc.fits,300038935,4,slow,20,0.269292105,0.11394978,8.256361098,3.686523382,4.996513717,2.791883157,2.063495903,0.079516441,0.064731371,0.063465177,0.048462681,0.030592529,TRUE,8.256361098,TRUE,TRUE,FALSE,8.256361098
tess2018292075959-s0004-0000000391903064-0124-s_lc.fits,391903064,4,slow,3.323809074,0.95708894,6.21335268,3.323809074,4.065303516,2.811079814,1.692287625,5.026441318,0.95708894,0.213178234,0.188548234,0.072715229,0.030540439,TRUE,3.354253434,TRUE,TRUE,FALSE,3.323809074
tess2018319095959-s0005-0000000004070275-0125-s_lc.fits,4070275,5,slow,5.255416541,0.176592418,0.7864213,5.255416541,2.089283657,3.958413142,8.901025068,2.888951018,0.176592418,0.090436289,0.051961923,0.02061502,0.011355492,TRUE,5.255416541,TRUE,TRUE,FALSE,5.255416541
tess2018319095959-s0005-0000000192790476-0125-s_lc.fits,192790476,5,slow,6.009037182,0.314055094,0.40428996,6.009037182,9.585203025,3.852839702,3.266743756,2.835418452,0.314055094,0.30107335,0.067702286,0.015109893,0.010267562,TRUE,5.752196377,TRUE,TRUE,FALSE,6.009037182
tess2018319095959-s0005-0000000200322593-0125-s_lc.fits,200322593,5,slow,0.72711287,0.269410657,0.77138305,0.72711287,0.363909386,0.659065892,0.596988888,0.860357681,0.269410657,0.050112587,0.008214772,0.005833993,0.00474367,TRUE,0.72711287,TRUE,TRUE,FALSE,0.72711287
tess2018319095959-s0005-0000000257605131-0125-s_lc.fits,257605131,5,slow,5.029891401,0.485236767,0.95612109,5.029891401,2.752642618,3.32635011,3.713315919,11.21567765,0.485236767,0.128088453,0.021319021,0.021317712,0.013649157,TRUE,5.220050723,TRUE,TRUE,FALSE,5.029891401
tess2018319095959-s0005-0000000435339847-0125-s_lc.fits,435339847,5,slow,9.50427822,0.107054279,0.59252381,9.50427822,6.233187913,3.920228604,2.469388507,1.639221403,0.107054279,0.064842519,0.008049942,0.004819039,0.00373257,TRUE,9.227372199,TRUE,TRUE,FALSE,9.50427822
tess2018349182500-s0006-0000000037168957-0126-s_lc.fits,37168957,6,slow,5.325112783,0.146938182,5.76685607,5.325112783,9.513319509,3.82735335,1.862696692,2.987171327,0.146938182,0.026127663,0.02255541,0.010164013,0.008195604,TRUE,5.325112783,TRUE,TRUE,FALSE,5.325112783
tess2018349182500-s0006-0000000047911178-0126-s_lc.fits,47911178,6,slow,3.827356969,0.092778816,0.27908921,3.827356969,1.895125519,8.097977714,2.987174298,2.158112534,0.092778816,0.052346438,0.024966419,0.020862708,0.016376396,TRUE,3.827356969,TRUE,TRUE,FALSE,3.827356969
tess2018349182500-s0006-0000000050618703-0126-s_lc.fits,50618703,6,slow,7.537160305,0.24362686,0.27692616,7.537160305,5.076670689,3.355390684,2.343924284,14.62577694,0.24362686,0.064881664,0.061472464,0.01343667,0.009086229,TRUE,7.537160305,TRUE,TRUE,FALSE,7.537160305
tess2018349182500-s0006-0000000200322593-0126-s_lc.fits,200322593,6,slow,0.72843209,0.160444616,0.74224293,0.72843209,0.362328492,0.854178596,0.63127568,1.013179923,0.160444616,0.039153534,0.005447044,0.003969725,0.002027439,TRUE,0.72711287,TRUE,TRUE,FALSE,0.72843209
tess2018349182500-s0006-0000000317548889-0126-s_lc.fits,317548889,6,slow,7.537216479,0.071959786,0.06864965,7.537216479,4.850511135,2.626740935,3.697314236,1.614104147,0.071959786,0.032644918,0.024873533,0.016729953,0.005152662,TRUE,7.537216479,TRUE,TRUE,FALSE,7.537216479
tess2018349182500-s0006-0000000391903064-0126-s_lc.fits,391903064,6,slow,3.355474448,0.864417921,4.44693089,3.355474448,2.759975581,4.278645034,2.395567043,1.963490362,0.864417921,0.103925621,0.050816117,0.031494764,0.03052787,TRUE,3.354253434,TRUE,TRUE,FALSE,3.355474448
tess2019006130736-s0007-0000000391903064-0131-s_lc.fits,391903064,7,slow,3.294546511,0.8563176,2.95228004,3.294546511,2.771764183,1.69555434,4.199839776,6.397140883,0.8563176,0.099640665,0.067937349,0.040907704,0.033251747,TRUE,3.354253434,TRUE,TRUE,FALSE,3.294546511
tess2019032160000-s0008-0000000083092282-0136-s_lc.fits,83092282,8,slow,3.79502532,0.087817022,0.14225602,3.79502532,3.037703623,4.853866678,12.07050243,6.732203391,0.087817022,0.032533882,0.020642599,0.011983089,0.009242253,TRUE,3.79502532,TRUE,TRUE,FALSE,3.79502532
tess2019032160000-s0008-0000000332657786-0136-s_lc.fits,332657786,8,slow,3.533336878,0.110702539,3.23046803,3.533336878,2.930203462,10.9157839,6.672667288,2.502954262,0.110702539,0.087514426,0.038882448,0.026562498,0.022390921,TRUE,3.533336878,TRUE,TRUE,FALSE,3.533336878
tess2019032160000-s0008-0000000391903064-0136-s_lc.fits,391903064,8,slow,3.335472083,0.936022371,5.0353229,3.335472083,4.140457783,2.792546592,13.33675402,1.644997335,0.936022371,0.336392995,0.243312697,0.051693828,0.026737631,TRUE,3.354253434,TRUE,TRUE,FALSE,3.335472083
tess2019058134432-s0009-0000000391903064-0139-s_lc.fits,391903064,9,slow,3.354253434,0.977877347,6.12737775,3.354253434,4.162639615,2.808786113,6.700096867,15.02811861,0.977877347,0.107707186,0.077512605,0.033570738,0.028610827,TRUE,3.354253434,TRUE,TRUE,FALSE,3.354253434
tess2019085135100-s0010-0000000015445551-0140-s_lc.fits,15445551,10,slow,0.59484074,0.093529307,0.39601207,0.59484074,0.296769311,0.19770195,0.148222425,0.84081194,0.093529307,0.024074739,0.01135664,0.005015894,0.004467043,TRUE,0.59484074,TRUE,TRUE,FALSE,0.59484074
tess2019085135100-s0010-0000000306996324-0140-s_lc.fits,306996324,10,slow,11.00981393,0.079548456,0.26528835,11.00981393,6.085739877,2.544816292,0.941144761,3.697247154,0.079548456,0.023619865,0.010768236,0.004901131,0.004542905,TRUE,10.75448801,TRUE,TRUE,FALSE,11.00981393
tess2019085135100-s0010-0000000362249359-0140-s_lc.fits,362249359,10,slow,5.052543547,0.197325698,0.42684913,5.052543547,7.12272903,3.914743093,13.39524571,2.891508601,0.197325698,0.11055956,0.093261974,0.0335122,0.008660979,TRUE,5.052543547,TRUE,TRUE,FALSE,5.052543547
tess2019085135100-s0010-0000000390001646-0140-s_lc.fits,390001646,10,slow,2.918164414,0.102953154,15.08519351,2.918164414,1.167064328,1.935329741,0.829941582,3.480572478,0.102953154,0.076574499,0.069984919,0.0398459,0.03072701,TRUE,2.880064246,TRUE,TRUE,FALSE,2.918164414
tess2019085135100-s0010-0000000391903064-0140-s_lc.fits,391903064,10,slow,3.391360476,0.970002932,4.92394567,3.391360476,2.840888687,4.206429674,6.405780726,2.263533912,0.970002932,0.162639267,0.126804257,0.044140643,0.042588286,TRUE,3.354253434,TRUE,TRUE,FALSE,3.391360476
tess2019085135100-s0010-0000000460205581-0140-s_lc.fits,460205581,10,slow,2.952572537,0.570505734,1.62163377,2.952572537,1.516411033,3.539146749,2.532790656,1.2318081,0.570505734,0.288947816,0.092817622,0.091362607,0.034399856,TRUE,3.040266559,TRUE,TRUE,FALSE,2.952572537
tess2019085135100-s0010-0000000466884459-0140-s_lc.fits,466884459,10,slow,5.921955847,0.271758921,177.6799467,5.921955847,4.305579009,2.459483756,8.818834472,3.475525661,0.271758921,0.065365606,0.054552706,0.050041749,0.026727516,TRUE,5.921955847,TRUE,TRUE,FALSE,5.921955847
tess2019112060037-s0011-0000000271169413-0143-s_lc.fits,271169413,11,slow,8.27773126,0.050912542,0.4748565,8.27773126,5.471616699,4.086358952,3.169344276,1.959864668,0.050912542,0.028844027,0.010350271,0.007647286,0.004353517,TRUE,8.27773126,TRUE,TRUE,FALSE,8.27773126
tess2019112060037-s0011-0000000360156606-0143-s_lc.fits,360156606,11,slow,1.654308776,0.066176179,4.9526459,1.654308776,1.848043875,1.338574874,0.823443533,0.555376873,0.066176179,0.012763004,0.008004777,0.00428298,0.001921044,TRUE,1.664145291,TRUE,TRUE,FALSE,1.654308776
tess2019112060037-s0011-0000000391903064-0143-s_lc.fits,391903064,11,slow,3.326658909,0.937044952,4.25649881,3.326658909,4.098119189,2.799634917,6.12838777,2.282955153,0.937044952,0.149803539,0.132490705,0.056332657,0.032883594,TRUE,3.354253434,TRUE,TRUE,FALSE,3.326658909
tess2019112060037-s0011-0000000460205581-0143-s_lc.fits,460205581,11,slow,3.000456532,0.468244271,1.2753427,3.000456532,1.506525516,3.69916985,2.523759253,5.684938936,0.468244271,0.228563627,0.102189775,0.075701316,0.053296172,TRUE,3.040266559,TRUE,TRUE,FALSE,3.000456532
tess2019112060037-s0011-0000000466884459-0143-s_lc.fits,466884459,11,slow,5.799189828,0.074112422,105.4584527,5.799189828,4.144061028,8.991274325,2.123682357,15.31282532,0.074112422,0.022693733,0.021838673,0.021448606,0.013367022,TRUE,5.921955847,TRUE,TRUE,FALSE,5.799189828
tess2019140104343-s0012-0000000260128333-0144-s_lc.fits,260128333,12,slow,14.88861188,0.161195834,0.80145359,14.88861188,4.890241976,7.858890212,2.087091322,1.341921877,0.161195834,0.134184335,0.067225948,0.026066059,0.022857894,TRUE,14.88861188,TRUE,TRUE,FALSE,14.88861188
tess2019140104343-s0012-0000000309792357-0144-s_lc.fits,309792357,12,slow,11.51195993,0.098208621,0.28369784,11.51195993,6.605805224,4.838367763,4.105976018,2.619202299,0.098208621,0.070413185,0.02115221,0.018295534,0.007608914,TRUE,12.17412963,TRUE,TRUE,FALSE,11.51195993
tess2019140104343-s0012-0000000360156606-0144-s_lc.fits,360156606,12,slow,1.647826775,0.066308675,5.18040955,1.647826775,1.83490756,2.13837452,2.562110193,5.284993925,0.066308675,0.009790507,0.005448119,0.002559354,0.002546187,TRUE,1.664145291,TRUE,TRUE,FALSE,1.647826775
tess2019140104343-s0012-0000000383390264-0144-s_lc.fits,383390264,12,slow,2.248624866,0.307536487,0.43839335,2.248624866,1.147243918,2.629691287,1.376166204,1.032717076,0.307536487,0.236035733,0.20921349,0.043521978,0.027551079,TRUE,2.358190742,TRUE,TRUE,FALSE,2.248624866
tess2019140104343-s0012-0000000391903064-0144-s_lc.fits,391903064,12,slow,3.337696486,0.931856818,4.22484875,3.337696486,2.823187635,4.081530751,5.987892358,2.313679457,0.931856818,0.131148543,0.123209103,0.038223202,0.035390453,TRUE,3.354253434,TRUE,TRUE,FALSE,3.337696486
tess2019169103026-s0013-0000000055525572-0146-s_lc.fits,55525572,13,slow,5.101577692,0.060439695,0.25630593,5.101577692,4.086797186,3.408746296,13.45237812,7.18220043,0.060439695,0.045345845,0.02664983,0.025576982,0.017300663,TRUE,5.101577692,TRUE,TRUE,FALSE,5.101577692
tess2019169103026-s0013-0000000079748331-0146-s_lc.fits,79748331,13,slow,10.07699598,0.184054815,0.33242702,10.07699598,6.064876432,4.337797877,2.76374781,1.560473629,0.184054815,0.030355042,0.022389081,0.010790251,0.008558853,TRUE,10.92111693,TRUE,TRUE,FALSE,10.07699598
tess2019169103026-s0013-0000000201604954-0146-s_lc.fits,201604954,13,slow,0.631606437,0.561330091,2.3687923,0.631606437,0.315879705,0.210291979,0.157783687,0.72132826,0.561330091,0.125995565,0.06707376,0.017809867,0.006338626,TRUE,0.632136073,TRUE,TRUE,FALSE,0.631606437
tess2019169103026-s0013-0000000290348383-0146-s_lc.fits,290348383,13,slow,11.74173832,0.761196935,0.70754647,11.74173832,5.897432964,7.851402258,4.722219678,3.544875549,0.761196935,0.213499126,0.13865649,0.045717728,0.011517337,TRUE,12.07182541,TRUE,TRUE,FALSE,11.74173832
tess2019169103026-s0013-0000000299798795-0146-s_lc.fits,299798795,13,slow,1.224550239,0.47477254,1.06470287,1.224550239,0.612562831,1.449217585,1.068157033,1.797283039,0.47477254,0.037486145,0.009516493,0.006631982,0.006433841,TRUE,1.235249701,TRUE,TRUE,FALSE,1.224550239
tess2019169103026-s0013-0000000320004517-0146-s_lc.fits,320004517,13,slow,8.826171776,0.18726648,0.12352347,8.826171776,5.89742466,3.544869725,4.16843458,1.892999484,0.18726648,0.05721803,0.019389141,0.014521161,0.004899972,TRUE,8.826171776,TRUE,TRUE,FALSE,8.826171776
tess2019169103026-s0013-0000000354944123-0146-s_lc.fits,354944123,13,slow,7.440520877,0.128452774,0.57741642,7.440520877,5.058205084,14.06473753,3.37650405,2.405408308,0.128452774,0.110576157,0.022193227,0.016402467,0.00489688,TRUE,7.237486383,TRUE,TRUE,FALSE,7.440520877
tess2019169103026-s0013-0000000391903064-0146-s_lc.fits,391903064,13,slow,3.376457744,0.902078047,4.00581658,3.376457744,4.049653626,1.670554032,2.895176805,4.72215348,0.902078047,0.082815546,0.061579893,0.057306834,0.02102508,TRUE,3.354253434,TRUE,TRUE,FALSE,3.376457744
tess2019198215352-s0014-0000000028230919-0150-s_lc.fits,28230919,14,slow,10.55973771,0.124076753,0.15703142,10.55973771,4.370681189,5.910228654,3.142717749,1.246201291,0.124076753,0.041343291,0.034905273,0.012662634,0.004589472,TRUE,10.7151709,TRUE,TRUE,FALSE,10.55973771
tess2019198215352-s0014-0000000122784501-0150-s_lc.fits,122784501,14,slow,8.544123258,0.400326519,1.77067876,8.544123258,5.432449604,4.103916152,15.40887395,2.596070508,0.400326519,0.216014398,0.206685763,0.135019286,0.043668673,TRUE,8.502723537,TRUE,TRUE,FALSE,8.544123258
tess2019198215352-s0014-0000000142276270-0150-s_lc.fits,142276270,14,slow,8.432371225,0.856753768,1.93840861,8.432371225,15.32746598,5.816021143,4.157494945,2.75886188,0.856753768,0.105343851,0.063947665,0.045420068,0.017862227,TRUE,8.974004573,TRUE,TRUE,FALSE,8.432371225
tess2019198215352-s0014-0000000154872375-0150-s_lc.fits,154872375,14,slow,5.221258879,0.867519348,1.0509479,5.221258879,7.174423779,4.103989035,2.49945389,9.790418844,0.867519348,0.066552954,0.065796138,0.031117698,0.025089375,TRUE,5.221258879,TRUE,TRUE,FALSE,5.221258879
tess2019198215352-s0014-0000000160045097-0150-s_lc.fits,160045097,14,slow,5.910832551,0.312989044,0.79155743,5.910832551,11.46210197,4.371176581,3.38054128,3.002510256,0.312989044,0.166663513,0.040515986,0.008166797,0.004633239,TRUE,5.862727288,TRUE,TRUE,TRUE,11.46210197
tess2019198215352-s0014-0000000164457525-0150-s_lc.fits,164457525,14,slow,6.481555803,0.054302628,1.75161779,6.481555803,9.124851398,4.675633295,3.297489516,2.700508075,0.054302628,0.039202396,0.014744438,0.010507123,0.007070052,TRUE,6.481555803,TRUE,TRUE,FALSE,6.481555803
tess2019198215352-s0014-0000000169081296-0150-s_lc.fits,169081296,14,slow,6.810415163,0.145584803,0.38333237,6.810415163,10.56048937,15.40890761,3.75919861,2.453742946,0.145584803,0.122941554,0.059394223,0.044924945,0.040998756,TRUE,6.810415163,TRUE,TRUE,FALSE,6.810415163
tess2019198215352-s0014-0000000202426247-0150-s_lc.fits,202426247,14,slow,4.371119209,0.748615915,2.30189979,4.371119209,2.211203988,3.559771821,5.661493471,2.499376477,0.748615915,0.207576107,0.103001306,0.085296936,0.04602509,TRUE,4.484155081,TRUE,TRUE,FALSE,4.371119209
tess2019198215352-s0014-0000000293954617-0150-s_lc.fits,293954617,14,slow,9.79040292,0.257803242,0.21425605,9.79040292,5.432525411,4.518346312,2.596113788,3.218495161,0.257803242,0.170163776,0.100027797,0.022453032,0.01388017,TRUE,9.945605412,TRUE,TRUE,FALSE,9.79040292
tess2019198215352-s0014-0000000299158887-0150-s_lc.fits,299158887,14,slow,5.43247272,0.898722474,1.91038549,5.43247272,7.579392222,4.233345861,3.143107505,3.656792099,0.898722474,0.098793568,0.088888133,0.033967176,0.014999997,TRUE,5.43247272,TRUE,TRUE,FALSE,5.43247272
tess2019226182529-s0015-0000000016740101-0151-s_lc.fits,16740101,15,slow,3.408410281,0.088571447,0.13060927,3.408410281,4.300262714,0.316261595,2.8229458,1.958073288,0.088571447,0.047422505,0.030732424,0.02970157,0.029605266,TRUE,3.408410281,TRUE,TRUE,FALSE,3.408410281
tess2019226182529-s0015-0000000063368895-0151-s_lc.fits,63368895,15,slow,6.674168441,0.425176491,0.5303818,6.674168441,11.31264049,3.471505118,4.911910559,2.304323092,0.425176491,0.139334296,0.065054192,0.022205874,0.020704169,TRUE,6.674168441,TRUE,TRUE,FALSE,6.674168441
tess2019226182529-s0015-0000000142276270-0151-s_lc.fits,142276270,15,slow,8.974004573,0.949729436,2.57579446,8.974004573,4.132606458,6.053751657,2.99286953,4.912015248,0.949729436,0.027881332,0.021496123,0.006445763,0.005435715,TRUE,8.974004573,TRUE,TRUE,FALSE,8.974004573
tess2019226182529-s0015-0000000142394656-0151-s_lc.fits,142394656,15,slow,10.97490229,0.277064243,0.52577198,10.97490229,5.507385822,1.958824627,3.034022066,1.396462475,0.277064243,0.216816653,0.038734414,0.018550772,0.011728236,TRUE,10.71521169,TRUE,TRUE,FALSE,10.97490229
tess2019226182529-s0015-0000000169461816-0151-s_lc.fits,169461816,15,slow,0.090776488,0.064186537,0.56623816,0.090776488,7.886858547,2.26426049,15.30019616,4.567356457,0.064186537,0.009527131,0.007359387,0.006060465,0.005774769,TRUE,0.090782543,TRUE,TRUE,FALSE,0.090776488
tess2019226182529-s0015-0000000202426247-0151-s_lc.fits,202426247,15,slow,4.482335977,0.770370297,3.26121151,4.482335977,2.203151578,6.045998996,13.38181483,3.561288106,0.770370297,0.259004255,0.145839802,0.10704023,0.076393849,TRUE,4.484155081,TRUE,TRUE,FALSE,4.482335977
tess2019226182529-s0015-0000000219852882-0151-s_lc.fits,219852882,15,slow,10.97603142,0.258672805,0.67108512,10.97603142,6.05688711,4.043401345,2.639491257,3.280116851,0.258672805,0.201695229,0.038734833,0.007101372,0.005730955,TRUE,10.90218623,TRUE,TRUE,FALSE,10.97603142
tess2019226182529-s0015-0000000267749737-0151-s_lc.fits,267749737,15,slow,10.77654335,0.054354391,0.78290343,10.77654335,4.050993698,6.548534603,5.115088125,2.932550407,0.054354391,0.022232585,0.012302134,0.00977251,0.008548932,TRUE,10.77654335,TRUE,TRUE,FALSE,10.77654335
tess2019226182529-s0015-0000000270701667-0151-s_lc.fits,270701667,15,slow,5.538681926,0.263375872,0.64782619,5.538681926,10.40843796,8.395329798,3.136998449,4.267967174,0.263375872,0.066242424,0.056813663,0.053275388,0.032919098,TRUE,6.141398061,TRUE,TRUE,FALSE,5.538681926
tess2019226182529-s0015-0000000271052158-0151-s_lc.fits,271052158,15,slow,11.31264561,0.082537083,1.11321867,11.31264561,6.674173072,4.733370664,0.997768017,2.264257648,0.082537083,0.06199907,0.019816037,0.009266331,0.009009529,TRUE,11.31264561,TRUE,TRUE,FALSE,11.31264561
tess2019226182529-s0015-0000000272369124-0151-s_lc.fits,272369124,15,slow,8.973892066,0.186109964,8.78696322,8.973892066,3.88589466,4.733386812,5.784735929,2.925574101,0.186109964,0.055543083,0.05151993,0.020744802,0.017539157,TRUE,8.973892066,TRUE,TRUE,FALSE,8.973892066
tess2019253231442-s0016-0000000027491137-0152-s_lc.fits,27491137,16,slow,7.035184024,0.847277015,1.3694644,7.035184024,3.51438217,4.980601764,13.31029317,2.654718816,0.847277015,0.133519184,0.050551938,0.042147561,0.014940331,TRUE,7.035184024,TRUE,TRUE,FALSE,7.035184024
tess2019253231442-s0016-0000000159873822-0152-s_lc.fits,159873822,16,slow,7.942429471,0.232295708,0.65186322,7.942429471,4.403072402,5.665398194,2.581576089,2.283291097,0.232295708,0.196320009,0.170456353,0.092703468,0.024814841,TRUE,7.922273179,TRUE,TRUE,FALSE,7.942429471
tess2019253231442-s0016-0000000202426247-0152-s_lc.fits,202426247,16,slow,4.527798285,0.838475563,4.09867823,4.527798285,6.208957549,2.214760673,3.563053376,14.90628652,0.838475563,0.149832445,0.124337862,0.103523049,0.080563068,TRUE,4.484155081,TRUE,TRUE,FALSE,4.527798285
tess2019253231442-s0016-0000000229747848-0152-s_lc.fits,229747848,16,slow,8.525640426,0.192851901,0.49818397,8.525640426,5.960783801,4.582256242,3.721580601,3.307428943,0.192851901,0.170083185,0.069230572,0.044035419,0.023601663,TRUE,7.832717499,TRUE,TRUE,FALSE,8.525640426
tess2019253231442-s0016-0000000356867115-0152-s_lc.fits,356867115,16,slow,6.270913342,0.166542429,0.4440701,6.270913342,11.95000542,3.130323864,2.642711636,4.250781893,0.166542429,0.118629865,0.058668479,0.030081359,0.026072058,TRUE,6.159804206,TRUE,TRUE,TRUE,11.95000542
tess2019253231442-s0016-0000000458478250-0152-s_lc.fits,458478250,16,slow,4.50650818,0.061391196,0.24317384,4.50650818,6.306393394,11.6023082,3.201273744,2.187539295,0.061391196,0.050804455,0.027200413,0.010945531,0.009022704,TRUE,4.50650818,TRUE,TRUE,FALSE,4.50650818
tess2019279210107-s0017-0000000190998418-0161-s_lc.fits,190998418,17,slow,8.986603065,0.083859004,0.99291384,8.986603065,5.515496944,2.126829469,0.96229548,0.72433278,0.083859004,0.067810204,0.007336736,0.005504472,0.004912609,TRUE,8.986603065,TRUE,TRUE,FALSE,8.986603065
tess2019279210107-s0017-0000000229747848-0161-s_lc.fits,229747848,17,slow,7.22952704,0.27936224,0.54011703,7.22952704,5.226992173,13.07249514,3.466584036,2.928588747,0.27936224,0.198573128,0.123048217,0.079973327,0.040810881,TRUE,7.832717499,TRUE,TRUE,FALSE,7.22952704
tess2019279210107-s0017-0000000283722336-0161-s_lc.fits,283722336,17,slow,6.617600377,0.242461581,0.04218936,6.617600377,10.85421903,4.759767845,3.397265015,1.947682097,0.242461581,0.126960944,0.051417682,0.027524237,0.0203916,TRUE,6.617600377,TRUE,TRUE,FALSE,6.617600377
tess2019279210107-s0017-0000000306955329-0161-s_lc.fits,306955329,17,slow,0.189746745,0.141867876,0.41637897,0.189746745,6.641696598,0.094911994,3.268177476,2.125217349,0.141867876,0.006943264,0.006691787,0.005208467,0.003515896,TRUE,0.189746745,TRUE,TRUE,FALSE,0.189746745
tess2019279210107-s0017-0000000432549364-0161-s_lc.fits,432549364,17,slow,0.607259737,0.070841091,0.3340292,0.607259737,1.675854506,13.15203967,3.628097374,1.521014047,0.070841091,0.012990649,0.007761028,0.006803582,0.006284184,TRUE,0.608950486,TRUE,TRUE,FALSE,0.607259737
tess2019279210107-s0017-0000000458478250-0161-s_lc.fits,458478250,17,slow,4.690411937,0.060479325,0.24716973,4.690411937,2.656735575,2.227491432,7.598758496,1.884886391,0.060479325,0.01870007,0.01835817,0.012399721,0.010344422,TRUE,4.50650818,TRUE,TRUE,FALSE,4.690411937
tess2019306063752-s0018-0000000129979528-0162-s_lc.fits,129979528,18,slow,0.526151057,0.124398281,0.36227345,0.526151057,0.101525512,0.401699912,4.107260583,0.132835896,0.124398281,0.08149815,0.04417444,0.029407027,0.028557654,TRUE,0.526151057,TRUE,TRUE,FALSE,0.526151057
tess2019306063752-s0018-0000000192415680-0162-s_lc.fits,192415680,18,slow,11.92516217,0.188872108,0.23835599,11.92516217,6.248711925,4.390864471,2.151742149,1.271658622,0.188872108,0.135131928,0.026593273,0.011484626,0.008157924,TRUE,11.92516217,TRUE,TRUE,FALSE,11.92516217
tess2019306063752-s0018-0000000233087860-0162-s_lc.fits,233087860,18,slow,5.870692546,0.095249969,0.28822303,5.870692546,10.75526321,2.655120242,2.122323099,1.823015419,0.095249969,0.0576455,0.00591157,0.005194461,0.003291365,TRUE,5.706289902,TRUE,TRUE,TRUE,10.75526321
tess2019306063752-s0018-0000000288631580-0162-s_lc.fits,288631580,18,slow,7.896685863,0.398161333,0.83127618,7.896685863,3.57262527,4.919545583,2.945408121,2.308525061,0.398161333,0.153288724,0.151068941,0.081053547,0.078403293,TRUE,7.243053476,TRUE,TRUE,FALSE,7.896685863
tess2019306063752-s0018-0000000288735205-0162-s_lc.fits,288735205,18,slow,7.798380569,0.108102772,0.56573272,7.798380569,3.623151151,5.543659703,4.467310385,1.99200935,0.108102772,0.099837611,0.089603076,0.067000655,0.028193581,TRUE,7.798380569,TRUE,TRUE,FALSE,7.798380569
tess2019306063752-s0018-0000000317597583-0162-s_lc.fits,317597583,18,slow,5.650943305,0.055665269,0.18995881,5.650943305,7.925376976,3.702787841,14.94138181,1.820226048,0.055665269,0.04854222,0.021445905,0.017334991,0.014133617,TRUE,5.650943305,TRUE,TRUE,FALSE,5.650943305
tess2019306063752-s0018-0000000356867115-0162-s_lc.fits,356867115,18,slow,5.82404013,0.091039274,0.37782431,5.82404013,4.300091881,10.69918757,2.629265827,3.130054534,0.091039274,0.04773899,0.047250215,0.012687681,0.008863701,TRUE,6.159804206,TRUE,TRUE,FALSE,5.82404013
tess2019306063752-s0018-0000000384984325-0162-s_lc.fits,384984325,18,slow,3.248535748,0.659843227,2.18428135,3.248535748,2.655436434,1.457761802,4.182769197,1.620146339,0.659843227,0.161266335,0.118539669,0.114371052,0.068410529,TRUE,3.080482464,TRUE,TRUE,FALSE,3.248535748
tess2019306063752-s0018-0000000436873727-0162-s_lc.fits,436873727,18,slow,1.015885,0.545992764,0.14215648,1.015885,0.509991962,1.200703611,0.886946211,0.254417046,0.545992764,0.049156522,0.022646589,0.01870569,0.014069943,TRUE,1.015885,TRUE,TRUE,FALSE,1.015885
tess2019306063752-s0018-0000000441765914-0162-s_lc.fits,441765914,18,slow,13.00778486,0.109318537,0.41662455,13.00778486,6.731778788,1.905387196,2.122810397,1.728364106,0.109318537,0.060718159,0.005023317,0.004602948,0.004550904,TRUE,13.00778486,TRUE,TRUE,FALSE,13.00778486
tess2019331140908-s0019-0000000058542531-0164-s_lc.fits,58542531,19,slow,11.12362386,0.259819876,0.35019159,11.12362386,6.18365976,4.008115571,3.036824607,2.444456766,0.259819876,0.070674817,0.028063242,0.016815658,0.010902155,TRUE,11.12362386,TRUE,TRUE,FALSE,11.12362386
tess2019331140908-s0019-0000000154872375-0164-s_lc.fits,154872375,19,slow,5.59826018,0.367256009,0.57810903,5.59826018,2.52726374,2.878113917,8.747876052,3.254637823,0.367256009,0.3141417,0.102978317,0.065896353,0.049483583,TRUE,5.221258879,TRUE,TRUE,FALSE,5.59826018
tess2019357164649-s0020-0000000154872375-0165-s_lc.fits,154872375,20,slow,4.950804916,0.417377252,0.77199936,4.950804916,2.455974876,3.918757389,2.172185382,9.690337987,0.417377252,0.302311463,0.112092867,0.049588645,0.035496668,TRUE,5.221258879,TRUE,TRUE,FALSE,4.950804916
tess2020020091053-s0021-0000000009348006-0167-s_lc.fits,9348006,21,slow,5.290540155,0.27428043,0.76061487,5.290540155,7.256895715,3.710576228,3.190811432,11.54956865,0.27428043,0.211347178,0.119261571,0.06347281,0.05916864,TRUE,5.290540155,TRUE,TRUE,FALSE,5.290540155
tess2020020091053-s0021-0000000142276270-0167-s_lc.fits,142276270,21,slow,8.633870761,0.916568971,1.98529363,8.633870761,15.47333415,5.987360709,4.741573877,2.799759307,0.916568971,0.086859396,0.077861247,0.031710703,0.017407286,TRUE,8.974004573,TRUE,TRUE,FALSE,8.633870761
tess2020020091053-s0021-0000000142394656-0167-s_lc.fits,142394656,21,slow,10.65170637,0.273339569,0.57510734,10.65170637,5.736201183,4.163996323,2.076829808,1.592926531,0.273339569,0.187510433,0.07818627,0.013776168,0.008659355,TRUE,10.71521169,TRUE,TRUE,FALSE,10.65170637
tess2020020091053-s0021-0000000154089169-0167-s_lc.fits,154089169,21,slow,12.61755084,0.085158675,0.32624781,12.61755084,7.258787717,4.434037234,5.505211126,3.268203682,0.085158675,0.062120384,0.022572109,0.018786362,0.018719404,TRUE,13.52561493,TRUE,TRUE,FALSE,12.61755084
tess2020020091053-s0021-0000000202426247-0167-s_lc.fits,202426247,21,slow,4.434067064,0.622331783,2.2291255,4.434067064,2.211174102,5.736203564,1.957877119,3.613737197,0.622331783,0.331707172,0.038993103,0.029739546,0.028739784,TRUE,4.484155081,TRUE,TRUE,FALSE,4.434067064
tess2020049080258-s0022-0000000142276270-0174-s_lc.fits,142276270,22,slow,8.520233653,0.84304792,2.13406384,8.520233653,15.39157852,5.890504271,4.088011237,4.65817096,0.84304792,0.255884256,0.163441605,0.089395794,0.076468351,TRUE,8.974004573,TRUE,TRUE,FALSE,8.520233653
tess2020049080258-s0022-0000000148673433-0174-s_lc.fits,148673433,22,slow,10.39723988,0.514138241,0.94093084,10.39723988,6.664209544,4.404880292,3.289619281,2.01450202,0.514138241,0.291822425,0.06549818,0.02967081,0.010695822,TRUE,10.39723988,TRUE,TRUE,FALSE,10.39723988
tess2020049080258-s0022-0000000154089169-0174-s_lc.fits,154089169,22,slow,13.52561493,0.166796706,0.32967746,13.52561493,7.705388692,4.434305178,3.657884529,2.267992316,0.166796706,0.068331716,0.016120858,0.013616643,0.006232203,TRUE,13.52561493,TRUE,TRUE,FALSE,13.52561493
tess2020049080258-s0022-0000000202426247-0174-s_lc.fits,202426247,22,slow,4.481311182,0.741504358,2.37320125,4.481311182,3.625204728,5.866772816,2.190466868,2.847958976,0.741504358,0.113743032,0.096629715,0.09464014,0.050680435,TRUE,4.484155081,TRUE,TRUE,FALSE,4.481311182
tess2020049080258-s0022-0000000286923464-0174-s_lc.fits,286923464,22,slow,6.188398295,0.113126249,0.09918213,6.188398295,4.522660146,10.56668266,3.762993286,3.221826241,0.113126249,0.090429684,0.044812725,0.028130818,0.016185527,TRUE,6.188398295,TRUE,TRUE,FALSE,6.188398295
tess2020078014623-s0023-0000000202426247-0177-s_lc.fits,202426247,23,slow,4.522819407,0.718824894,2.44778156,4.522819407,2.226002858,3.59538025,5.806694553,2.007541417,0.718824894,0.231870848,0.161139963,0.087130156,0.059858008,TRUE,4.484155081,TRUE,TRUE,FALSE,4.522819407
tess2020078014623-s0023-0000000229747848-0177-s_lc.fits,229747848,23,slow,7.13212488,0.131147156,0.46346188,7.13212488,13.40430292,4.672473661,3.286986097,2.589065364,0.131147156,0.097769203,0.031313067,0.018824308,0.017833116,TRUE,7.832717499,TRUE,TRUE,TRUE,13.40430292
tess2020078014623-s0023-0000000232568235-0177-s_lc.fits,232568235,23,slow,8.851618594,0.486784344,1.30992234,8.851618594,5.949701265,3.92673518,2.801146102,2.295084311,0.486784344,0.223578138,0.032691956,0.020911342,0.011353162,TRUE,8.325318224,TRUE,TRUE,FALSE,8.851618594
tess2020106103520-s0024-0000000188768068-0180-s_lc.fits,188768068,24,slow,9.721948073,0.081500516,0.04889727,9.721948073,4.059474487,5.16856605,2.840445982,1.798735431,0.081500516,0.039185332,0.02359894,0.01238667,0.007974552,TRUE,9.098309894,TRUE,TRUE,FALSE,9.721948073
tess2020106103520-s0024-0000000232568235-0180-s_lc.fits,232568235,24,slow,8.477202892,0.910215578,2.28771925,8.477202892,4.059449474,15.36027849,5.853982125,2.469622546,0.910215578,0.111191703,0.102945365,0.067708622,0.010459292,TRUE,8.325318224,TRUE,TRUE,FALSE,8.477202892
tess2020106103520-s0024-0000000357501308-0180-s_lc.fits,357501308,24,slow,11.39475242,0.167887279,0.21510959,11.39475242,7.111198663,4.974164659,3.428625702,1.875032463,0.167887279,0.033262536,0.025308021,0.020064938,0.012207173,TRUE,11.39475242,TRUE,TRUE,FALSE,11.39475242
tess2020106103520-s0024-0000000368287008-0180-s_lc.fits,368287008,24,slow,5.853972722,0.121991467,2.04173088,5.853972722,4.47057772,8.477191801,3.616043985,13.76376653,0.121991467,0.066170233,0.055078646,0.031204492,0.027011588,TRUE,5.853972722,TRUE,TRUE,FALSE,5.853972722
tess2020133194932-s0025-0000000116264089-0182-s_lc.fits,116264089,25,slow,8.902887019,0.149258307,0.83218157,8.902887019,5.725860805,3.729521641,2.765367625,1.304264207,0.149258307,0.054622661,0.011021975,0.00593845,0.004955989,TRUE,8.902887019,TRUE,TRUE,FALSE,8.902887019
tess2020133194932-s0025-0000000159418353-0182-s_lc.fits,159418353,25,slow,9.566208243,0.47540494,0.47897518,9.566208243,5.993051202,2.956354296,3.959499359,2.545895643,0.47540494,0.157762124,0.022933205,0.012117241,0.010475639,TRUE,9.566208243,TRUE,TRUE,FALSE,9.566208243
tess2020133194932-s0025-0000000232568235-0182-s_lc.fits,232568235,25,slow,8.325318224,0.919748369,2.17146575,8.325318224,5.725742802,4.516844145,3.099127126,2.448770151,0.919748369,0.049209838,0.045566001,0.006634543,0.006129604,TRUE,8.325318224,TRUE,TRUE,FALSE,8.325318224
tess2020133194932-s0025-0000000356867115-0182-s_lc.fits,356867115,25,slow,5.993121163,0.066593198,0.38839817,5.993121163,13.62925295,4.516881539,2.545932677,8.325370195,0.066593198,0.029130955,0.025522646,0.010927542,0.006135279,TRUE,6.159804206,TRUE,TRUE,FALSE,5.993121163
tess2020160202036-s0026-0000000071582156-0188-s_lc.fits,71582156,26,slow,12.16956627,0.275310847,0.27630448,12.16956627,3.340743896,4.255497802,6.825165585,2.578595119,0.275310847,0.072347327,0.054059778,0.049818398,0.016184495,TRUE,12.16956627,TRUE,TRUE,FALSE,12.16956627
tess2020160202036-s0026-0000000088992642-0188-s_lc.fits,88992642,26,slow,3.982886881,0.065546946,0.15761852,3.982886881,6.470039322,11.08465167,2.690206585,2.099617481,0.065546946,0.033863677,0.019102454,0.019073538,0.017353466,TRUE,3.982886881,TRUE,TRUE,FALSE,3.982886881
tess2020160202036-s0026-0000000154872375-0188-s_lc.fits,154872375,26,slow,4.930571845,0.75875518,0.98154247,4.930571845,7.22164764,3.633683071,2.475920313,2.811891784,0.75875518,0.063138384,0.034774786,0.033389321,0.008249371,TRUE,5.221258879,TRUE,TRUE,FALSE,4.930571845
tess2020160202036-s0026-0000000198588220-0188-s_lc.fits,198588220,26,slow,5.355282749,0.205951175,0.29147029,5.355282749,8.170784655,4.114672449,13.48998099,1.569510901,0.205951175,0.037409433,0.031625565,0.012313222,0.008443611,TRUE,5.355282749,TRUE,TRUE,FALSE,5.355282749
tess2020160202036-s0026-0000000219852882-0188-s_lc.fits,219852882,26,slow,11.0846538,0.159318,0.60750306,11.0846538,6.15000537,3.743075241,4.56824957,2.945103218,0.159318,0.069652347,0.030671559,0.012866738,0.010983301,TRUE,10.90218623,TRUE,TRUE,FALSE,11.0846538
tess2020160202036-s0026-0000000267572272-0188-s_lc.fits,267572272,26,slow,0.217795917,0.902737475,9.099406,0.217795917,0.108873051,0.242058635,0.19795402,0.436617349,0.902737475,0.027421681,0.005249354,0.004925686,0.004737168,TRUE,0.217795917,TRUE,TRUE,FALSE,0.217795917
tess2020160202036-s0026-0000000289164482-0188-s_lc.fits,289164482,26,slow,7.221724348,0.323481881,0.69278598,7.221724348,12.16969866,4.930633608,3.43306649,2.211698021,0.323481881,0.30834002,0.09735518,0.037242406,0.01346545,TRUE,7.221724348,TRUE,TRUE,FALSE,7.221724348
tess2020160202036-s0026-0000000356867115-0188-s_lc.fits,356867115,26,slow,5.596410458,0.078548296,0.41522205,5.596410458,3.170428258,4.114736182,1.000941899,13.49006662,0.078548296,0.038231723,0.034731379,0.030945762,0.019151936,TRUE,6.159804206,TRUE,TRUE,FALSE,5.596410458
tess2020160202036-s0026-0000000358516596-0188-s_lc.fits,358516596,26,slow,0.196977837,0.620369428,0.74225962,0.196977837,0.098505834,0.224344914,8.170957928,0.175561663,0.620369428,0.013292829,0.004086081,0.003365961,0.003096146,TRUE,0.196913724,TRUE,TRUE,FALSE,0.196977837
tess2020160202036-s0026-0000000399954349-0188-s_lc.fits,399954349,26,slow,5.355419872,0.202958968,0.94356179,5.355419872,9.407405101,3.859343034,1.000956605,2.099668474,0.202958968,0.07782451,0.040999165,0.01662707,0.012142897,TRUE,5.283960408,TRUE,TRUE,FALSE,5.355419872
tess2020186164531-s0027-0000000290348383-0189-s_lc.fits,290348383,27,slow,12.07182541,0.988835859,1.31197572,12.07182541,7.127423109,5.514197421,4.496464626,3.197952206,0.988835859,0.04182164,0.012145247,0.005523605,0.002456145,TRUE,12.07182541,TRUE,TRUE,FALSE,12.07182541
tess2020186164531-s0027-0000000299798795-0189-a_fast-lc.fits,299798795,27,fast,1.229399918,0.405150945,2.21343517,1.229399918,0.614982751,1.049370675,1.483992567,1.689842099,0.405150945,0.078727356,0.014246489,0.007536472,0.007266956,TRUE,1.235249701,TRUE,TRUE,FALSE,1.229399918
tess2020186164531-s0027-0000000299798795-0189-s_lc.fits,299798795,27,slow,1.22521169,0.669154319,1.79553926,1.22521169,0.615408537,1.508413046,1.040680825,1.730652738,0.669154319,0.115190727,0.02755871,0.013278662,0.011850312,TRUE,1.235249701,TRUE,TRUE,FALSE,1.22521169
tess2020186164531-s0027-0000000299799658-0189-a_fast-lc.fits,299799658,27,fast,8.64536327,0.097439868,0.50736666,8.64536327,2.384428059,2.964705685,4.048471243,1.930907521,0.097439868,0.008438723,0.007510866,0.006194461,0.001551005,TRUE,8.64536327,TRUE,TRUE,FALSE,8.64536327
tess2020186164531-s0027-0000000320004517-0189-s_lc.fits,320004517,27,slow,9.295028553,0.110309257,0.12021959,9.295028553,3.911467155,2.821872308,5.505957022,2.290226352,0.110309257,0.084053356,0.019326155,0.014730606,0.007750315,TRUE,8.826171776,TRUE,TRUE,FALSE,9.295028553
tess2020186164531-s0027-0000000349576261-0189-s_lc.fits,349576261,27,slow,3.772816153,0.636885379,1.48657918,3.772816153,5.009950255,1.932334708,3.025670884,1.71538384,0.636885379,0.225333416,0.189714739,0.125516754,0.060430382,TRUE,3.866798949,TRUE,TRUE,FALSE,3.772816153
tess2020186164531-s0027-0000000350618622-0189-s_lc.fits,350618622,27,slow,3.284213769,0.051450616,0.13309121,3.284213769,6.380794156,10.07500591,1.737944806,2.642914503,0.051450616,0.017850658,0.012069598,0.010532284,0.009078309,TRUE,3.028924694,TRUE,TRUE,FALSE,3.284213769
tess2020186164531-s0027-0000000360742636-0189-a_fast-lc.fits,360742636,27,fast,8.624356233,0.153808056,1.45643592,8.624356233,2.422898762,4.034665027,1.262713649,0.509536012,0.153808056,0.014037516,0.011238136,0.010145749,0.008470865,TRUE,8.624356233,TRUE,TRUE,FALSE,8.624356233
tess2020186164531-s0027-0000000383390264-0189-a_fast-lc.fits,383390264,27,fast,2.431981657,0.347246751,0.50406218,2.431981657,2.133793415,1.170326171,3.796091199,1.930868181,0.347246751,0.09424141,0.077781014,0.029578277,0.019814133,TRUE,2.358190742,TRUE,TRUE,FALSE,2.431981657
tess2020186164531-s0027-0000000383390264-0189-s_lc.fits,383390264,27,slow,2.453628699,0.51084987,0.41824937,2.453628699,2.140626765,1.17612121,3.685325715,2.87384105,0.51084987,0.141879912,0.090116461,0.054196076,0.035782426,TRUE,2.358190742,TRUE,TRUE,FALSE,2.453628699
tess2020186164531-s0027-0000000441420236-0189-a_fast-lc.fits,441420236,27,fast,4.855270913,0.560314996,2.48712301,4.855270913,2.432057234,7.127907196,2.827135247,3.796200006,0.560314996,0.348827303,0.045997825,0.042731437,0.030236893,TRUE,4.818913113,TRUE,TRUE,FALSE,4.855270913
tess2020186164531-s0027-0000000441420236-0189-s_lc.fits,441420236,27,slow,4.854956536,0.583558273,2.68934846,4.854956536,2.431874564,2.826927678,6.733527501,3.795937016,0.583558273,0.33884204,0.040963028,0.03834022,0.029320867,TRUE,4.818913113,TRUE,TRUE,FALSE,4.854956536
tess2020186164531-s0027-0000000464646604-0189-s_lc.fits,464646604,27,slow,2.240339446,0.636281411,1.69391632,2.240339446,2.520060854,1.141875862,1.983483271,2.812716266,0.636281411,0.150773273,0.09658168,0.083520635,0.026616724,TRUE,2.228824253,TRUE,TRUE,FALSE,2.240339446
tess2020212050318-s0028-0000000140691463-0190-s_lc.fits,140691463,28,slow,9.846591377,0.128258673,0.84172189,9.846591377,4.183296094,2.997881137,2.122885816,1.050128102,0.128258673,0.018809773,0.011175765,0.006046369,0.003501804,TRUE,9.846591377,TRUE,TRUE,FALSE,9.846591377
tess2020212050318-s0028-0000000201248411-0190-a_fast-lc.fits,201248411,28,fast,5.907157248,0.09003823,0.71930468,5.907157248,4.647586094,2.694291698,3.163556759,1.96543606,0.09003823,0.079477874,0.051996918,0.045734256,0.016790759,TRUE,6.068934604,TRUE,TRUE,FALSE,5.907157248
tess2020212050318-s0028-0000000234994474-0190-s_lc.fits,234994474,28,slow,8.08039128,0.112504136,0.23449719,8.08039128,5.584293862,4.441061141,14.61153144,3.061976513,0.112504136,0.109729883,0.058989158,0.048937454,0.037709218,TRUE,8.08039128,TRUE,TRUE,FALSE,8.08039128
tess2020212050318-s0028-0000000289793076-0190-s_lc.fits,289793076,28,slow,4.421013774,0.056577387,2.38959849,4.421013774,13.0840611,6.078099872,2.723708861,0.768659303,0.056577387,0.039224645,0.036696401,0.010368553,0.007327406,TRUE,4.421013774,TRUE,TRUE,FALSE,4.421013774
tess2020212050318-s0028-0000000299798795-0190-a_fast-lc.fits,299798795,28,fast,1.233352225,0.367411887,2.19384432,1.233352225,0.616402467,1.499043546,1.047663719,1.910636966,0.367411887,0.074446121,0.021433546,0.020187188,0.004316904,TRUE,1.235249701,TRUE,TRUE,FALSE,1.233352225
tess2020212050318-s0028-0000000299798795-0190-s_lc.fits,299798795,28,slow,1.233488096,0.649946761,1.82616234,1.233488096,0.616472604,1.499206348,1.038582405,1.716748936,0.649946761,0.122192537,0.037980561,0.031106433,0.011157049,TRUE,1.235249701,TRUE,TRUE,FALSE,1.233488096
tess2020212050318-s0028-0000000300812741-0190-s_lc.fits,300812741,28,slow,9.753232156,0.201359857,0.36599338,9.753232156,5.794741063,4.276146763,3.028828951,3.491796765,0.201359857,0.07502962,0.059807901,0.023906625,0.012449254,TRUE,10.81909508,TRUE,TRUE,FALSE,9.753232156
tess2020212050318-s0028-0000000391903064-0190-s_lc.fits,391903064,28,slow,3.501729561,0.501387713,2.65957713,3.501729561,1.675417147,4.253632131,6.624274462,2.903040268,0.501387713,0.413994258,0.100810065,0.03848201,0.032691177,TRUE,3.354253434,TRUE,TRUE,FALSE,3.501729561
tess2020212050318-s0028-0000000391949880-0190-s_lc.fits,391949880,28,slow,10.86169781,0.311765408,0.23883104,10.86169781,6.274578362,4.581554031,3.608026266,2.428522003,0.311765408,0.244834432,0.218720504,0.106753602,0.007917365,TRUE,10.00877825,TRUE,TRUE,FALSE,10.86169781
tess2020238165205-s0029-0000000076923707-0193-a_fast-lc.fits,76923707,29,fast,9.284035163,0.211178973,0.94048798,9.284035163,3.904518619,6.045087766,2.953695576,2.243470607,0.211178973,0.043245796,0.022864557,0.012258768,0.010071178,TRUE,9.284035163,TRUE,TRUE,FALSE,9.284035163
tess2020238165205-s0029-0000000077031414-0193-s_lc.fits,77031414,29,slow,5.49136985,0.300261717,1.24271035,5.49136985,8.044504939,4.316989716,13.37443997,3.556417092,0.300261717,0.240694288,0.079568983,0.066261958,0.046072279,TRUE,5.49136985,TRUE,TRUE,FALSE,5.49136985
tess2020238165205-s0029-0000000183532609-0193-a_fast-lc.fits,183532609,29,fast,8.175207436,0.221987169,0.50137877,8.175207436,2.947381395,3.985781601,4.745781399,1.879203421,0.221987169,0.049431915,0.02955272,0.015954013,0.013619474,TRUE,7.491309406,TRUE,TRUE,FALSE,8.175207436
tess2020238165205-s0029-0000000207141131-0193-a_fast-lc.fits,207141131,29,fast,8.750099579,0.773642776,1.7994833,8.750099579,5.863958199,4.409518362,2.947419264,3.435640391,0.773642776,0.121202557,0.111348302,0.068609252,0.023888148,TRUE,8.602595099,TRUE,TRUE,FALSE,8.750099579
tess2020238165205-s0029-0000000207141131-0193-s_lc.fits,207141131,29,slow,8.634904874,0.801879672,1.89481556,8.634904874,4.329475773,5.767280747,2.888998964,3.465510784,0.801879672,0.128798996,0.108679287,0.051323839,0.029089606,TRUE,8.602595099,TRUE,TRUE,FALSE,8.634904874
tess2020238165205-s0029-0000000224225541-0193-s_lc.fits,224225541,29,slow,3.802507375,0.901366956,2.80911028,3.802507375,3.121816589,4.862809849,1.875079637,2.486057083,0.901366956,0.181427533,0.108102169,0.088935865,0.073025663,TRUE,3.802507375,TRUE,TRUE,FALSE,3.802507375
tess2020238165205-s0029-0000000262530407-0193-s_lc.fits,262530407,29,slow,9.068174821,0.081480845,0.25196791,9.068174821,5.325573662,4.031461969,3.33651501,2.429220731,0.081480845,0.072056936,0.047008258,0.021005698,0.012122155,TRUE,9.25351321,TRUE,TRUE,FALSE,9.068174821
tess2020238165205-s0029-0000000309792357-0193-s_lc.fits,309792357,29,slow,13.38164592,0.158736651,0.30227423,13.38164592,5.497852891,7.108643395,2.691935712,4.32249936,0.158736651,0.033166017,0.025454589,0.022103371,0.020284941,TRUE,12.17412963,TRUE,TRUE,FALSE,13.38164592
tess2020238165205-s0029-0000000350618622-0193-s_lc.fits,350618622,29,slow,3.028924694,0.088699843,0.14313698,3.028924694,2.566893484,3.693793724,2.227162782,2.000247429,0.088699843,0.06137456,0.031629362,0.027538268,0.018269432,TRUE,3.028924694,TRUE,TRUE,FALSE,3.028924694
tess2020238165205-s0029-0000000391903064-0193-s_lc.fits,391903064,29,slow,3.483737116,0.886045868,3.9240545,3.483737116,2.837357273,4.351050273,1.696385357,2.347377746,0.886045868,0.174772756,0.12830526,0.061109478,0.048060904,TRUE,3.354253434,TRUE,TRUE,FALSE,3.483737116
tess2020266004630-s0030-0000000150151262-0195-s_lc.fits,150151262,30,slow,12.29972889,0.607652347,0.70666671,12.29972889,6.948892935,3.417691189,5.239395231,4.348015527,0.607652347,0.323547017,0.069032498,0.046387405,0.045585484,TRUE,12.29972889,TRUE,TRUE,FALSE,12.29972889
tess2020266004630-s0030-0000000198008005-0195-s_lc.fits,198008005,30,slow,6.311114281,0.222331687,0.88167548,6.311114281,9.594598258,4.536743788,2.664166798,3.040687117,0.222331687,0.094722273,0.035003723,0.02122193,0.019123386,TRUE,6.311114281,TRUE,TRUE,FALSE,6.311114281
tess2020266004630-s0030-0000000207141131-0195-a_fast-lc.fits,207141131,30,fast,8.470395691,0.32213331,0.98535895,8.470395691,3.93430161,2.777445338,3.177923045,5.600532445,0.32213331,0.202439862,0.18984208,0.10621953,0.090932444,TRUE,8.602595099,TRUE,TRUE,FALSE,8.470395691
tess2020266004630-s0030-0000000207141131-0195-s_lc.fits,207141131,30,slow,8.982100104,0.847569485,1.33415461,8.982100104,4.273547856,2.865361351,6.060660845,2.531674248,0.847569485,0.117281406,0.029224953,0.020445383,0.019448991,TRUE,8.602595099,TRUE,TRUE,FALSE,8.982100104
tess2020266004630-s0030-0000000279741379-0195-a_fast-lc.fits,279741379,30,fast,7.960486171,0.065415168,0.15729189,7.960486171,3.934293147,3.256166614,15.35530008,2.295344829,0.065415168,0.022579567,0.017507955,0.017284821,0.015018503,TRUE,8.400414863,TRUE,TRUE,FALSE,7.960486171
tess2020266004630-s0030-0000000293435336-0195-s_lc.fits,293435336,30,slow,9.607000314,0.081700186,0.18468976,9.607000314,3.047098353,4.247113236,1.862832651,6.321850698,0.081700186,0.016587732,0.016103143,0.007716305,0.006887266,TRUE,9.607000314,TRUE,TRUE,FALSE,9.607000314
tess2020266004630-s0030-0000000309792357-0195-s_lc.fits,309792357,30,slow,11.29150277,0.145680666,0.29647946,11.29150277,6.655058262,4.895992374,2.914835786,1.813867375,0.145680666,0.06357352,0.019827369,0.010292166,0.008117867,TRUE,12.17412963,TRUE,TRUE,FALSE,11.29150277
tess2020266004630-s0030-0000000349576261-0195-a_fast-lc.fits,349576261,30,fast,3.818250959,0.256327202,1.95902467,3.818250959,1.919795063,5.022227666,3.079906224,1.713284795,0.256327202,0.102165327,0.0774729,0.066165476,0.049891285,TRUE,3.866798949,TRUE,TRUE,FALSE,3.818250959
tess2020266004630-s0030-0000000349576261-0195-s_lc.fits,349576261,30,slow,3.817717766,0.407608788,1.6266644,3.817717766,1.91949553,3.079456515,1.71301443,4.831149586,0.407608788,0.309892261,0.089574294,0.081693862,0.074033511,TRUE,3.866798949,TRUE,TRUE,FALSE,3.817717766
tess2020266004630-s0030-0000000391903064-0195-s_lc.fits,391903064,30,slow,3.379729165,0.96502274,4.52293873,3.379729165,4.130608595,2.859853034,6.051179227,2.344630987,0.96502274,0.136936256,0.115825356,0.036426989,0.033491046,TRUE,3.354253434,TRUE,TRUE,FALSE,3.379729165
tess2020294194027-s0031-0000000001129033-0198-s_lc.fits,1129033,31,slow,5.014109262,0.078806589,0.26022613,5.014109262,11.19500103,3.929380627,3.00170315,1.833172661,0.078806589,0.042438981,0.027031575,0.013465175,0.00866333,TRUE,5.014109262,TRUE,TRUE,TRUE,11.19500103
tess2020294194027-s0031-0000000004646810-0198-s_lc.fits,4646810,31,slow,11.19500234,0.077093212,0.16613126,11.19500234,5.686928861,4.330923506,3.700644377,3.150460675,0.077093212,0.041939885,0.027970151,0.009930893,0.006371477,TRUE,11.2298816,TRUE,TRUE,FALSE,11.19500234
tess2020294194027-s0031-0000000098796344-0198-a_fast-lc.fits,98796344,31,fast,1.391826654,0.490020384,1.25314713,1.391826654,6.926469959,12.27628084,5.01441637,1.173466056,0.490020384,0.184766229,0.043683425,0.02895618,0.028492452,TRUE,1.407134911,TRUE,TRUE,FALSE,1.391826654
tess2020294194027-s0031-0000000098796344-0198-s_lc.fits,98796344,31,slow,1.407134911,0.689702388,1.10749602,1.407134911,6.926140254,4.823905005,13.58785382,1.17338562,0.689702388,0.081159745,0.051507461,0.03878221,0.030741295,TRUE,1.407134911,TRUE,TRUE,FALSE,1.407134911
tess2020294194027-s0031-0000000142937186-0198-s_lc.fits,142937186,31,slow,5.953253521,0.053885371,0.18086076,5.953253521,11.19505845,3.70067871,3.15049089,2.216723373,0.053885371,0.042334098,0.02163435,0.01174361,0.005958852,TRUE,5.953253521,TRUE,TRUE,TRUE,11.19505845
tess2020294194027-s0031-0000000150151262-0198-s_lc.fits,150151262,31,slow,12.27598239,0.343380167,0.70201755,12.27598239,6.245723048,3.497126281,2.339080017,1.916082722,0.343380167,0.322462191,0.020053507,0.015557767,0.014967651,TRUE,12.29972889,TRUE,TRUE,FALSE,12.27598239
tess2020294194027-s0031-0000000178284730-0198-s_lc.fits,178284730,31,slow,9.5188994,0.375214571,0.68718076,9.5188994,5.953330496,3.074361328,4.05478818,2.684851402,0.375214571,0.269521934,0.033494477,0.031941786,0.01940901,TRUE,9.5188994,TRUE,TRUE,FALSE,9.5188994
tess2020294194027-s0031-0000000178289267-0198-s_lc.fits,178289267,31,slow,11.19515773,0.098129101,0.81374168,11.19515773,6.926243819,4.483760719,3.596072804,2.742771884,0.098129101,0.08298885,0.037574486,0.030818698,0.020584041,TRUE,11.19515773,TRUE,TRUE,FALSE,11.19515773
tess2020294194027-s0031-0000000200322593-0198-s_lc.fits,200322593,31,slow,0.725075104,0.079080348,0.64459801,0.725075104,0.362907339,0.625240494,0.808015944,5.220074874,0.079080348,0.037466725,0.003836145,0.002101647,0.00129257,TRUE,0.72711287,TRUE,TRUE,FALSE,0.725075104
tess2020294194027-s0031-0000000257605131-0198-s_lc.fits,257605131,31,slow,5.220050723,0.831520236,2.27365613,5.220050723,7.325234503,2.524885245,4.05476136,2.216743307,0.831520236,0.128719305,0.105523578,0.042839645,0.022333627,TRUE,5.220050723,TRUE,TRUE,FALSE,5.220050723
tess2020294194027-s0031-0000000309792357-0198-s_lc.fits,309792357,31,slow,12.27598199,0.324509357,0.370996,12.27598199,6.568377264,4.330986072,3.150509616,1.88763603,0.324509357,0.071839771,0.02394125,0.008095409,0.00495732,TRUE,12.17412963,TRUE,TRUE,FALSE,12.27598199
tess2020294194027-s0031-0000000349576261-0198-a_fast-lc.fits,349576261,31,fast,3.929703556,0.352257254,2.21512556,3.929703556,1.887778893,3.150731431,2.142205813,5.220361306,0.352257254,0.114255057,0.087454633,0.057775176,0.040465247,TRUE,3.866798949,TRUE,TRUE,FALSE,3.929703556
tess2020294194027-s0031-0000000349576261-0198-s_lc.fits,349576261,31,slow,3.929473623,0.618050635,1.85657203,3.929473623,1.916101194,3.230587646,2.576057732,5.014219919,0.618050635,0.173145485,0.110845598,0.082376524,0.062241367,TRUE,3.866798949,TRUE,TRUE,FALSE,3.929473623
tess2020294194027-s0031-0000000391903064-0198-s_lc.fits,391903064,31,slow,3.314753412,0.846867193,3.27350497,3.314753412,4.054718863,2.80318626,2.29680511,6.245679353,0.846867193,0.111114381,0.091103949,0.033448793,0.033254866,TRUE,3.354253434,TRUE,TRUE,FALSE,3.314753412
tess2020324010417-s0032-0000000001528696-0200-s_lc.fits,1528696,32,slow,5.507918584,0.103250373,2.17428923,5.507918584,8.935825713,4.107352004,2.90640128,0.294045974,0.103250373,0.02179162,0.007929576,0.003881498,0.003294836,TRUE,5.507918584,TRUE,TRUE,FALSE,5.507918584
tess2020324010417-s0032-0000000031374837-0200-s_lc.fits,31374837,32,slow,13.65595998,0.11212753,0.12521386,13.65595998,4.538452985,8.355314822,6.313219039,3.358337301,0.11212753,0.039859957,0.038335805,0.029381416,0.014990371,TRUE,13.65595998,TRUE,TRUE,FALSE,13.65595998
tess2020324010417-s0032-0000000032949762-0200-s_lc.fits,32949762,32,slow,0.523714882,0.155185464,1.66082084,0.523714882,0.262098623,0.174786077,0.472004818,0.130976645,0.155185464,0.036754817,0.017322016,0.008164748,0.005931373,TRUE,0.523714882,TRUE,TRUE,FALSE,0.523714882
tess2020324010417-s0032-0000000146520535-0200-s_lc.fits,146520535,32,slow,3.447969224,0.731612953,2.54025042,3.447969224,1.689207107,2.841167944,4.240407018,2.328854766,0.731612953,0.134304862,0.100619953,0.090188681,0.032304065,TRUE,3.447969224,TRUE,TRUE,FALSE,3.447969224
tess2020324010417-s0032-0000000200322593-0200-s_lc.fits,200322593,32,slow,0.728883882,0.121221036,0.65302014,0.728883882,0.362875328,0.661763267,0.832027165,0.052938422,0.121221036,0.013303444,0.002804391,0.001336596,0.001025998,TRUE,0.72711287,TRUE,TRUE,FALSE,0.728883882
tess2020324010417-s0032-0000000300812741-0200-s_lc.fits,300812741,32,slow,11.25661542,0.088479561,0.2889514,11.25661542,4.527319374,3.264539822,1.524734857,1.777323494,0.088479561,0.036060418,0.027580385,0.004847097,0.00349782,TRUE,10.81909508,TRUE,TRUE,FALSE,11.25661542
tess2020324010417-s0032-0000000309792357-0200-s_lc.fits,309792357,32,slow,11.26661349,0.357507131,0.40797472,11.26661349,6.632605149,4.534440236,3.189252024,1.509722274,0.357507131,0.099821062,0.026400851,0.017002747,0.006303878,TRUE,12.17412963,TRUE,TRUE,FALSE,11.26661349
tess2020324010417-s0032-0000000349576261-0200-a_fast-lc.fits,349576261,32,fast,3.840085293,0.108240847,1.53024197,3.840085293,1.875589415,3.17498768,4.857672315,9.564712832,0.108240847,0.02950668,0.023720281,0.016351883,0.014661102,TRUE,3.866798949,TRUE,TRUE,FALSE,3.840085293
tess2020324010417-s0032-0000000349576261-0200-s_lc.fits,349576261,32,slow,3.839945359,0.325819185,0.9172231,3.839945359,1.87551276,3.098208731,2.448016567,1.701429852,0.325819185,0.081795104,0.060999101,0.037727554,0.028926486,TRUE,3.866798949,TRUE,TRUE,FALSE,3.839945359
tess2020324010417-s0032-0000000391903064-0200-s_lc.fits,391903064,32,slow,3.439989261,0.710341272,2.69937634,3.439989261,1.707217474,2.898131759,2.36577437,4.231061855,0.710341272,0.167608021,0.088856355,0.026193814,0.022527412,TRUE,3.354253434,TRUE,TRUE,FALSE,3.439989261
tess2020351194500-s0033-0000000032949762-0203-s_lc.fits,32949762,33,slow,0.52419356,0.084990488,1.22997344,0.52419356,0.262341403,0.174476156,0.130965876,2.288228867,0.084990488,0.021162701,0.008459384,0.004492098,0.002837515,TRUE,0.523714882,TRUE,TRUE,FALSE,0.52419356
tess2020351194500-s0033-0000000037168957-0203-s_lc.fits,37168957,33,slow,5.752265544,0.122428057,5.74504018,5.752265544,2.72218729,8.356832893,1.859987903,4.241478912,0.122428057,0.057026543,0.014503922,0.007149937,0.007014308,TRUE,5.325112783,TRUE,TRUE,FALSE,5.752265544
tess2020351194500-s0033-0000000192790476-0203-s_lc.fits,192790476,33,slow,5.752196377,0.358513874,0.52057564,5.752196377,9.598503797,4.106601266,1.667863483,2.510552676,0.358513874,0.301638303,0.072688451,0.022995774,0.018772162,TRUE,5.752196377,TRUE,TRUE,FALSE,5.752196377
tess2020351194500-s0033-0000000220323515-0203-s_lc.fits,220323515,33,slow,9.598600235,0.084252438,2.11137652,9.598600235,3.980148634,5.074466753,6.639072501,2.510595089,0.084252438,0.034587326,0.022869195,0.017432676,0.007047932,TRUE,9.598600235,TRUE,TRUE,FALSE,9.598600235
tess2020351194500-s0033-0000000300812741-0203-s_lc.fits,300812741,33,slow,11.27386361,0.191048163,0.35096169,11.27386361,6.020389568,4.704928279,2.666053956,1.712123088,0.191048163,0.063958981,0.041071777,0.021910131,0.015364866,TRUE,10.81909508,TRUE,TRUE,FALSE,11.27386361
tess2020351194500-s0033-0000000309792357-0203-s_lc.fits,309792357,33,slow,12.3515618,0.061110269,0.27474523,12.3515618,3.749110288,7.399519576,4.704831513,2.972712152,0.061110269,0.019084424,0.018566409,0.009779304,0.008976792,TRUE,12.17412963,TRUE,TRUE,FALSE,12.3515618
tess2020351194500-s0033-0000000349576261-0203-a_fast-lc.fits,349576261,33,fast,3.749436857,0.114649772,1.62616014,3.749436857,1.944120005,4.883038695,1.735244258,2.210162914,0.114649772,0.098513734,0.017435211,0.014948808,0.012105751,TRUE,3.866798949,TRUE,TRUE,FALSE,3.749436857
tess2020351194500-s0033-0000000349576261-0203-s_lc.fits,349576261,33,slow,3.749191239,0.303013853,1.06525898,3.749191239,1.943978503,1.758736436,2.172836389,4.882741129,0.303013853,0.2767793,0.02777476,0.02487948,0.019779599,TRUE,3.866798949,TRUE,TRUE,FALSE,3.749191239
tess2021014023720-s0034-0000000101011575-0204-s_lc.fits,101011575,34,slow,5.620951566,0.47510763,0.48831403,5.620951566,8.200282116,15.15421822,3.186684709,2.704423658,0.47510763,0.155858268,0.137967691,0.087879014,0.040570399,TRUE,5.620951566,TRUE,TRUE,FALSE,5.620951566
tess2021014023720-s0034-0000000150151262-0204-s_lc.fits,150151262,34,slow,12.18983251,0.20676427,0.41556716,12.18983251,6.488634109,4.12858921,3.181738873,2.642952605,0.20676427,0.147154969,0.086117557,0.071945931,0.022172802,TRUE,12.29972889,TRUE,TRUE,FALSE,12.18983251
tess2021014023720-s0034-0000000178367144-0204-a_fast-lc.fits,178367144,34,fast,4.75766703,0.261051715,1.50124431,4.75766703,2.260100126,6.844054041,3.755833023,2.588039903,0.261051715,0.097561316,0.07974113,0.047750504,0.035144612,TRUE,4.752623402,TRUE,TRUE,FALSE,4.75766703
tess2021014023720-s0034-0000000178367144-0204-s_lc.fits,178367144,34,slow,4.752623402,0.443513074,1.18319869,4.752623402,2.257312074,6.837790843,3.751590043,2.584906252,0.443513074,0.14605482,0.120177703,0.05598857,0.052665048,TRUE,4.752623402,TRUE,TRUE,FALSE,4.752623402
tess2021014023720-s0034-0000000268301217-0204-s_lc.fits,268301217,34,slow,6.854363259,0.174270294,1.68650806,6.854363259,4.765972026,3.358835636,12.20045484,0.946189309,0.174270294,0.122112744,0.030995058,0.020621468,0.014134449,TRUE,6.854363259,TRUE,TRUE,FALSE,6.854363259
tess2021014023720-s0034-0000000279741379-0204-a_fast-lc.fits,279741379,34,fast,8.213527477,0.077478058,0.2376467,8.213527477,3.458198552,5.89678452,2.311237565,1.982478841,0.077478058,0.047465293,0.039876778,0.033139237,0.031096256,TRUE,8.400414863,TRUE,TRUE,FALSE,8.213527477
tess2021014023720-s0034-0000000280437559-0204-s_lc.fits,280437559,34,slow,11.08875022,0.057624115,0.37485719,11.08875022,6.473670576,3.985533432,0.920232073,0.364676058,0.057624115,0.029772645,0.019660021,0.002481775,0.002463259,TRUE,11.08875022,TRUE,TRUE,FALSE,11.08875022
tess2021014023720-s0034-0000000349576261-0204-a_fast-lc.fits,349576261,34,fast,3.867117576,0.350593405,2.03001797,3.867117576,3.098159894,1.91080347,10.18991171,2.432959328,0.350593405,0.10133227,0.047132922,0.023755231,0.022191149,TRUE,3.866798949,TRUE,TRUE,FALSE,3.867117576
tess2021014023720-s0034-0000000349576261-0204-s_lc.fits,349576261,34,slow,3.866798949,0.778642222,1.85037076,3.866798949,3.176856533,1.910626942,4.93956161,2.531569346,0.778642222,0.089330791,0.064421063,0.051133339,0.016132256,TRUE,3.866798949,TRUE,TRUE,FALSE,3.866798949
tess2021014023720-s0034-0000000350293646-0204-a_fast-lc.fits,350293646,34,fast,6.845441284,0.359186862,1.04183674,6.845441284,3.543590306,4.584115611,13.50974264,2.260717896,0.359186862,0.121609261,0.060716243,0.040422284,0.032639439,TRUE,7.467382442,TRUE,TRUE,FALSE,6.845441284
tess2021014023720-s0034-0000000391903064-0204-s_lc.fits,391903064,34,slow,3.262545775,0.583161739,1.14354968,3.262545775,1.658105956,2.698062132,1.912270131,2.258460099,0.583161739,0.13519676,0.078159388,0.029060242,0.022202865,TRUE,3.354253434,TRUE,TRUE,FALSE,3.262545775
tess2021039152502-s0035-0000000022221375-0205-s_lc.fits,22221375,35,slow,10.94231441,0.06604763,0.08842349,10.94231441,5.481172914,3.261496308,1.326960635,1.886419451,0.06604763,0.062381873,0.019956569,0.007464623,0.006612163,TRUE,10.94231441,TRUE,TRUE,FALSE,10.94231441
tess2021039152502-s0035-0000000118956453-0205-a_fast-lc.fits,118956453,35,fast,8.027153574,0.074565755,1.90070748,8.027153574,5.477002594,15.02117181,2.275527695,4.304783383,0.074565755,0.056947883,0.032449929,0.013683301,0.01153908,TRUE,7.616822652,TRUE,TRUE,FALSE,8.027153574
tess2021039152502-s0035-0000000349576261-0205-a_fast-lc.fits,349576261,35,fast,3.882597267,0.330761435,1.9143033,3.882597267,3.167802733,5.01396703,2.040707031,1.824341735,0.330761435,0.141352756,0.126650342,0.044363394,0.019875778,TRUE,3.866798949,TRUE,TRUE,FALSE,3.882597267
tess2021039152502-s0035-0000000349576261-0205-s_lc.fits,349576261,35,slow,3.882176328,0.731042556,1.51420236,3.882176328,3.16744406,5.013461586,2.006465043,2.735731389,0.731042556,0.245943972,0.198126394,0.07129316,0.026680565,TRUE,3.866798949,TRUE,TRUE,FALSE,3.882176328
tess2021039152502-s0035-0000000374180079-0205-a_fast-lc.fits,374180079,35,fast,8.037849171,0.073377839,1.0586524,8.037849171,13.36830533,5.746499413,4.471740342,2.876492893,0.073377839,0.067913018,0.061732834,0.041558692,0.025195615,TRUE,8.037849171,TRUE,TRUE,FALSE,8.037849171
tess2021039152502-s0035-0000000391903064-0205-s_lc.fits,391903064,35,slow,3.345751419,0.603221875,2.7301532,3.345751419,1.697060662,4.152599751,2.801434005,9.252960268,0.603221875,0.35684817,0.178220003,0.098695592,0.028900256,TRUE,3.354253434,TRUE,TRUE,FALSE,3.345751419
tess2021065132309-s0036-0000000014614418-0207-a_fast-lc.fits,14614418,36,fast,8.544308147,0.067232878,5.0383687,8.544308147,5.691703224,0.840598474,0.418775447,0.279499734,0.067232878,0.020514426,0.011225762,0.010603914,0.009898431,TRUE,8.544308147,TRUE,TRUE,FALSE,8.544308147
tess2021065132309-s0036-0000000035516889-0207-a_fast-lc.fits,35516889,36,fast,9.18907102,0.137220377,2.47347713,9.18907102,3.973213068,0.788322495,4.96859592,2.905923817,0.137220377,0.053315295,0.034343769,0.026016586,0.025168101,TRUE,9.18907102,TRUE,TRUE,FALSE,9.18907102
tess2021065132309-s0036-0000000150151262-0207-s_lc.fits,150151262,36,slow,11.97407433,0.465159783,0.56753159,11.97407433,6.29248496,3.143565699,4.596246987,1.809278725,0.465159783,0.127395234,0.119094476,0.072287881,0.021732629,TRUE,12.29972889,TRUE,TRUE,FALSE,11.97407433
tess2021065132309-s0036-0000000349576261-0207-a_fast-lc.fits,349576261,36,fast,3.725151453,0.064960978,1.5128684,3.725151453,4.586420238,3.055695855,1.861152744,2.089911443,0.064960978,0.039443345,0.017006504,0.016487691,0.007897027,TRUE,3.866798949,TRUE,TRUE,FALSE,3.725151453
tess2021065132309-s0036-0000000349576261-0207-s_lc.fits,349576261,36,slow,3.611697753,0.200626627,0.75439811,3.611697753,2.978864858,4.415776401,1.860922944,2.089656651,0.200626627,0.074603475,0.06325235,0.057368652,0.033383204,TRUE,3.866798949,TRUE,TRUE,FALSE,3.611697753
tess2021065132309-s0036-0000000362249359-0207-s_lc.fits,362249359,36,slow,5.245724448,0.10516826,0.3687346,5.245724448,3.893915117,7.534411019,15.02745324,3.018750565,0.10516826,0.071524862,0.027588169,0.022676528,0.015511415,TRUE,5.052543547,TRUE,TRUE,FALSE,5.245724448
tess2021065132309-s0036-0000000371443216-0207-s_lc.fits,371443216,36,slow,3.449471277,0.057996812,0.11703014,3.449471277,7.092381562,5.483708461,4.310480004,12.03520254,0.057996812,0.052180126,0.037864392,0.031242621,0.014009643,TRUE,3.449471277,TRUE,TRUE,TRUE,7.092381562
tess2021065132309-s0036-0000000443616612-0207-s_lc.fits,443616612,36,slow,9.211689066,0.098864391,4.21318054,9.211689066,5.983887252,3.738316107,4.601767988,2.847753329,0.098864391,0.061082236,0.052719651,0.030210969,0.02132651,TRUE,8.671088443,TRUE,TRUE,FALSE,9.211689066
tess2021091135823-s0037-0000000104024556-0208-s_lc.fits,104024556,37,slow,1.174987993,0.118646122,0.46198726,1.174987993,1.014209064,0.575881459,2.328530466,1.745794122,0.118646122,0.087937738,0.018714572,0.016803579,0.014371401,TRUE,1.174987993,TRUE,TRUE,FALSE,1.174987993
tess2021091135823-s0037-0000000349576261-0208-s_lc.fits,349576261,37,slow,3.76688014,0.225388388,0.78128695,3.76688014,1.914314436,4.820204585,2.153461638,1.698718078,0.225388388,0.155943699,0.108943053,0.043538447,0.030961578,TRUE,3.866798949,TRUE,TRUE,FALSE,3.76688014
tess2021091135823-s0037-0000000362249359-0208-s_lc.fits,362249359,37,slow,4.916872151,0.101479256,0.39001107,4.916872151,8.152994898,2.935846546,2.373356094,1.236347706,0.101479256,0.052930851,0.027908453,0.008680176,0.00757756,TRUE,5.052543547,TRUE,TRUE,FALSE,4.916872151
tess2021091135823-s0037-0000000391903064-0208-s_lc.fits,391903064,37,slow,3.363372438,0.785616304,2.92667508,3.363372438,4.173405321,1.683203076,2.816673119,6.36244543,0.785616304,0.117024463,0.098748176,0.096793492,0.047791757,TRUE,3.354253434,TRUE,TRUE,FALSE,3.363372438
tess2021091135823-s0037-0000000404421005-0208-s_lc.fits,404421005,37,slow,8.629533409,0.081176873,0.24607897,8.629533409,5.263230448,4.038065043,3.030351133,1.7838709,0.081176873,0.025699365,0.019640434,0.016470304,0.009731187,TRUE,8.629533409,TRUE,TRUE,FALSE,8.629533409
tess2021091135823-s0037-0000000447061717-0208-s_lc.fits,447061717,37,slow,13.42984176,0.129783043,0.0631988,13.42984176,5.803655177,4.520238024,3.939458252,3.302901586,0.129783043,0.077035549,0.055064831,0.039333275,0.027493659,TRUE,13.42984176,TRUE,TRUE,FALSE,13.42984176
tess2021118034608-s0038-0000000160708862-0209-s_lc.fits,160708862,38,slow,0.184718984,0.311493548,0.31305671,0.184718984,4.478794809,5.681246535,0.36871469,7.766322647,0.311493548,0.009126968,0.003981138,0.003714447,0.003289513,TRUE,0.184718984,TRUE,TRUE,FALSE,0.184718984
tess2021118034608-s0038-0000000166527623-0209-s_lc.fits,166527623,38,slow,1.420797565,0.956399539,4.58554506,1.420797565,1.740387863,1.200371384,2.005785428,0.728403517,0.956399539,0.016902909,0.012333192,0.007420596,0.007322587,TRUE,1.420797565,TRUE,TRUE,FALSE,1.420797565
tess2021118034608-s0038-0000000292202337-0209-s_lc.fits,292202337,38,slow,9.690119399,0.102884262,0.18856525,9.690119399,6.39403337,3.501514428,4.166796705,1.36244787,0.102884262,0.024285988,0.009069401,0.005879853,0.005631732,TRUE,9.690119399,TRUE,TRUE,FALSE,9.690119399
tess2021118034608-s0038-0000000300812741-0209-s_lc.fits,300812741,38,slow,10.5317416,0.321933012,0.39065182,10.5317416,6.158483272,3.963853494,2.987839228,4.655048273,0.321933012,0.073786686,0.043860704,0.024441697,0.01653086,TRUE,10.81909508,TRUE,TRUE,FALSE,10.5317416
tess2021118034608-s0038-0000000349576261-0209-a_fast-lc.fits,349576261,38,fast,3.916586234,0.152380627,1.57540679,3.916586234,9.022269553,4.948237908,1.945975689,3.162942968,0.152380627,0.019587114,0.017993488,0.015614706,0.012925726,TRUE,3.866798949,TRUE,TRUE,FALSE,3.916586234
tess2021118034608-s0038-0000000349576261-0209-s_lc.fits,349576261,38,slow,3.91622585,0.476056905,1.03444695,3.91622585,1.975001848,1.269468406,9.021702895,4.947811799,0.476056905,0.056880915,0.038217575,0.031715642,0.031549719,TRUE,3.866798949,TRUE,TRUE,FALSE,3.91622585
tess2021118034608-s0038-0000000360156606-0209-s_lc.fits,360156606,38,slow,1.654554028,0.050893669,4.96893823,1.654554028,0.830747158,1.217056728,1.366581523,2.096295253,0.050893669,0.009924095,0.00183932,0.001772207,0.001100632,TRUE,1.664145291,TRUE,TRUE,FALSE,1.654554028
tess2021118034608-s0038-0000000360630575-0209-a_fast-lc.fits,360630575,38,fast,5.004447175,0.726059646,1.12271547,5.004447175,2.487052795,7.148301972,3.964162921,2.922665437,0.726059646,0.063339442,0.049608438,0.035758904,0.027438728,TRUE,5.00412184,TRUE,TRUE,FALSE,5.004447175
tess2021118034608-s0038-0000000360630575-0209-s_lc.fits,360630575,38,slow,5.00412184,0.811831779,1.1899364,5.00412184,2.486863973,7.1479037,9.761588643,3.963887338,0.811831779,0.075030786,0.070044112,0.025823164,0.025529579,TRUE,5.00412184,TRUE,TRUE,FALSE,5.00412184
tess2021118034608-s0038-0000000391903064-0209-s_lc.fits,391903064,38,slow,3.364415512,0.814355892,2.85073638,3.364415512,1.675324483,4.085200122,2.859832361,5.886912242,0.814355892,0.126579335,0.080030959,0.074083646,0.028483527,TRUE,3.354253434,TRUE,TRUE,FALSE,3.364415512
tess2021118034608-s0038-0000000391949880-0209-a_fast-lc.fits,391949880,38,fast,9.096844308,0.143772091,0.27937889,9.096844308,5.004489607,4.085522239,3.128157109,2.129936272,0.143772091,0.076953336,0.04134224,0.029395065,0.009507592,TRUE,10.00877825,TRUE,TRUE,FALSE,9.096844308
tess2021118034608-s0038-0000000440887364-0209-s_lc.fits,440887364,38,slow,10.46829592,0.271957605,0.22810757,10.46829592,4.956504071,6.727627115,3.70308786,3.023459526,0.271957605,0.121303566,0.082485754,0.033663997,0.012721924,TRUE,10.46829592,TRUE,TRUE,FALSE,10.46829592
tess2021118034608-s0038-0000000460205581-0209-s_lc.fits,460205581,38,slow,2.987806308,0.47482656,2.10422158,2.987806308,1.488469539,2.583062929,2.129704834,5.409647776,0.47482656,0.349455398,0.030797714,0.022114519,0.011239918,TRUE,3.040266559,TRUE,TRUE,FALSE,2.987806308
tess2021146024351-s0039-0000000016288184-0210-s_lc.fits,16288184,39,slow,12.67359447,0.094716081,1.83483958,12.67359447,4.956700269,6.313498029,4.335548335,0.545008086,0.094716081,0.070353966,0.058643707,0.0396307,0.021509506,TRUE,12.67359447,TRUE,TRUE,FALSE,12.67359447
tess2021146024351-s0039-0000000349576261-0210-a_fast-lc.fits,349576261,39,fast,3.883032845,0.230515013,1.76743984,3.883032845,5.178004491,9.324023544,1.888690479,3.176816927,0.230515013,0.052135281,0.026417033,0.019756721,0.019257159,TRUE,3.866798949,TRUE,TRUE,FALSE,3.883032845
tess2021146024351-s0039-0000000349576261-0210-s_lc.fits,349576261,39,slow,3.882773669,0.569916034,1.27333522,3.882773669,5.376933118,2.541118658,1.914424193,3.176595597,0.569916034,0.054684666,0.036068736,0.030097187,0.027381924,TRUE,3.866798949,TRUE,TRUE,FALSE,3.882773669
tess2021146024351-s0039-0000000360630575-0210-a_fast-lc.fits,360630575,39,fast,4.992987036,0.566881012,1.05647445,4.992987036,2.588373578,11.65757012,6.991489345,3.106198863,0.566881012,0.130850961,0.052353724,0.031173128,0.03107188,TRUE,5.00412184,TRUE,TRUE,FALSE,4.992987036
tess2021146024351-s0039-0000000360630575-0210-s_lc.fits,360630575,39,slow,5.177684303,0.772258382,1.08097553,5.177684303,2.637033248,6.991112693,15.54879792,2.368798257,0.772258382,0.134499428,0.054744641,0.051866608,0.031945233,TRUE,5.00412184,TRUE,TRUE,FALSE,5.177684303
tess2021146024351-s0039-0000000391903064-0210-s_lc.fits,391903064,39,slow,3.250528389,0.556322445,2.3454082,3.250528389,1.683752538,3.993794468,2.54114718,1.96838483,0.556322445,0.306841184,0.040527876,0.016332431,0.011449807,TRUE,3.354253434,TRUE,TRUE,FALSE,3.250528389
tess2021175071901-s0040-0000000027010191-0211-s_lc.fits,27010191,40,slow,2.608734588,0.718783925,6.2713325,2.608734588,1.281256385,2.272395571,3.06193376,1.930214738,0.718783925,0.136771883,0.06596103,0.046214204,0.024915858,TRUE,2.608734588,TRUE,TRUE,FALSE,2.608734588
tess2021175071901-s0040-0000000027848472-0211-s_lc.fits,27848472,40,slow,11.70122812,0.084394457,0.34007311,11.70122812,7.40155877,4.541050732,3.520589275,2.996803141,0.084394457,0.076652837,0.073588062,0.02471088,0.022961955,TRUE,11.70122812,TRUE,TRUE,FALSE,11.70122812
tess2021175071901-s0040-0000000063212809-0211-s_lc.fits,63212809,40,slow,0.301254419,0.573196081,7.44837046,0.301254419,0.238159172,0.198860647,0.407461695,0.335679389,0.573196081,0.009239254,0.004832469,0.003515378,0.002282019,TRUE,0.301254419,TRUE,TRUE,FALSE,0.301254419
tess2021175071901-s0040-0000000063213622-0211-s_lc.fits,63213622,40,slow,6.117202169,0.436699067,1.05734766,6.117202169,3.061929257,8.269869551,4.692235108,2.072034533,0.436699067,0.143998513,0.106359969,0.06722647,0.025168037,TRUE,6.232548992,TRUE,TRUE,FALSE,6.117202169
tess2021175071901-s0040-0000000075878355-0211-s_lc.fits,75878355,40,slow,12.76013005,0.074998804,0.11668801,12.76013005,5.212526812,8.269741229,4.14093295,2.874590591,0.074998804,0.055625661,0.039637782,0.025370303,0.02165825,TRUE,12.76013005,TRUE,TRUE,FALSE,12.76013005
tess2021175071901-s0040-0000000120105003-0211-s_lc.fits,120105003,40,slow,6.117157811,0.242118407,2.26390362,6.117157811,3.129868867,4.69219759,9.368795572,2.708945384,0.242118407,0.160308162,0.088278688,0.044473029,0.033948185,TRUE,6.159837207,TRUE,TRUE,FALSE,6.117157811
tess2021175071901-s0040-0000000120105470-0211-s_lc.fits,120105470,40,slow,2.657881468,0.56483129,2.88279712,2.657881468,1.31714768,3.061902228,2.309592533,2.012857025,0.56483129,0.092014571,0.058788769,0.031521991,0.021710926,TRUE,2.574052626,TRUE,TRUE,FALSE,2.657881468
tess2021175071901-s0040-0000000120253552-0211-s_lc.fits,120253552,40,slow,5.026759328,0.145668412,6.70408607,5.026759328,6.394582514,9.368799031,3.610772236,2.102918958,0.145668412,0.054256708,0.041903796,0.039113779,0.026097451,TRUE,5.026759328,TRUE,TRUE,FALSE,5.026759328
tess2021175071901-s0040-0000000121123361-0211-s_lc.fits,121123361,40,slow,10.03563034,0.081893794,1.50179148,10.03563034,6.394595368,4.853732241,3.520624288,2.762018587,0.081893794,0.033500125,0.011814664,0.006890655,0.003480063,TRUE,10.03563034,TRUE,TRUE,FALSE,10.03563034
tess2021175071901-s0040-0000000121865123-0211-s_lc.fits,121865123,40,slow,3.610788525,0.092540956,1.71671748,3.610788525,9.368826446,6.117184135,0.999656134,3.061918244,0.092540956,0.059071917,0.03088224,0.007828566,0.00687867,TRUE,3.631547451,TRUE,TRUE,FALSE,3.610788525
tess2021175071901-s0040-0000000122450696-0211-s_lc.fits,122450696,40,slow,4.692225669,0.81670808,3.08409691,4.692225669,3.705689103,6.394613502,2.934475337,2.387833858,0.81670808,0.051384372,0.041817143,0.02052995,0.017592557,TRUE,4.692225669,TRUE,TRUE,FALSE,4.692225669
tess2021175071901-s0040-0000000138433618-0211-s_lc.fits,138433618,40,slow,6.1172103,0.081087507,1.7230916,6.1172103,10.0356739,4.692241985,3.911288963,2.996856088,0.081087507,0.035140727,0.008753436,0.007371796,0.004346117,TRUE,6.146974042,TRUE,TRUE,FALSE,6.1172103
tess2021175071901-s0040-0000000138888759-0211-s_lc.fits,138888759,40,slow,3.705706824,0.380614715,2.08643436,3.705706824,2.471556653,2.817228004,4.692246749,7.401661847,0.380614715,0.261673093,0.213747973,0.166826249,0.149489459,TRUE,3.705706824,TRUE,TRUE,FALSE,3.705706824
tess2021175071901-s0040-0000000139036554-0211-s_lc.fits,139036554,40,slow,4.853770199,0.465214914,32.37431169,4.853770199,3.705707693,6.698421746,15.58017577,2.996860201,0.465214914,0.214601313,0.165746651,0.070446499,0.063433421,TRUE,4.853770199,TRUE,TRUE,FALSE,4.853770199
tess2021175071901-s0040-0000000154872375-0211-s_lc.fits,154872375,40,slow,5.026748124,0.805806446,1.03740573,5.026748124,7.032431257,2.561313929,4.022833209,3.200915315,0.805806446,0.101561502,0.031252876,0.030096633,0.02910338,TRUE,5.221258879,TRUE,TRUE,FALSE,5.026748124
tess2021175071901-s0040-0000000158320130-0211-s_lc.fits,158320130,40,slow,3.275285465,0.449394203,4.24221158,3.275285465,3.911262129,1.69778612,2.81720415,2.309600316,0.449394203,0.108453007,0.080564593,0.039366583,0.012140166,TRUE,3.443656679,TRUE,TRUE,FALSE,3.275285465
tess2021175071901-s0040-0000000158389981-0211-s_lc.fits,158389981,40,slow,0.196366926,0.432234769,3.46329153,0.196366926,0.098186886,0.065458685,0.392706472,0.177126151,0.432234769,0.029594485,0.005176592,0.002847807,0.001182597,TRUE,0.196311776,TRUE,TRUE,FALSE,0.196366926
tess2021175071901-s0040-0000000158657354-0211-s_lc.fits,158657354,40,slow,4.691332498,0.060317897,0.77794552,4.691332498,2.657326277,2.309100408,6.393531625,1.739292194,0.060317897,0.011549754,0.008082765,0.00807241,0.00180718,TRUE,4.691332498,TRUE,TRUE,FALSE,4.691332498
tess2021175071901-s0040-0000000159050852-0211-s_lc.fits,159050852,40,slow,10.0356475,0.081023741,0.81644356,10.0356475,4.692223018,6.117187875,3.911272347,2.167586724,0.081023741,0.069160973,0.023898599,0.012979575,0.007572294,TRUE,9.763080167,TRUE,TRUE,FALSE,10.0356475
tess2021175071901-s0040-0000000159174926-0211-s_lc.fits,159174926,40,slow,10.8041711,0.192014867,2.80745625,10.8041711,7.032027394,4.540761387,5.62839519,3.434591264,0.192014867,0.085397719,0.057186372,0.022956835,0.019198445,TRUE,10.8041711,TRUE,TRUE,FALSE,10.8041711
tess2021175071901-s0040-0000000159725995-0211-s_lc.fits,159725995,40,slow,4.141015752,0.056092137,11.8710053,4.141015752,7.401640955,11.7013137,3.434875931,2.13477346,0.056092137,0.011162413,0.010120023,0.009322461,0.005572352,TRUE,4.141015752,TRUE,TRUE,FALSE,4.141015752
tess2021175071901-s0040-0000000160045097-0211-s_lc.fits,160045097,40,slow,5.862727288,0.327390109,0.69989562,5.862727288,11.70117619,4.399327471,2.761964393,3.275222612,0.327390109,0.089314261,0.039576699,0.005844808,0.004793463,TRUE,5.862727288,TRUE,TRUE,FALSE,5.862727288
tess2021175071901-s0040-0000000188768068-0211-a_fast-lc.fits,188768068,40,fast,8.785254195,0.073279512,0.08714795,8.785254195,6.394741025,4.853855323,2.874721402,2.042075771,0.073279512,0.052118772,0.016408781,0.012271056,0.007082861,TRUE,9.098309894,TRUE,TRUE,FALSE,8.785254195
tess2021175071901-s0040-0000000219852882-0211-a_fast-lc.fits,219852882,40,fast,10.8048498,0.294931274,1.44288778,10.8048498,5.412868295,7.032650351,4.399550129,1.957063921,0.294931274,0.050718981,0.049088535,0.01477991,0.00705851,TRUE,10.90218623,TRUE,TRUE,FALSE,10.8048498
tess2021175071901-s0040-0000000219852882-0211-s_lc.fits,219852882,40,slow,10.80456437,0.435273329,0.75956106,10.80456437,5.412641458,7.032388359,2.309568603,3.129838002,0.435273329,0.105357369,0.104532851,0.013551659,0.013230766,TRUE,10.90218623,TRUE,TRUE,FALSE,10.80456437
tess2021175071901-s0040-0000000267572272-0211-s_lc.fits,267572272,40,slow,0.217577292,0.616280807,2.93985248,0.217577292,0.108876854,8.785080777,5.862814505,1.409304406,0.616280807,0.017913591,0.008227041,0.007923733,0.004441408,TRUE,0.217795917,TRUE,TRUE,FALSE,0.217577292
tess2021175071901-s0040-0000000270701667-0211-s_lc.fits,270701667,40,slow,6.117209073,0.254916593,0.57181537,6.117209073,4.541122661,9.368855693,3.434884083,2.762038639,0.254916593,0.049174233,0.041341288,0.016521923,0.0096597,TRUE,6.141398061,TRUE,TRUE,FALSE,6.117209073
tess2021175071901-s0040-0000000270779644-0211-s_lc.fits,270779644,40,slow,6.117209197,0.067919395,0.6411469,6.117209197,8.785130883,3.705702035,3.129900816,4.692241052,0.067919395,0.015336579,0.014232871,0.012243798,0.003695349,TRUE,6.444564696,TRUE,TRUE,FALSE,6.117209197
tess2021175071901-s0040-0000000279917005-0211-s_lc.fits,279917005,40,slow,1.438052113,0.078180233,3.00034165,1.438052113,0.719209634,1.236308818,3.520621633,6.698371665,0.078180233,0.010450859,0.004299048,0.003379176,0.003303395,TRUE,1.444859982,TRUE,TRUE,FALSE,1.438052113
tess2021175071901-s0040-0000000299089652-0211-s_lc.fits,299089652,40,slow,20,0.289865876,1.73107862,10.03564556,5.628789732,7.032472183,2.561333974,3.129886536,0.210391202,0.055596946,0.040046141,0.02400962,0.021775858,TRUE,10.03564556,TRUE,TRUE,FALSE,10.03564556
tess2021175071901-s0040-0000000299158887-0211-s_lc.fits,299158887,40,slow,5.862835557,0.314179439,0.79027832,5.862835557,9.368830482,2.608722854,4.399417125,2.309606806,0.314179439,0.144739718,0.107982826,0.055613568,0.048240639,TRUE,5.43247272,TRUE,TRUE,FALSE,5.862835557
tess2021175071901-s0040-0000000350810590-0211-s_lc.fits,350810590,40,slow,4.541112574,0.050946943,0.99345744,4.541112574,15.58015932,10.03565809,3.520640386,5.628799868,0.050946943,0.050190593,0.047146168,0.044408613,0.035678019,TRUE,4.541112574,TRUE,TRUE,FALSE,4.541112574
tess2021175071901-s0040-0000000352013543-0211-s_lc.fits,352013543,40,slow,5.862816799,0.069751984,11.22781336,5.862816799,4.541089004,3.353171845,3.805691019,8.269830929,0.069751984,0.007385258,0.006615828,0.005653015,0.004550725,TRUE,5.754391209,TRUE,TRUE,FALSE,5.862816799
tess2021175071901-s0040-0000000356867115-0211-s_lc.fits,356867115,40,slow,5.862807068,0.328063755,0.54998517,5.862807068,3.911250496,11.70126966,4.541080762,3.275275339,0.328063755,0.09144435,0.063122557,0.052742276,0.045849981,TRUE,6.159804206,TRUE,TRUE,FALSE,5.862807068
tess2021175071901-s0040-0000000358516596-0211-s_lc.fits,358516596,40,slow,0.196913724,0.627664543,0.70211291,0.196913724,0.0984603,12.76018339,0.166460153,0.144312034,0.627664543,0.013574281,0.002893305,0.002717967,0.002342622,TRUE,0.196913724,TRUE,TRUE,FALSE,0.196913724
tess2021175071901-s0040-0000000399954349-0211-a_fast-lc.fits,399954349,40,fast,5.212830198,0.096015053,1.82653785,5.212830198,9.369107864,4.141191432,3.130034424,1.930302852,0.096015053,0.066075238,0.043889351,0.018054414,0.015313622,TRUE,5.283960408,TRUE,TRUE,TRUE,9.369107864
tess2021175071901-s0040-0000000399954349-0211-s_lc.fits,399954349,40,slow,5.412708338,0.200398615,0.96431971,5.412708338,4.141002759,2.99683797,3.520628931,7.401622507,0.200398615,0.121303618,0.073938801,0.023753906,0.023025704,TRUE,5.283960408,TRUE,TRUE,FALSE,5.412708338
tess2021175071901-s0040-0000000406950324-0211-s_lc.fits,406950324,40,slow,10.03565268,0.2146797,1.12449586,10.03565268,15.58015559,4.541108775,3.061923215,6.394614798,0.2146797,0.093578746,0.069577291,0.032104982,0.017249376,TRUE,10.03565268,TRUE,TRUE,FALSE,10.03565268
tess2021204101404-s0041-0000000027186509-0212-s_lc.fits,27186509,41,slow,5.393897892,0.10649957,0.97788751,5.393897892,9.076435023,3.27069392,2.574090615,2.156538927,0.10649957,0.015150623,0.005505566,0.002728039,0.002421858,TRUE,5.708633337,TRUE,TRUE,FALSE,5.393897892
tess2021204101404-s0041-0000000027769688-0212-s_lc.fits,27769688,41,slow,6.766590787,0.13224672,0.72645545,6.766590787,12.48631747,4.640755567,3.531330352,1.002243602,0.13224672,0.099949521,0.093364811,0.015767034,0.011687102,TRUE,6.457685368,TRUE,TRUE,TRUE,12.48631747
tess2021204101404-s0041-0000000028357724-0212-s_lc.fits,28357724,41,slow,0.186550975,0.747207798,3.73431981,0.186550975,0.093252408,0.168147096,12.48632415,0.209478634,0.747207798,0.007966085,0.001468454,0.001313354,0.001181156,TRUE,0.186402136,TRUE,TRUE,FALSE,0.186550975
tess2021204101404-s0041-0000000063213622-0212-s_lc.fits,63213622,41,slow,5.870208394,0.40281231,0.93674362,5.870208394,3.192141189,9.076399084,4.337876219,2.056449856,0.40281231,0.109312355,0.101838119,0.065534672,0.024164726,TRUE,6.232548992,TRUE,TRUE,FALSE,5.870208394
tess2021204101404-s0041-0000000120043638-0212-s_lc.fits,120043638,41,slow,1.347655129,0.050644425,3.02565098,1.347655129,2.677744541,0.676044956,0.900405607,0.451191555,0.050644425,0.025655044,0.022563323,0.016749453,0.013154894,TRUE,1.347655129,TRUE,TRUE,TRUE,2.677744541
tess2021204101404-s0041-0000000120105003-0212-s_lc.fits,120105003,41,slow,6.141342414,0.275380142,2.07913935,6.141342414,9.076349565,3.439903713,4.640688964,2.912393392,0.275380142,0.08897832,0.075971566,0.061245099,0.03661868,TRUE,6.159837207,TRUE,TRUE,FALSE,6.141342414
tess2021204101404-s0041-0000000120105470-0212-s_lc.fits,120105470,41,slow,2.574052626,0.75626702,4.22287464,2.574052626,3.045845974,3.951078264,2.266818984,4.484159147,0.75626702,0.059779893,0.041435853,0.040377383,0.032924292,TRUE,2.574052626,TRUE,TRUE,FALSE,2.574052626
tess2021204101404-s0041-0000000121603794-0212-s_lc.fits,121603794,41,slow,5.621942996,0.116139193,0.95852196,5.621942996,9.076369553,4.200786558,2.306148925,1.90880619,0.116139193,0.025864215,0.017809789,0.010804688,0.005135578,TRUE,5.621942996,TRUE,TRUE,FALSE,5.621942996
tess2021204101404-s0041-0000000122450696-0212-s_lc.fits,122450696,41,slow,4.640706802,0.661746824,2.43465424,4.640706802,3.729415263,2.346861712,2.849971041,6.766529525,0.661746824,0.091456023,0.080001731,0.043185304,0.037882437,TRUE,4.692225669,TRUE,TRUE,FALSE,4.640706802
tess2021204101404-s0041-0000000138433618-0212-s_lc.fits,138433618,41,slow,5.870210915,0.096295072,2.04849958,5.870210915,4.484194966,12.48627952,2.849984706,2.306162319,0.096295072,0.043991951,0.023057145,0.013876377,0.009522544,TRUE,6.146974042,TRUE,TRUE,FALSE,5.870210915
tess2021204101404-s0041-0000000138477646-0212-s_lc.fits,138477646,41,slow,9.741472954,0.050079109,1.30263388,9.741472954,5.870207594,3.951108371,2.912417768,2.574073923,0.050079109,0.026015006,0.018647179,0.010387453,0.004493591,TRUE,9.848097605,TRUE,TRUE,FALSE,9.741472954
tess2021204101404-s0041-0000000138960099-0212-s_lc.fits,138960099,41,slow,0.319080269,0.077540982,1.00376606,0.319080269,0.15928155,0.637170795,0.22096654,2.346875238,0.077540982,0.002104998,0.002060442,0.001749923,0.000918308,TRUE,0.319080269,TRUE,TRUE,FALSE,0.319080269
tess2021204101404-s0041-0000000139106731-0212-s_lc.fits,139106731,41,slow,4.07213809,0.065600614,0.67420602,4.07213809,5.621972823,7.98596338,0.496713157,2.732817075,0.065600614,0.045176142,0.043812115,0.043337625,0.027133393,TRUE,3.903664937,TRUE,TRUE,FALSE,4.07213809
tess2021204101404-s0041-0000000142276270-0212-a_fast-lc.fits,142276270,41,fast,9.076809513,0.695978452,1.62362099,9.076809513,4.201081075,6.141737253,3.117509068,2.790367698,0.695978452,0.276457416,0.022072429,0.019552477,0.014660433,TRUE,8.974004573,TRUE,TRUE,FALSE,9.076809513
tess2021204101404-s0041-0000000158213683-0212-s_lc.fits,158213683,41,slow,0.573903269,0.318277892,5.77211857,0.573903269,0.287353024,0.191658047,0.143621744,0.513993898,0.318277892,0.079361674,0.041259656,0.01315567,0.003218379,TRUE,0.573903269,TRUE,TRUE,FALSE,0.573903269
tess2021204101404-s0041-0000000158320130-0212-s_lc.fits,158320130,41,slow,3.439921296,0.629307037,7.10765421,3.439921296,4.337863258,2.849973896,6.438812445,0.994732601,0.629307037,0.071276657,0.056160825,0.033265836,0.0205658,TRUE,3.443656679,TRUE,TRUE,FALSE,3.439921296
tess2021204101404-s0041-0000000158389981-0212-s_lc.fits,158389981,41,slow,0.196473259,0.560782143,4.33690071,0.196473259,0.098211023,0.065468327,0.393733725,0.178531632,0.560782143,0.033838557,0.005539059,0.003400301,0.001130106,TRUE,0.196311776,TRUE,TRUE,FALSE,0.196473259
tess2021204101404-s0041-0000000158786851-0212-s_lc.fits,158786851,41,slow,5.621963721,0.10161637,1.26844287,5.621963721,8.49632908,4.337873403,2.849981194,3.270671818,0.10161637,0.028624195,0.008689961,0.002574741,0.001715857,TRUE,5.621963721,TRUE,TRUE,FALSE,5.621963721
tess2021204101404-s0041-0000000160045097-0212-s_lc.fits,160045097,41,slow,5.393896133,0.09980883,0.58269143,5.393896133,4.200828903,12.48630858,3.531324839,2.677784809,0.09980883,0.055306385,0.034335307,0.017372407,0.00929109,TRUE,5.862727288,TRUE,TRUE,FALSE,5.393896133
tess2021204101404-s0041-0000000202426247-0212-s_lc.fits,202426247,41,slow,4.484155081,0.942177377,1.7305392,4.484155081,5.870163366,3.627632331,2.266816634,11.41418099,0.942177377,0.066742544,0.031505494,0.02219141,0.022033479,TRUE,4.484155081,TRUE,TRUE,FALSE,4.484155081
tess2021204101404-s0041-0000000230741378-0212-s_lc.fits,230741378,41,slow,0.084482962,0.062718484,5.01827955,0.084482962,1.130041786,0.102610012,1.320913341,0.162199502,0.062718484,0.02436264,0.013182689,0.002546142,0.002492289,TRUE,0.084482962,TRUE,TRUE,FALSE,0.084482962
tess2021204101404-s0041-0000000267572272-0212-s_lc.fits,267572272,41,slow,0.217709306,0.555337933,2.45835185,0.217709306,7.985952213,0.108912367,13.78056507,5.621963414,0.555337933,0.014423192,0.012670351,0.00938872,0.008660833,TRUE,0.217795917,TRUE,TRUE,FALSE,0.217709306
tess2021204101404-s0041-0000000270701667-0212-s_lc.fits,270701667,41,slow,6.141398061,0.320054216,0.63805819,6.141398061,9.741489344,4.484203592,2.91242593,3.353177188,0.320054216,0.141692616,0.034710764,0.017514617,0.014571076,TRUE,6.141398061,TRUE,TRUE,FALSE,6.141398061
tess2021204101404-s0041-0000000270779644-0212-s_lc.fits,270779644,41,slow,6.141390411,0.066894642,0.64395308,6.141390411,9.741480362,4.64072916,2.266841049,3.117294596,0.066894642,0.022820709,0.019938129,0.012326596,0.008084789,TRUE,6.444564696,TRUE,TRUE,FALSE,6.141390411
tess2021204101404-s0041-0000000279917005-0212-s_lc.fits,279917005,41,slow,1.450599574,0.079874618,2.82745957,1.450599574,0.719985818,1.780956288,1.12049318,3.837062386,0.079874618,0.012629424,0.001797498,0.001654244,0.001596996,TRUE,1.444859982,TRUE,TRUE,FALSE,1.450599574
tess2021204101404-s0041-0000000288631580-0212-s_lc.fits,288631580,41,slow,7.129539853,0.217607867,0.76196611,7.129539853,4.808671699,2.732873086,3.729506726,1.781001407,0.217607867,0.21117528,0.110452357,0.105151454,0.065206636,TRUE,7.243053476,TRUE,TRUE,FALSE,7.129539853
tess2021204101404-s0041-0000000299158887-0212-s_lc.fits,299158887,41,slow,5.393878145,0.623087517,0.97357094,5.393878145,7.985967284,4.072140729,2.677774218,3.045876765,0.623087517,0.054810193,0.049017639,0.03388895,0.031478165,TRUE,5.43247272,TRUE,TRUE,FALSE,5.393878145
tess2021204101404-s0041-0000000352013543-0212-s_lc.fits,352013543,41,slow,5.870188982,0.186077673,12.32169151,5.870188982,8.496310257,4.337860319,3.353155508,2.912406601,0.186077673,0.046944198,0.013055904,0.007355034,0.003779923,TRUE,5.754391209,TRUE,TRUE,FALSE,5.870188982
tess2021204101404-s0041-0000000356867115-0212-s_lc.fits,356867115,41,slow,5.870264736,0.241430014,0.5709517,5.870264736,4.337922369,11.41430076,2.912452052,2.306188796,0.241430014,0.167586437,0.155992468,0.0212965,0.012100806,TRUE,6.159804206,TRUE,TRUE,FALSE,5.870264736
tess2021204101404-s0041-0000000399954349-0212-a_fast-lc.fits,399954349,41,fast,5.183895783,0.116522857,1.79680943,5.183895783,9.741912194,4.07241794,2.574271085,1.690516577,0.116522857,0.071432544,0.017354772,0.010058838,0.006070448,TRUE,5.283960408,TRUE,TRUE,TRUE,9.741912194
tess2021232031932-s0042-0000000301235044-0213-s_lc.fits,301235044,42,slow,6.921331162,0.348876511,0.46154737,6.921331162,4.887464365,11.85442537,2.718874011,3.250181549,0.348876511,0.213275786,0.157490037,0.062157581,0.05657182,TRUE,7.084523416,TRUE,TRUE,FALSE,6.921331162
tess2021258175143-s0043-0000000015756231-0214-a_fast-lc.fits,15756231,43,fast,2.966369746,0.463354798,1.92837358,2.966369746,1.449589497,3.575388143,2.534630208,2.062833099,0.463354798,0.243117953,0.166337384,0.067177364,0.036928782,TRUE,2.898346831,TRUE,TRUE,FALSE,2.966369746
tess2021258175143-s0043-0000000015756231-0214-s_lc.fits,15756231,43,slow,2.898346831,0.539913396,2.03141093,2.898346831,1.450917103,3.57828711,2.485150601,2.064659833,0.539913396,0.282391845,0.121729875,0.047575324,0.038936105,TRUE,2.898346831,TRUE,TRUE,FALSE,2.898346831
tess2021258175143-s0043-0000000026078330-0214-s_lc.fits,26078330,43,slow,10.05848046,0.305948558,1.22461259,10.05848046,6.049238764,4.485007162,3.461926058,2.885906497,0.305948558,0.25986233,0.105603689,0.081024208,0.053603872,TRUE,10.05848046,TRUE,TRUE,FALSE,10.05848046
tess2021258175143-s0043-0000000056399553-0214-s_lc.fits,56399553,43,slow,5.506348772,0.237732809,0.94681263,5.506348772,10.06510055,3.78983272,2.889177806,1.518165926,0.237732809,0.188903253,0.023630902,0.013729444,0.003593256,TRUE,5.506348772,TRUE,TRUE,TRUE,10.06510055
tess2021258175143-s0043-0000000056658270-0214-s_lc.fits,56658270,43,slow,10.05939033,0.535196652,3.75336289,10.05939033,5.762891332,1.837910852,0.773111186,1.093292802,0.535196652,0.197640659,0.018268048,0.011110932,0.007480732,TRUE,10.05939033,TRUE,TRUE,FALSE,10.05939033
tess2021258175143-s0043-0000000056658273-0214-s_lc.fits,56658273,43,slow,10.05939033,0.539260816,50.39325893,10.05939033,5.762891331,1.837910852,0.773111186,1.093292802,0.539260816,0.189421682,0.018306399,0.011047757,0.007719121,TRUE,10.05939033,TRUE,TRUE,FALSE,10.05939033
tess2021258175143-s0043-0000000367366318-0214-s_lc.fits,367366318,43,slow,1.365444311,0.157294395,0.12611985,1.365444311,1.687474965,4.491436953,1.240150962,0.6203342,0.157294395,0.020538073,0.013823731,0.011429281,0.011117311,TRUE,1.365444311,TRUE,TRUE,FALSE,1.365444311
tess2021258175143-s0043-0000000456945304-0214-s_lc.fits,456945304,43,slow,6.359790673,0.355142502,0.80137491,6.359790673,4.651566218,12.04873415,3.666699551,3.270955156,0.355142502,0.292267433,0.243652289,0.020362676,0.02006994,TRUE,6.628864161,TRUE,TRUE,FALSE,6.359790673
tess2021284114741-s0044-0000000005882269-0215-s_lc.fits,5882269,44,slow,4.321152861,0.116021212,1.00327075,4.321152861,2.95314289,6.713382285,10.05246316,3.458482191,0.116021212,0.026146442,0.025203326,0.019437096,0.013285808,TRUE,4.40958795,TRUE,TRUE,FALSE,4.321152861
tess2021284114741-s0044-0000000015756231-0215-a_fast-lc.fits,15756231,44,fast,2.953327382,0.497561202,2.39236951,2.953327382,1.442651208,3.560227751,5.039727155,2.088647081,0.497561202,0.156119023,0.112279738,0.045900443,0.023663604,TRUE,2.898346831,TRUE,TRUE,FALSE,2.953327382
tess2021284114741-s0044-0000000015756231-0215-s_lc.fits,15756231,44,slow,2.952942976,0.523856936,2.23243833,2.952942976,1.442446793,3.559780847,2.088361434,4.652458531,0.523856936,0.183719496,0.107256584,0.043168515,0.033980339,TRUE,2.898346831,TRUE,TRUE,FALSE,2.952942976
tess2021284114741-s0044-0000000018310799-0215-a_fast-lc.fits,18310799,44,fast,6.663112483,0.129478269,0.76366425,6.663112483,3.331112265,14.99700016,4.135306867,2.855184728,0.129478269,0.039528929,0.032992114,0.023680614,0.019769007,TRUE,6.312292084,TRUE,TRUE,FALSE,6.663112483
tess2021284114741-s0044-0000000018310799-0215-s_lc.fits,18310799,44,slow,6.312292084,0.277011337,0.40246069,6.312292084,4.441646966,10.90507695,3.24104431,1.620415834,0.277011337,0.15087976,0.057960946,0.027502002,0.012728129,TRUE,6.312292084,TRUE,TRUE,FALSE,6.312292084
tess2021284114741-s0044-0000000056399553-0215-s_lc.fits,56399553,44,slow,6.044080474,0.125600141,0.91767013,6.044080474,9.282847179,4.033620409,2.953094394,3.36252794,0.125600141,0.123897659,0.082829453,0.074032817,0.015281001,TRUE,5.506348772,TRUE,TRUE,FALSE,6.044080474
tess2021284114741-s0044-0000000056658270-0215-s_lc.fits,56658270,44,slow,10.94452679,0.511843507,4.48733866,10.94452679,6.030066932,3.771829529,4.469204677,2.80790784,0.511843507,0.317688791,0.043292867,0.01471057,0.01223391,TRUE,10.05939033,TRUE,TRUE,FALSE,10.94452679
tess2021284114741-s0044-0000000056658273-0215-s_lc.fits,56658273,44,slow,10.94452679,0.511827245,58.66908848,10.94452679,6.030066929,3.771829527,4.469204674,2.807907839,0.511827245,0.317675251,0.043292536,0.014708399,0.012233369,TRUE,10.05939033,TRUE,TRUE,FALSE,10.94452679
tess2021284114741-s0044-0000000058542531-0215-s_lc.fits,58542531,44,slow,10.93199226,0.206323242,0.32345533,10.93199226,6.019419462,3.885408819,2.868474392,2.077549946,0.206323242,0.095264385,0.013138847,0.005700896,0.00250633,TRUE,11.12362386,TRUE,TRUE,FALSE,10.93199226
tess2021284114741-s0044-0000000307733361-0215-s_lc.fits,307733361,44,slow,4.148125152,0.490565978,1.09782577,4.148125152,2.148802067,3.341962887,1.910116938,5.726961186,0.490565978,0.381558808,0.110857812,0.058858311,0.055896327,TRUE,4.502565476,TRUE,TRUE,FALSE,4.148125152
tess2021284114741-s0044-0000000332064670-0215-a_fast-lc.fits,332064670,44,fast,8.050993463,0.218055406,0.07789731,8.050993463,15.03969106,5.757700214,4.481237621,2.953444286,0.218055406,0.060396422,0.048417427,0.02470728,0.018798783,TRUE,8.050993463,TRUE,TRUE,FALSE,8.050993463
tess2021284114741-s0044-0000000366411016-0215-s_lc.fits,366411016,44,slow,6.000896148,0.053619681,1.20842099,6.000896148,4.616142148,3.750650123,9.231829725,1.765049207,0.053619681,0.018509905,0.010343801,0.009975911,0.008673664,TRUE,6.000896148,TRUE,TRUE,FALSE,6.000896148
tess2021284114741-s0044-0000000434226736-0215-s_lc.fits,434226736,44,slow,1.892771337,0.413299005,2.48716116,1.892771337,1.682646723,2.124961072,0.939513507,1.477602969,0.413299005,0.050680473,0.043821499,0.023534953,0.017683412,TRUE,1.874740232,TRUE,TRUE,FALSE,1.892771337
tess2021310001228-s0045-0000000027064468-0216-s_lc.fits,27064468,45,slow,4.665299308,0.460850771,0.54998636,4.665299308,2.209193513,6.729062493,2.76043163,10.97849939,0.460850771,0.153990153,0.118857626,0.026724074,0.026593599,TRUE,4.386310912,TRUE,TRUE,FALSE,4.665299308
tess2021310001228-s0045-0000000130181866-0216-a_fast-lc.fits,130181866,45,fast,3.198288075,0.548225284,0.63552499,3.198288075,8.072642833,2.701784571,2.133897998,3.796259943,0.548225284,0.232828713,0.084962077,0.071847992,0.061460061,TRUE,3.20109574,TRUE,TRUE,FALSE,3.198288075
tess2021310001228-s0045-0000000130181866-0216-s_lc.fits,130181866,45,slow,3.20109574,0.748399605,0.54508209,3.20109574,3.799473839,2.704226525,4.67299231,2.135890055,0.748399605,0.141218306,0.131851353,0.105951129,0.104443906,TRUE,3.20109574,TRUE,TRUE,FALSE,3.20109574
tess2021310001228-s0045-0000000175193677-0216-a_fast-lc.fits,175193677,45,fast,8.645569473,0.320715522,0.2004385,8.645569473,4.496934178,3.471741185,5.776203693,2.89437433,0.320715522,0.201825548,0.086940272,0.049910666,0.014776592,TRUE,8.461007029,TRUE,TRUE,FALSE,8.645569473
tess2021310001228-s0045-0000000175262071-0216-s_lc.fits,175262071,45,slow,5.780968749,0.052918154,1.4333868,5.780968749,3.201431218,9.311740006,4.340792062,1.691709297,0.052918154,0.021938756,0.012316158,0.004301781,0.002841216,TRUE,5.895813357,TRUE,TRUE,FALSE,5.780968749
tess2021310001228-s0045-0000000307733361-0216-s_lc.fits,307733361,45,slow,4.502565476,0.83404095,1.35761499,4.502565476,3.57831932,6.070524827,2.175088354,2.70558289,0.83404095,0.150194059,0.139373361,0.054426408,0.046123487,TRUE,4.502565476,TRUE,TRUE,FALSE,4.502565476
tess2021310001228-s0045-0000000332022997-0216-a_fast-lc.fits,332022997,45,fast,8.592495885,0.193115255,1.62000418,8.592495885,4.300211426,2.361883052,2.676619957,3.169346278,0.193115255,0.044686332,0.021247839,0.020574145,0.019654401,TRUE,9.251619838,TRUE,TRUE,FALSE,8.592495885
tess2021310001228-s0045-0000000332022997-0216-s_lc.fits,332022997,45,slow,9.251619838,0.419644724,1.12294078,9.251619838,4.815317389,3.169064493,2.361662984,1.853194384,0.419644724,0.153274583,0.055160785,0.009686944,0.008810674,TRUE,9.251619838,TRUE,TRUE,FALSE,9.251619838
tess2021310001228-s0045-0000000363445121-0216-a_fast-lc.fits,363445121,45,fast,10.02423422,0.057737685,3.0436337,10.02423422,4.461221553,2.619710112,3.170805257,1.943973613,0.057737685,0.018476168,0.016421828,0.012063461,0.008595993,TRUE,10.02423422,TRUE,TRUE,FALSE,10.02423422
tess2021310001228-s0045-0000000367366318-0216-s_lc.fits,367366318,45,slow,1.363864542,0.124858076,0.12780309,1.363864542,1.680836613,6.774997949,0.697988574,3.498089358,0.124858076,0.019323572,0.008133047,0.007153879,0.005918856,TRUE,1.365444311,TRUE,TRUE,FALSE,1.363864542
tess2021336043614-s0046-0000000026826078-0217-s_lc.fits,26826078,46,slow,6.62254036,0.463947662,0.80100179,6.62254036,4.868933653,13.64115657,3.438259151,2.713433601,0.463947662,0.298289484,0.160616279,0.049536027,0.019791641,TRUE,6.62254036,TRUE,TRUE,FALSE,6.62254036
tess2021336043614-s0046-0000000027064468-0217-s_lc.fits,27064468,46,slow,4.386310912,0.780912484,0.83012104,4.386310912,6.021367648,3.449598571,2.781378588,2.417196642,0.780912484,0.137453885,0.099272718,0.040475388,0.024151624,TRUE,4.386310912,TRUE,TRUE,FALSE,4.386310912
tess2021336043614-s0046-0000000135043332-0217-a_fast-lc.fits,135043332,46,fast,7.312606433,0.674620839,2.84721255,7.312606433,3.588024063,15.20386392,5.003974109,2.422637086,0.674620839,0.242644296,0.101474247,0.10140019,0.021613217,TRUE,7.311928858,TRUE,TRUE,FALSE,7.312606433
tess2021336043614-s0046-0000000135043332-0217-s_lc.fits,135043332,46,slow,7.311928858,0.848075723,2.79598832,7.311928858,3.587594014,13.57541246,5.208997444,2.73596944,0.848075723,0.229771864,0.162966127,0.088637229,0.010632374,TRUE,7.311928858,TRUE,TRUE,FALSE,7.311928858
tess2021336043614-s0046-0000000172900988-0217-s_lc.fits,172900988,46,slow,11.30069874,0.514609889,0.36232173,11.30069874,7.023643428,4.124552969,5.095219643,3.28909844,0.514609889,0.154049651,0.048622894,0.033737945,0.006412674,TRUE,11.30069874,TRUE,TRUE,FALSE,11.30069874
tess2021336043614-s0046-0000000175193677-0217-a_fast-lc.fits,175193677,46,fast,7.849432906,0.409999459,0.20982027,7.849432906,5.282175698,3.861393076,3.193334254,2.78093759,0.409999459,0.115038052,0.036362105,0.028218624,0.020176607,TRUE,8.461007029,TRUE,TRUE,FALSE,7.849432906
tess2021336043614-s0046-0000000175262071-0217-s_lc.fits,175262071,46,slow,5.752323597,0.079469084,1.11806512,5.752323597,8.356901814,4.385502995,3.193195326,2.510620835,0.079469084,0.022733682,0.020539017,0.007580345,0.001764523,TRUE,5.895813357,TRUE,TRUE,FALSE,5.752323597
tess2021336043614-s0046-0000000281837575-0217-s_lc.fits,281837575,46,slow,6.236979696,0.147743711,0.66065133,6.236979696,9.508685479,4.476635942,2.737925413,2.174801601,0.147743711,0.108435395,0.09119235,0.006880906,0.005586376,TRUE,6.236979696,TRUE,TRUE,FALSE,6.236979696
tess2021336043614-s0046-0000000307733361-0217-s_lc.fits,307733361,46,slow,4.385316684,0.713744971,1.54892683,4.385316684,2.172724774,3.543361695,5.75210061,10.36875712,0.713744971,0.165183798,0.087614345,0.063091322,0.041442036,TRUE,4.502565476,TRUE,TRUE,FALSE,4.385316684
tess2021336043614-s0046-0000000332022997-0217-a_fast-lc.fits,332022997,46,fast,8.357174045,0.299188838,1.84229553,8.357174045,4.241713267,5.752552902,2.972912894,2.172938541,0.299188838,0.093085597,0.079042767,0.029983815,0.012416656,TRUE,9.251619838,TRUE,TRUE,FALSE,8.357174045
tess2021336043614-s0046-0000000332022997-0217-s_lc.fits,332022997,46,slow,8.949713798,0.350145387,1.14259779,8.949713798,4.550161983,3.552299283,3.050553391,2.673003915,0.350145387,0.300223495,0.040937164,0.029107409,0.024147065,TRUE,9.251619838,TRUE,TRUE,FALSE,8.949713798
tess2021364111932-s0047-0000000130181866-0218-a_fast-lc.fits,130181866,47,fast,3.19792643,0.617068457,0.79951406,3.19792643,7.139314381,3.843757371,2.737902104,2.271173337,0.617068457,0.193521151,0.143220386,0.124729435,0.023524049,TRUE,3.20109574,TRUE,TRUE,FALSE,3.19792643
tess2021364111932-s0047-0000000130181866-0218-s_lc.fits,130181866,47,slow,3.209098738,0.60502383,0.83733439,3.209098738,6.794821375,3.748605593,2.747730092,2.100588628,0.60502383,0.225282335,0.162047964,0.127762267,0.026002206,TRUE,3.20109574,TRUE,TRUE,FALSE,3.209098738
tess2021364111932-s0047-0000000142748283-0218-s_lc.fits,142748283,47,slow,4.415037305,0.089718727,2.46978462,4.415037305,3.56868026,6.056648434,2.226970958,2.7425209,0.089718727,0.012719667,0.012570605,0.01154056,0.005584262,TRUE,4.415037305,TRUE,TRUE,FALSE,4.415037305
tess2021364111932-s0047-0000000154872375-0218-s_lc.fits,154872375,47,slow,5.592129079,0.401182817,0.76449156,5.592129079,2.55753531,4.176320112,2.894066306,1.657879571,0.401182817,0.257981816,0.115864026,0.066625008,0.040265301,TRUE,5.221258879,TRUE,TRUE,FALSE,5.592129079
tess2021364111932-s0047-0000000159418353-0218-s_lc.fits,159418353,47,slow,10.47326806,0.165421811,0.32313466,10.47326806,6.40521621,4.960220631,3.418028703,4.047188336,0.165421811,0.158754136,0.045693187,0.018296366,0.017343014,TRUE,9.566208243,TRUE,TRUE,FALSE,10.47326806
tess2021364111932-s0047-0000000229791084-0218-s_lc.fits,229791084,47,slow,10.12763533,0.15804266,1.15301549,10.12763533,6.426621515,4.222337485,3.313211654,2.726219969,0.15804266,0.027844418,0.027125327,0.01826033,0.009014064,TRUE,10.12763533,TRUE,TRUE,FALSE,10.12763533
tess2021364111932-s0047-0000000288631580-0218-s_lc.fits,288631580,47,slow,7.095510895,0.889056177,2.4657011,7.095510895,3.605741755,5.155194124,11.37795693,4.458503412,0.889056177,0.173286916,0.070205561,0.047511032,0.026381059,TRUE,7.243053476,TRUE,TRUE,FALSE,7.095510895
tess2021364111932-s0047-0000000356867115-0218-s_lc.fits,356867115,47,slow,6.294775384,0.48952582,0.58591723,6.294775384,9.575705124,3.346415496,4.688389578,3.965545649,0.48952582,0.231882346,0.060184323,0.052149166,0.032576517,TRUE,6.159804206,TRUE,TRUE,FALSE,6.294775384
tess2022027120115-s0048-0000000008260536-0219-s_lc.fits,8260536,48,slow,3.575264474,0.361704986,0.87781191,3.575264474,6.687331051,4.422762737,2.439841513,10.42319011,0.361704986,0.178285214,0.170461831,0.156765958,0.106680616,TRUE,3.575264474,TRUE,TRUE,FALSE,3.575264474
tess2022027120115-s0048-0000000009348006-0219-s_lc.fits,9348006,48,slow,5.500604511,0.195819973,0.51886559,5.500604511,7.39201076,3.269645382,11.26580608,3.974978023,0.195819973,0.069665722,0.054782861,0.044354184,0.022976606,TRUE,5.290540155,TRUE,TRUE,FALSE,5.500604511
tess2022027120115-s0048-0000000017993892-0219-s_lc.fits,17993892,48,slow,5.282405185,0.098191099,0.54482222,5.282405185,15.27215737,7.400145064,4.241896596,3.043070935,0.098191099,0.065873239,0.046893352,0.039638014,0.03090798,TRUE,5.282405185,TRUE,TRUE,FALSE,5.282405185
tess2022027120115-s0048-0000000027064468-0219-s_lc.fits,27064468,48,slow,4.438675506,0.49078396,0.72127819,4.438675506,5.815895678,3.588830519,2.20295986,2.496349936,0.49078396,0.174078466,0.167029522,0.054410611,0.052118889,TRUE,4.386310912,TRUE,TRUE,FALSE,4.438675506
tess2022027120115-s0048-0000000029191624-0219-s_lc.fits,29191624,48,slow,5.977397467,0.052667203,0.14570832,5.977397467,8.884281638,4.668193131,3.82944568,3.246193009,0.052667203,0.021952722,0.015299808,0.004031395,0.002682314,TRUE,5.977397467,TRUE,TRUE,FALSE,5.977397467
tess2022027120115-s0048-0000000142276270-0219-a_fast-lc.fits,142276270,48,fast,8.410174978,0.861533987,2.67588615,8.410174978,5.797260356,4.015180329,2.933185522,2.088845052,0.861533987,0.124532694,0.061721414,0.008886452,0.008338526,TRUE,8.974004573,TRUE,TRUE,FALSE,8.410174978
tess2022027120115-s0048-0000000142276270-0219-s_lc.fits,142276270,48,slow,8.926019174,0.939134752,2.84937739,8.926019174,6.012865866,4.100880395,3.038182872,2.133487325,0.939134752,0.110893978,0.070460214,0.013109917,0.003569949,TRUE,8.974004573,TRUE,TRUE,FALSE,8.926019174
tess2022027120115-s0048-0000000202426247-0219-s_lc.fits,202426247,48,slow,4.372610847,0.830658582,2.44489312,4.372610847,2.240948277,5.736889651,3.532543422,12.33385975,0.830658582,0.149626593,0.138237506,0.10844504,0.043089606,TRUE,4.484155081,TRUE,TRUE,FALSE,4.372610847
tess2022027120115-s0048-0000000233087860-0219-s_lc.fits,233087860,48,slow,5.467956609,0.066159367,0.26985288,5.467956609,9.549565394,3.247273407,2.489104538,2.818085925,0.066159367,0.042576602,0.008321359,0.005115289,0.003473385,TRUE,5.706289902,TRUE,TRUE,TRUE,9.549565394
tess2022027120115-s0048-0000000356867115-0219-s_lc.fits,356867115,48,slow,6.002877444,0.490950102,0.57517886,6.002877444,4.446812837,8.574783895,3.245105065,15.00256835,0.490950102,0.232095837,0.111815082,0.059734519,0.029218467,TRUE,6.159804206,TRUE,TRUE,FALSE,6.002877444
tess2022027120115-s0048-0000000368435330-0219-s_lc.fits,368435330,48,slow,4.029749377,0.228939127,0.17302275,4.029749377,5.342342412,3.234937616,7.923099847,1.833563832,0.228939127,0.114602295,0.056022759,0.01398852,0.011063345,TRUE,4.029749377,TRUE,TRUE,FALSE,4.029749377
tess2022027120115-s0048-0000000417931300-0219-s_lc.fits,417931300,48,slow,8.341158539,0.12901315,0.91666698,8.341158539,15.2600608,5.739068418,3.633815913,0.472687724,0.12901315,0.050073356,0.045379961,0.009525893,0.005633955,TRUE,8.341158539,TRUE,TRUE,FALSE,8.341158539
tess2022057073128-s0049-0000000119584412-0221-s_lc.fits,119584412,49,slow,7.976577854,0.270539465,0.35197794,7.976577854,5.694380024,14.98167014,3.229999181,4.427591263,0.270539465,0.220747878,0.155303286,0.039487103,0.03875862,TRUE,7.976577854,TRUE,TRUE,FALSE,7.976577854
tess2022057073128-s0049-0000000144401492-0221-s_lc.fits,144401492,49,slow,6.550896935,0.221038365,0.61067939,6.550896935,4.705206663,10.77920868,3.670934767,2.299164023,0.221038365,0.13931328,0.084486594,0.029110632,0.010396121,TRUE,6.550896935,TRUE,TRUE,FALSE,6.550896935
tess2022057073128-s0049-0000000154089169-0221-s_lc.fits,154089169,49,slow,12.95807256,0.081809577,0.32336354,12.95807256,5.13038413,7.113729639,2.323379081,3.617511906,0.081809577,0.074033802,0.070830113,0.051604859,0.02685836,TRUE,13.52561493,TRUE,TRUE,FALSE,12.95807256
tess2022057073128-s0049-0000000180695581-0221-s_lc.fits,180695581,49,slow,8.539648019,0.894877561,2.29027748,8.539648019,5.687826446,4.116667515,3.410169411,2.712018749,0.894877561,0.192229786,0.092731302,0.039745825,0.021554339,TRUE,8.539648019,TRUE,TRUE,FALSE,8.539648019
tess2022057073128-s0049-0000000202426247-0221-s_lc.fits,202426247,49,slow,4.51632837,0.914458261,2.67399311,4.51632837,6.194934051,3.448438563,13.2078029,2.602359542,0.914458261,0.245868187,0.206655697,0.036741301,0.035380431,TRUE,4.484155081,TRUE,TRUE,FALSE,4.51632837
tess2022057073128-s0049-0000000233087860-0221-s_lc.fits,233087860,49,slow,5.706289902,0.153908086,0.3000617,5.706289902,7.990594819,14.99264716,3.152686581,4.279118664,0.153908086,0.134999074,0.036083247,0.022609504,0.008804954,TRUE,5.706289902,TRUE,TRUE,FALSE,5.706289902
tess2022057073128-s0049-0000000347332255-0221-s_lc.fits,347332255,49,slow,6.037390721,0.344235179,0.19201279,6.037390721,10.04443365,2.87897557,4.647010803,2.05019258,0.344235179,0.179233898,0.069364467,0.068161698,0.063620931,TRUE,6.037390721,TRUE,TRUE,FALSE,6.037390721
tess2022057073128-s0049-0000000356867115-0221-s_lc.fits,356867115,49,slow,5.979327142,0.336903081,0.48743188,5.979327142,4.340773473,10.51597445,3.407103011,2.284130106,0.336903081,0.265810501,0.147862763,0.092327705,0.026256724,TRUE,6.159804206,TRUE,TRUE,FALSE,5.979327142
tess2022057073128-s0049-0000000376524552-0221-s_lc.fits,376524552,49,slow,5.033156261,0.132231632,0.51674843,5.033156261,6.705934044,10.95281967,4.028305856,3.02256621,0.132231632,0.130033068,0.037443776,0.024778124,0.018046762,TRUE,5.033156261,TRUE,TRUE,FALSE,5.033156261
tess2022057073128-s0049-0000000417948359-0221-s_lc.fits,417948359,49,slow,6.910701533,0.069849382,0.49930334,6.910701533,13.18771968,4.878793106,3.43568868,2.917844853,0.069849382,0.045656243,0.039257352,0.015113844,0.005352405,TRUE,6.910701533,TRUE,TRUE,TRUE,13.18771968
tess2022085151738-s0050-0000000027491137-0222-a_fast-lc.fits,27491137,50,fast,7.068922535,0.579185544,1.90905333,7.068922535,13.72380887,3.689510511,3.011913498,4.760488383,0.579185544,0.319687773,0.290025792,0.17735361,0.123137907,TRUE,7.035184024,TRUE,TRUE,TRUE,13.72380887
tess2022085151738-s0050-0000000081247740-0222-s_lc.fits,81247740,50,slow,5.078931392,0.185607785,0.55650592,5.078931392,7.405069191,13.66242586,2.562982016,3.864868809,0.185607785,0.137449091,0.081870642,0.064506213,0.057718955,TRUE,5.078931392,TRUE,TRUE,FALSE,5.078931392
tess2022085151738-s0050-0000000159873822-0222-s_lc.fits,159873822,50,slow,7.922273179,0.652153416,1.58609748,7.922273179,5.132675704,3.909131884,2.361222982,2.701601124,0.652153416,0.366701116,0.047483929,0.042556793,0.036630746,TRUE,7.922273179,TRUE,TRUE,FALSE,7.922273179
tess2022085151738-s0050-0000000202426247-0222-s_lc.fits,202426247,50,slow,4.438047339,0.780550745,1.10490441,4.438047339,6.084873717,3.402176498,11.34893657,2.131042903,0.780550745,0.313540019,0.142331501,0.134975352,0.031228566,TRUE,4.484155081,TRUE,TRUE,FALSE,4.438047339
tess2022085151738-s0050-0000000219852882-0222-a_fast-lc.fits,219852882,50,fast,10.44578741,0.160860071,1.70821846,10.44578741,6.085281746,3.796251632,4.593786147,2.4961631,0.160860071,0.10053818,0.065132956,0.044182954,0.027297726,TRUE,10.90218623,TRUE,TRUE,FALSE,10.44578741
tess2022085151738-s0050-0000000219852882-0222-s_lc.fits,219852882,50,slow,10.44534718,0.197767102,0.82051635,10.44534718,4.760149816,3.689229673,2.495970376,1.759491773,0.197767102,0.147730653,0.045246924,0.033580978,0.023427659,TRUE,10.90218623,TRUE,TRUE,FALSE,10.44534718
tess2022085151738-s0050-0000000311133118-0222-s_lc.fits,311133118,50,slow,6.085018378,0.571426788,0.62555313,6.085018378,4.292935021,12.42388132,2.59476344,3.402272976,0.571426788,0.374853056,0.156493088,0.06711281,0.031499274,TRUE,6.085018378,TRUE,TRUE,FALSE,6.085018378
tess2022085151738-s0050-0000000347430350-0222-s_lc.fits,347430350,50,slow,5.813736569,0.080870062,0.19921064,5.813736569,7.469408361,4.436867748,10.44360174,3.401212057,0.080870062,0.035115745,0.034527881,0.033105212,0.023590972,TRUE,5.813736569,TRUE,TRUE,FALSE,5.813736569
tess2022085151738-s0050-0000000356867115-0222-s_lc.fits,356867115,50,slow,6.380875132,0.187501982,0.41864157,6.380875132,13.72340551,4.760148658,3.588317964,2.449367714,0.187501982,0.121020807,0.033978553,0.030133489,0.019139151,TRUE,6.159804206,TRUE,TRUE,TRUE,13.72340551
tess2022112184951-s0051-0000000157910432-0223-s_lc.fits,157910432,51,slow,11.02747746,0.157341997,0.08261681,11.02747746,4.527615837,6.100864489,2.312587018,3.308717185,0.157341997,0.12365604,0.111270952,0.087398365,0.079201385,TRUE,11.02747746,TRUE,TRUE,FALSE,11.02747746
tess2022112184951-s0051-0000000159873822-0223-s_lc.fits,159873822,51,slow,8.115490073,0.401413056,0.90433359,8.115490073,2.784305765,5.310487979,1.977854941,4.077365672,0.401413056,0.169047083,0.112706694,0.038708182,0.017559894,TRUE,7.922273179,TRUE,TRUE,FALSE,8.115490073
tess2022112184951-s0051-0000000207468071-0223-s_lc.fits,207468071,51,slow,7.168870784,0.0984987,0.22630095,7.168870784,13.43961301,4.701176841,1.147184829,3.222269091,0.0984987,0.067235337,0.054889278,0.01099466,0.00740263,TRUE,7.168870784,TRUE,TRUE,TRUE,13.43961301
tess2022112184951-s0051-0000000219852882-0223-s_lc.fits,219852882,51,slow,11.0271523,0.319007994,0.86457133,11.0271523,6.419241902,4.887491693,2.500668298,2.043315684,0.319007994,0.137164311,0.052783854,0.01900032,0.017297671,TRUE,10.90218623,TRUE,TRUE,FALSE,11.0271523
tess2022112184951-s0051-0000000255930614-0223-s_lc.fits,255930614,51,slow,3.707532748,0.056684264,0.09137988,3.707532748,4.700210954,2.915778882,2.269553099,2.606538096,0.056684264,0.030261027,0.030193513,0.023400361,0.015502348,TRUE,3.707532748,TRUE,TRUE,FALSE,3.707532748
tess2022112184951-s0051-0000000258920431-0223-s_lc.fits,258920431,51,slow,11.14292896,0.067120246,0.82337558,11.14292896,4.78532905,1.93430937,2.87296398,1.212137783,0.067120246,0.055537481,0.055347625,0.052627658,0.029259822,TRUE,11.14292896,TRUE,TRUE,FALSE,11.14292896
tess2022138205153-s0052-0000000159418353-0224-s_lc.fits,159418353,52,slow,8.660501082,0.301492611,0.30974507,8.660501082,5.287735707,3.0466095,2.345029488,1.967468615,0.301492611,0.090350788,0.021544881,0.008793513,0.007005143,TRUE,9.566208243,TRUE,TRUE,FALSE,8.660501082
tess2022138205153-s0052-0000000219852882-0224-s_lc.fits,219852882,52,slow,10.09084267,0.191418596,0.71139932,10.09084267,5.068442881,3.206512137,2.48829536,1.564462872,0.191418596,0.123041735,0.034444377,0.021894522,0.010403663,TRUE,10.90218623,TRUE,TRUE,FALSE,10.09084267
tess2022138205153-s0052-0000000288631580-0224-s_lc.fits,288631580,52,slow,7.142036954,0.872701423,1.52856112,7.142036954,15.06782944,5.068448484,3.48049912,4.058462729,0.872701423,0.0875234,0.044888079,0.029737983,0.017316058,TRUE,7.243053476,TRUE,TRUE,FALSE,7.142036954
tess2022138205153-s0052-0000000392476080-0224-s_lc.fits,392476080,52,slow,0.336540804,0.062477472,0.27168632,0.336540804,0.134418657,5.526955215,3.124549794,0.224177393,0.062477472,0.022682152,0.021122998,0.020015287,0.013973566,TRUE,0.336017641,TRUE,TRUE,FALSE,0.336540804
tess2022164095748-s0053-0000000120105003-0226-s_lc.fits,120105003,53,slow,5.615117939,0.15258896,1.69555426,5.615117939,4.271125796,3.182818238,8.768443624,11.10761494,0.15258896,0.079873792,0.071266784,0.052157078,0.047446242,TRUE,6.159837207,TRUE,TRUE,FALSE,5.615117939
tess2022164095748-s0053-0000000120105470-0226-s_lc.fits,120105470,53,slow,2.643877668,0.574148425,4.46447134,2.643877668,1.297841717,3.266038487,2.22082397,4.584653411,0.574148425,0.162595592,0.052437875,0.031097652,0.014399531,TRUE,2.574052626,TRUE,TRUE,FALSE,2.643877668
tess2022164095748-s0053-0000000121121775-0226-s_lc.fits,121121775,53,slow,10.20056493,0.115932295,1.15311742,10.20056493,5.615135381,4.271140302,0.99733702,3.446268348,0.115932295,0.029001994,0.028005159,0.027828605,0.016871524,TRUE,10.20056493,TRUE,TRUE,FALSE,10.20056493
tess2022164095748-s0053-0000000123444694-0226-s_lc.fits,123444694,53,slow,9.43041814,0.177761043,0.91505885,9.43041814,4.129900518,2.437501883,5.879400637,1.465309703,0.177761043,0.053040811,0.015281097,0.011508187,0.005070123,TRUE,9.43041814,TRUE,TRUE,FALSE,9.43041814
tess2022164095748-s0053-0000000123449386-0226-s_lc.fits,123449386,53,slow,8.768430614,0.057995598,3.86607468,8.768430614,6.169807377,13.51039878,3.997726599,2.220818977,0.057995598,0.037065172,0.031800652,0.021400137,0.014236607,TRUE,8.768430614,TRUE,TRUE,FALSE,8.768430614
tess2022164095748-s0053-0000000123496782-0226-s_lc.fits,123496782,53,slow,4.422331593,0.10964505,0.80647111,4.422331593,6.490391969,12.19174122,1.065381404,2.589072159,0.10964505,0.088462701,0.078112935,0.029123166,0.023185798,TRUE,4.422331593,TRUE,TRUE,FALSE,4.422331593
tess2022164095748-s0053-0000000154872375-0226-s_lc.fits,154872375,53,slow,5.151853023,0.70294688,0.85550249,5.151853023,7.24301167,2.589031587,2.956744315,3.997669884,0.70294688,0.102780316,0.086924967,0.02565283,0.025420302,TRUE,5.221258879,TRUE,TRUE,FALSE,5.151853023
tess2022164095748-s0053-0000000158241252-0226-s_lc.fits,158241252,53,slow,11.10755064,0.080998934,0.11744678,11.10755064,6.846068453,4.422294924,3.543996465,2.536473849,0.080998934,0.069932477,0.055638361,0.019608775,0.011550868,TRUE,11.10755064,TRUE,TRUE,FALSE,11.10755064
tess2022164095748-s0053-0000000158320130-0226-s_lc.fits,158320130,53,slow,3.446262876,0.687674569,6.94264174,3.446262876,4.422348033,2.760751546,2.182034173,1.705383689,0.687674569,0.192233875,0.121821232,0.037768763,0.01691957,TRUE,3.443656679,TRUE,TRUE,FALSE,3.446262876
tess2022164095748-s0053-0000000158389981-0226-s_lc.fits,158389981,53,slow,0.19632661,0.247093261,2.83997774,0.19632661,0.098182255,0.065459049,4.584665223,0.219434181,0.247093261,0.015204491,0.002392455,0.001770711,0.001490201,TRUE,0.196311776,TRUE,TRUE,FALSE,0.19632661
tess2022164095748-s0053-0000000158555987-0226-s_lc.fits,158555987,53,slow,1.271426403,0.057521956,0.83977938,1.271426403,0.653149936,1.857549761,3.103744134,1.44832953,0.057521956,0.010642287,0.007665411,0.006137354,0.005076732,TRUE,1.271426403,TRUE,TRUE,FALSE,1.271426403
tess2022164095748-s0053-0000000158631520-0226-s_lc.fits,158631520,53,slow,1.103019245,0.182470007,5.39578617,1.103019245,0.547270477,9.430455595,0.989437071,0.725197496,0.182470007,0.021624321,0.003916019,0.003512721,0.002105916,TRUE,1.103019245,TRUE,TRUE,FALSE,1.103019245
tess2022164095748-s0053-0000000159418353-0226-s_lc.fits,159418353,53,slow,8.768352277,0.20232948,0.33121049,8.768352277,5.879336791,3.028435556,3.757181186,4.584588257,0.20232948,0.103080521,0.045047308,0.024148959,0.020287938,TRUE,9.566208243,TRUE,TRUE,FALSE,8.768352277
tess2022164095748-s0053-0000000160045097-0226-s_lc.fits,160045097,53,slow,5.373423927,0.191891296,0.6982249,5.373423927,12.19158584,4.129796153,7.688791003,3.103641501,0.191891296,0.134809529,0.11488948,0.069238045,0.010899528,TRUE,5.862727288,TRUE,TRUE,TRUE,12.19158584
tess2022164095748-s0053-0000000164464070-0226-s_lc.fits,164464070,53,slow,8.76843717,0.157097249,0.70851564,8.76843717,15.1489095,4.129906611,3.18281473,2.70104526,0.157097249,0.150917392,0.041533454,0.035929678,0.015306522,TRUE,8.76843717,TRUE,TRUE,TRUE,15.1489095
tess2022164095748-s0053-0000000164525250-0226-s_lc.fits,164525250,53,slow,8.768434273,0.061932673,1.12999082,8.768434273,5.879405913,3.544028889,15.14890734,2.390849838,0.061932673,0.023560815,0.022852096,0.011950417,0.00737802,TRUE,8.768434273,TRUE,TRUE,FALSE,8.768434273
tess2022164095748-s0053-0000000164652245-0226-s_lc.fits,164652245,53,slow,8.768440574,0.060754002,0.20041466,8.768440574,4.129908877,15.14891204,2.701046875,1.77821114,0.060754002,0.029834787,0.027905268,0.008453152,0.006189565,TRUE,8.768440574,TRUE,TRUE,FALSE,8.768440574
tess2022164095748-s0053-0000000164723619-0226-s_lc.fits,164723619,53,slow,8.768439751,0.057480277,1.6156584,8.768439751,4.271123154,15.14891143,3.353725906,2.390852179,0.057480277,0.032060758,0.017991372,0.01324632,0.011506522,TRUE,8.768439751,TRUE,TRUE,FALSE,8.768439751
tess2022164095748-s0053-0000000164832454-0226-s_lc.fits,164832454,53,slow,13.51041084,0.09380215,3.82962525,13.51041084,8.768444163,4.129911266,3.446256341,5.87941425,0.09380215,0.090194396,0.044252915,0.028713512,0.028427012,TRUE,13.51041084,TRUE,TRUE,FALSE,13.51041084
tess2022164095748-s0053-0000000164886497-0226-s_lc.fits,164886497,53,slow,11.10762041,0.064082547,10.40880382,11.10762041,0.997333978,3.353731196,2.701050913,2.182031662,0.064082547,0.052773376,0.028367005,0.021362761,0.016519518,TRUE,11.10762041,TRUE,TRUE,FALSE,11.10762041
tess2022164095748-s0053-0000000164886812-0226-s_lc.fits,164886812,53,slow,5.373566952,0.470527329,1.39467955,5.373566952,11.10762174,8.193303564,4.129915423,2.108371602,0.470527329,0.103701557,0.086739706,0.029231566,0.013973046,TRUE,5.340392645,TRUE,TRUE,FALSE,5.373566952
tess2022164095748-s0053-0000000188768068-0226-a_fast-lc.fits,188768068,53,fast,8.768638454,0.096858214,0.08524537,8.768638454,3.873880853,2.823237741,4.948005665,2.039591797,0.096858214,0.044893588,0.029711359,0.011911383,0.005339806,TRUE,9.098309894,TRUE,TRUE,FALSE,8.768638454
tess2022164095748-s0053-0000000219852882-0226-a_fast-lc.fits,219852882,53,fast,10.20075416,0.147006728,1.29865766,10.20075416,6.169998613,4.422485057,2.589172578,3.182931127,0.147006728,0.091909885,0.045254204,0.016100368,0.010023469,TRUE,10.90218623,TRUE,TRUE,FALSE,10.20075416
tess2022164095748-s0053-0000000235683377-0226-s_lc.fits,235683377,53,slow,7.240251442,0.129422162,1.17951512,7.240251442,3.352003733,2.143384216,15.1466436,1.055755805,0.129422162,0.062774357,0.022186974,0.014045276,0.009369589,TRUE,7.240251442,TRUE,TRUE,FALSE,7.240251442
tess2022164095748-s0053-0000000267572272-0226-s_lc.fits,267572272,53,slow,0.217522494,0.424145822,2.70855308,0.217522494,8.193288755,5.373554919,2.888419277,3.446251226,0.424145822,0.056270006,0.048679166,0.022607035,0.013084219,TRUE,0.217795917,TRUE,TRUE,FALSE,0.217522494
tess2022164095748-s0053-0000000279917005-0226-s_lc.fits,279917005,53,slow,1.448324379,0.057651803,3.30344439,1.448324379,1.617070858,6.84612838,3.182819016,0.716870839,0.057651803,0.01408024,0.008919191,0.008812717,0.005709211,TRUE,1.444859982,TRUE,TRUE,FALSE,1.448324379
tess2022164095748-s0053-0000000288631580-0226-s_lc.fits,288631580,53,slow,7.243053476,0.912095526,1.55394077,7.243053476,5.151887634,3.647489478,13.51036072,2.760718887,0.912095526,0.067828325,0.036256044,0.028066634,0.025874128,TRUE,7.243053476,TRUE,TRUE,FALSE,7.243053476
tess2022164095748-s0053-0000000289164482-0226-s_lc.fits,289164482,53,slow,7.243067255,0.113122434,0.45434952,7.243067255,13.5103738,4.422311033,2.888402824,3.353704818,0.113122434,0.092456548,0.082779865,0.026756885,0.022039633,TRUE,7.221724348,TRUE,TRUE,TRUE,13.5103738
tess2022164095748-s0053-0000000299158887-0226-s_lc.fits,299158887,53,slow,5.373577012,0.532945936,1.32931232,5.373577012,2.701057523,8.768463015,3.873769569,3.266049557,0.532945936,0.306316798,0.190261258,0.055087298,0.02803252,TRUE,5.43247272,TRUE,TRUE,FALSE,5.373577012
tess2022164095748-s0053-0000000308172249-0226-s_lc.fits,308172249,53,slow,10.20042865,0.091254198,1.39006913,10.20042865,6.490301765,2.39080553,3.647454813,4.947772877,0.091254198,0.009115613,0.008787846,0.004929164,0.004782694,TRUE,10.20042865,TRUE,TRUE,FALSE,10.20042865
tess2022164095748-s0053-0000000350814622-0226-s_lc.fits,350814622,53,slow,12.19175231,0.059261655,0.79979002,12.19175231,5.879413614,4.422339614,1.88558299,3.353727979,0.059261655,0.03863071,0.025595833,0.016624839,0.013074813,TRUE,12.19175231,TRUE,TRUE,FALSE,12.19175231
tess2022164095748-s0053-0000000358516596-0226-s_lc.fits,358516596,53,slow,0.196945248,0.544746309,0.80235481,0.196945248,13.51041441,4.759340072,6.490406421,0.098491692,0.544746309,0.055934703,0.022873903,0.022433167,0.015378794,TRUE,0.196913724,TRUE,TRUE,FALSE,0.196945248
tess2022164095748-s0053-0000000399954349-0226-s_lc.fits,399954349,53,slow,5.151939466,0.072531918,0.82949162,5.151939466,3.266044883,8.193307673,1.660054959,2.760751134,0.072531918,0.063636317,0.045971456,0.017808601,0.008771117,TRUE,5.283960408,TRUE,TRUE,FALSE,5.151939466
tess2022164095748-s0053-0000000428679607-0226-s_lc.fits,428679607,53,slow,12.19173211,0.050354406,0.22066355,12.19173211,2.589067841,6.169800355,4.271111392,3.103722074,0.050354406,0.014862458,0.009034393,0.005398267,0.004061152,TRUE,12.19173211,TRUE,TRUE,FALSE,12.19173211
tess2022190063128-s0054-0000000026547036-0227-s_lc.fits,26547036,54,slow,7.920775564,0.126917918,0.22981048,7.920775564,15.32565813,5.340440425,3.795055798,2.70086972,0.126917918,0.087852289,0.038789339,0.027068409,0.012339688,TRUE,8.755953733,TRUE,TRUE,TRUE,15.32565813
tess2022190063128-s0054-0000000027010191-0227-s_lc.fits,27010191,54,slow,2.594026288,0.704615211,5.42229414,2.594026288,1.291360025,2.239635108,3.010906143,1.912954609,0.704615211,0.166716863,0.075203761,0.053430877,0.021973576,TRUE,2.608734588,TRUE,TRUE,FALSE,2.594026288
tess2022190063128-s0054-0000000028230919-0227-s_lc.fits,28230919,54,slow,9.673523112,0.117693487,0.16129971,9.673523112,5.131497885,6.705787638,4.155847036,2.816903526,0.117693487,0.04731159,0.037449458,0.012691486,0.008753929,TRUE,10.7151709,TRUE,TRUE,FALSE,9.673523112
tess2022190063128-s0054-0000000028357724-0227-s_lc.fits,28357724,54,slow,0.186406539,0.75479925,4.21264768,0.186406539,0.093240203,0.377341131,9.009014889,5.813958386,0.75479925,0.00822195,0.002281926,0.002087312,0.001798584,TRUE,0.186402136,TRUE,TRUE,FALSE,0.186406539
tess2022190063128-s0054-0000000063283780-0227-s_lc.fits,63283780,54,slow,5.813926362,0.114175158,2.11838126,5.813926362,9.008976443,3.315356859,4.592399231,3.908137597,0.114175158,0.036623144,0.020110871,0.014494337,0.011330827,TRUE,5.813926362,TRUE,TRUE,FALSE,5.813926362
tess2022190063128-s0054-0000000120105003-0227-s_lc.fits,120105003,54,slow,6.083575788,0.228402014,1.91378713,6.083575788,4.59236032,9.673430955,3.491874265,1.012256929,0.228402014,0.127136259,0.07971489,0.024163454,0.013913001,TRUE,6.159837207,TRUE,TRUE,FALSE,6.083575788
tess2022190063128-s0054-0000000137817355-0227-s_lc.fits,137817355,54,slow,8.429886391,0.188943302,1.69670582,8.429886391,3.908132587,5.567120966,2.403828873,3.010893667,0.188943302,0.095656294,0.07129856,0.01359522,0.008611337,TRUE,7.851581131,TRUE,TRUE,FALSE,8.429886391
tess2022190063128-s0054-0000000137899873-0227-s_lc.fits,137899873,54,slow,3.010897414,0.414067963,1.40111685,3.010897414,7.92076,2.594018584,2.031475826,5.567126852,0.414067963,0.056310099,0.043775822,0.028590554,0.026827517,TRUE,3.010897414,TRUE,TRUE,FALSE,3.010897414
tess2022190063128-s0054-0000000138477646-0227-s_lc.fits,138477646,54,slow,10.443834,0.180688509,1.46048367,10.443834,6.083624544,4.028177892,3.491907461,2.943325484,0.180688509,0.065244014,0.031583471,0.017601696,0.010325385,TRUE,9.848097605,TRUE,TRUE,FALSE,10.443834
tess2022190063128-s0054-0000000158320130-0227-s_lc.fits,158320130,54,slow,3.401325194,0.693799078,6.79207087,3.401325194,2.816871101,6.08359718,4.155802927,2.318814908,0.693799078,0.078736015,0.063238382,0.048681075,0.032919996,TRUE,3.443656679,TRUE,TRUE,FALSE,3.401325194
tess2022190063128-s0054-0000000164654277-0227-s_lc.fits,164654277,54,slow,7.469582394,0.378290722,1.51652098,7.469582394,5.340393603,13.72206054,4.028147798,2.943302001,0.378290722,0.092756885,0.046258787,0.02252223,0.018326034,TRUE,7.469582394,TRUE,TRUE,FALSE,7.469582394
tess2022190063128-s0054-0000000164886812-0227-s_lc.fits,164886812,54,slow,5.340392645,0.577240429,1.46394014,5.340392645,7.469581249,4.155792604,11.34744086,3.233587302,0.577240429,0.106329503,0.104168613,0.067406066,0.029352818,TRUE,5.340392645,TRUE,TRUE,FALSE,5.340392645
tess2022190063128-s0054-0000000171510762-0227-s_lc.fits,171510762,54,slow,0.148599621,0.447863002,2.01976299,0.148599621,0.07432328,5.567158454,4.155847975,0.75131564,0.447863002,0.019161634,0.015199817,0.010469433,0.006546057,TRUE,0.148599621,TRUE,TRUE,FALSE,0.148599621
tess2022190063128-s0054-0000000229747848-0227-a_fast-lc.fits,229747848,54,fast,7.920979404,0.065543284,1.05769634,7.920979404,5.81411497,4.437184563,3.492037787,2.448813869,0.065543284,0.061274523,0.024432054,0.008535681,0.004274571,TRUE,7.832717499,TRUE,TRUE,FALSE,7.920979404
tess2022190063128-s0054-0000000235678745-0227-a_fast-lc.fits,235678745,54,fast,4.591954467,0.061581855,1.47374272,4.591954467,6.379010561,10.44320405,1.004394129,3.687937688,0.061581855,0.048305354,0.044901734,0.036498868,0.013860249,TRUE,4.591954467,TRUE,TRUE,FALSE,4.591954467
tess2022190063128-s0054-0000000243921117-0227-s_lc.fits,243921117,54,slow,11.34749309,0.173388616,0.41417122,11.34749309,5.813932787,3.795050978,2.943328091,4.592404743,0.173388616,0.119601401,0.054542044,0.02022891,0.017531979,TRUE,11.34749309,TRUE,TRUE,FALSE,11.34749309
tess2022190063128-s0054-0000000256364928-0227-s_lc.fits,256364928,54,slow,10.44385343,0.579971941,0.5256629,10.44385343,6.37957592,3.908151472,3.23362388,4.938263553,0.579971941,0.125625032,0.079784929,0.042561564,0.031051806,TRUE,10.44385343,TRUE,TRUE,FALSE,10.44385343
tess2022190063128-s0054-0000000267572272-0227-s_lc.fits,267572272,54,slow,0.217648908,0.682941401,3.82837892,0.217648908,15.32562671,7.920733592,5.131447907,0.108874802,0.682941401,0.026990033,0.025355807,0.02231094,0.016603909,TRUE,0.217795917,TRUE,TRUE,FALSE,0.217648908
tess2022190063128-s0054-0000000269263577-0227-s_lc.fits,269263577,54,slow,12.42237161,0.050833277,0.76314807,12.42237161,4.592431046,7.469665829,0.933055565,3.688342902,0.050833277,0.033032307,0.022861362,0.007355488,0.006836519,TRUE,12.42237161,TRUE,TRUE,FALSE,12.42237161
tess2022190063128-s0054-0000000279917005-0227-s_lc.fits,279917005,54,slow,1.448209007,0.076209175,3.22836041,1.448209007,0.722338862,1.219311904,2.495293771,1.807480426,0.076209175,0.004539123,0.001697622,0.001651205,0.001312103,TRUE,1.444859982,TRUE,TRUE,FALSE,1.448209007
tess2022190063128-s0054-0000000299158887-0227-s_lc.fits,299158887,54,slow,5.340423036,0.534374412,1.22576952,5.340423036,7.920754313,2.700859343,4.291818882,3.081643519,0.534374412,0.131786048,0.081923236,0.070422702,0.055190018,TRUE,5.43247272,TRUE,TRUE,FALSE,5.340423036
tess2022190063128-s0054-0000000356867115-0227-s_lc.fits,356867115,54,slow,5.81392698,0.111199541,0.47495008,5.81392698,2.278540141,1.912949186,12.42232999,1.004514209,0.111199541,0.040947072,0.035331576,0.035252063,0.020978057,TRUE,6.159804206,TRUE,TRUE,FALSE,5.81392698
tess2022190063128-s0054-0000000358516596-0227-s_lc.fits,358516596,54,slow,0.197043907,0.601390862,0.70866346,0.197043907,11.34738484,0.919939445,1.304173064,0.098489191,0.601390862,0.007115735,0.006886049,0.006836138,0.006747977,TRUE,0.196913724,TRUE,TRUE,FALSE,0.197043907
tess2022190063128-s0054-0000000391958006-0227-s_lc.fits,391958006,54,slow,4.436971079,0.597736728,3.46219003,4.436971079,6.083554213,3.491859574,9.673405497,2.816846536,0.597736728,0.406327915,0.355978466,0.123265107,0.118173101,TRUE,4.436971079,TRUE,TRUE,FALSE,4.436971079
tess2022190063128-s0054-0000000398895470-0227-s_lc.fits,398895470,54,slow,6.083597682,0.056597625,0.43669939,6.083597682,3.01088284,4.028157479,13.7220735,4.592378618,0.056597625,0.045237268,0.031131039,0.030228212,0.030177116,TRUE,6.083597682,TRUE,TRUE,FALSE,6.083597682
tess2022190063128-s0054-0000000399402994-0227-s_lc.fits,399402994,54,slow,11.34751038,0.081348344,1.07973695,11.34751038,5.567147773,4.437044189,3.155814558,1.480930933,0.081348344,0.045508718,0.034961579,0.02608187,0.023381069,TRUE,11.34751038,TRUE,TRUE,FALSE,11.34751038
tess2022217014003-s0055-0000000027186509-0242-s_lc.fits,27186509,55,slow,5.708633337,0.133612597,1.07340395,5.708633337,8.600803659,3.794621692,2.434312756,4.41082003,0.133612597,0.043798666,0.010399597,0.005443903,0.003065409,TRUE,5.708633337,TRUE,TRUE,FALSE,5.708633337
tess2022217014003-s0055-0000000027645404-0242-s_lc.fits,27645404,55,slow,5.265941912,0.31866688,2.23986506,5.265941912,7.633909671,2.350066658,3.794621539,2.622324628,0.31866688,0.067439704,0.058698191,0.017890613,0.014333821,TRUE,5.265941912,TRUE,TRUE,FALSE,5.265941912
tess2022217014003-s0055-0000000028230919-0242-a_fast-lc.fits,28230919,55,fast,10.61844926,0.071636775,0.36536217,10.61844926,8.088901324,3.329681515,2.783732096,4.887227578,0.071636775,0.065932133,0.058795248,0.037845876,0.037406563,TRUE,10.7151709,TRUE,TRUE,FALSE,10.61844926
tess2022217014003-s0055-0000000028230919-0242-s_lc.fits,28230919,55,slow,10.617855,0.127415139,0.16690373,10.617855,6.232375913,4.717049434,3.794470126,2.783446212,0.127415139,0.056392601,0.01956309,0.017087696,0.007618963,TRUE,10.7151709,TRUE,TRUE,FALSE,10.617855
tess2022217014003-s0055-0000000028357724-0242-s_lc.fits,28357724,55,slow,0.186352622,0.795756807,3.67349625,0.186352622,0.093226878,0.376428983,0.168545078,0.20868777,0.795756807,0.007703992,0.001956028,0.001408432,0.0010169,TRUE,0.186402136,TRUE,TRUE,FALSE,0.186352622
tess2022217014003-s0055-0000000048506505-0242-s_lc.fits,48506505,55,slow,6.23254979,0.21018507,1.20519817,6.23254979,3.249792601,4.717195519,3.903664501,9.848103941,0.21018507,0.159084265,0.086823731,0.059548532,0.046578714,TRUE,6.457739578,TRUE,TRUE,FALSE,6.23254979
tess2022217014003-s0055-0000000063213622-0242-s_lc.fits,63213622,55,slow,6.232548992,0.714919614,2.32254088,6.232548992,3.032126058,9.848103011,4.558849379,2.350048191,0.714919614,0.129114263,0.078438328,0.034832036,0.007091007,TRUE,6.232548992,TRUE,TRUE,FALSE,6.232548992
tess2022217014003-s0055-0000000063283780-0242-s_lc.fits,63283780,55,slow,5.708600704,0.052147625,2.02665567,5.708600704,9.848107781,3.249794692,4.272047052,3.794597095,0.052147625,0.022631427,0.008646965,0.003733927,0.003627744,TRUE,5.813926362,TRUE,TRUE,FALSE,5.708600704
tess2022217014003-s0055-0000000137817355-0242-s_lc.fits,137817355,55,slow,8.088501789,0.28857089,1.67919397,8.088501789,5.478307696,3.903651443,2.434285124,13.87160967,0.28857089,0.116219792,0.043568722,0.020792333,0.011284744,TRUE,7.851581131,TRUE,TRUE,FALSE,8.088501789
tess2022217014003-s0055-0000000137899873-0242-s_lc.fits,137899873,55,slow,3.032124566,0.33824667,1.4711678,3.032124566,5.478321181,3.69145189,8.600756921,2.572629271,0.33824667,0.160347223,0.031607225,0.030313408,0.027535588,TRUE,3.010897414,TRUE,TRUE,FALSE,3.032124566
tess2022217014003-s0055-0000000138477646-0242-s_lc.fits,138477646,55,slow,9.848097605,0.277612944,1.45397961,9.848097605,6.532322555,4.272040213,5.265903173,3.173842674,0.277612944,0.03333415,0.019330892,0.019082158,0.010300274,TRUE,9.848097605,TRUE,TRUE,FALSE,9.848097605
tess2022217014003-s0055-0000000139106731-0242-s_lc.fits,139106731,55,slow,3.903664937,0.297405175,0.69576979,3.903664937,5.069350032,0.497856602,3.173846429,0.992836032,0.297405175,0.034877629,0.034861536,0.022395329,0.017038977,TRUE,3.903664937,TRUE,TRUE,FALSE,3.903664937
tess2022217014003-s0055-0000000158213683-0242-s_lc.fits,158213683,55,slow,0.573545248,0.063186409,4.17282522,0.573545248,0.287252106,0.191608194,0.143594239,9.848086326,0.063186409,0.019444535,0.007125105,0.003232587,0.001527974,TRUE,0.573903269,TRUE,TRUE,FALSE,0.573545248
tess2022217014003-s0055-0000000158320130-0242-s_lc.fits,158320130,55,slow,3.329455928,0.742037652,7.68893361,3.329455928,4.141753363,2.841781883,6.532317115,1.681016816,0.742037652,0.072387382,0.063859525,0.03605569,0.023191105,TRUE,3.443656679,TRUE,TRUE,FALSE,3.329455928
tess2022217014003-s0055-0000000158389981-0242-s_lc.fits,158389981,55,slow,0.1963167,0.280968122,3.0027312,0.1963167,0.098143489,0.065457225,5.708582003,0.393891443,0.280968122,0.015166505,0.003041675,0.002575659,0.001494015,TRUE,0.196311776,TRUE,TRUE,FALSE,0.1963167
tess2022217014003-s0055-0000000158657354-0242-s_lc.fits,158657354,55,slow,4.886927796,0.052017167,0.74887156,4.886927796,3.794587362,3.249786076,7.227595917,2.902516298,0.052017167,0.021856926,0.00578288,0.004986065,0.004938356,TRUE,4.691332498,TRUE,TRUE,FALSE,4.886927796
tess2022217014003-s0055-0000000170344769-0242-s_lc.fits,170344769,55,slow,10.61807863,0.128962084,2.53984928,10.61807863,5.478341611,3.032137777,3.90367823,1.546990298,0.128962084,0.041398961,0.011783539,0.007852921,0.007760605,TRUE,10.61807863,TRUE,TRUE,FALSE,10.61807863
tess2022217014003-s0055-0000000171510762-0242-s_lc.fits,171510762,55,slow,0.148624239,0.319208589,1.33764863,0.148624239,0.074303605,3.794614689,4.717218914,3.173863389,0.319208589,0.017041666,0.011063722,0.004716485,0.00387204,TRUE,0.148599621,TRUE,TRUE,FALSE,0.148624239
tess2022217014003-s0055-0000000229747848-0242-a_fast-lc.fits,229747848,55,fast,7.634298628,0.239855807,1.15276575,7.634298628,12.58651499,4.559170764,2.842010151,1.00765463,0.239855807,0.096479977,0.024163522,0.013245349,0.008165893,TRUE,7.832717499,TRUE,TRUE,FALSE,7.634298628
tess2022217014003-s0055-0000000229747848-0242-s_lc.fits,229747848,55,slow,8.088632359,0.207181025,0.50271392,8.088632359,5.70869118,13.87172488,4.558930804,3.794665291,0.207181025,0.112960889,0.081887603,0.020068642,0.015652843,TRUE,7.832717499,TRUE,TRUE,FALSE,8.088632359
tess2022217014003-s0055-0000000267572272-0242-s_lc.fits,267572272,55,slow,0.217718693,0.867677302,7.7851367,0.217718693,0.108841073,5.265917104,8.088533004,0.436985182,0.867677302,0.028316469,0.018484754,0.015029568,0.00817486,TRUE,0.217795917,TRUE,TRUE,FALSE,0.217718693
tess2022217014003-s0055-0000000270779644-0242-s_lc.fits,270779644,55,slow,6.23255345,0.066736188,0.62315345,6.23255345,0.583402858,10.61806112,4.558853037,3.249794923,0.066736188,0.048298456,0.023768169,0.019822523,0.015495883,TRUE,6.444564696,TRUE,TRUE,FALSE,6.23255345
tess2022217014003-s0055-0000000272282253-0242-s_lc.fits,272282253,55,slow,10.61809898,0.060383803,3.24738383,10.61809898,5.265940888,4.272072873,3.173868633,2.064302897,0.060383803,0.008394243,0.005995875,0.002625088,0.002571836,TRUE,10.61809898,TRUE,TRUE,FALSE,10.61809898
tess2022217014003-s0055-0000000279917005-0242-s_lc.fits,279917005,55,slow,1.448019298,0.100540237,2.89305449,1.448019298,0.719371323,1.21486584,1.791919113,1.030502685,0.100540237,0.007020457,0.003898053,0.001988061,0.00140201,TRUE,1.444859982,TRUE,TRUE,FALSE,1.448019298
tess2022217014003-s0055-0000000293954617-0242-s_lc.fits,293954617,55,slow,10.61814624,0.411260373,0.28285742,10.61814624,5.959153788,4.27210475,2.572671211,3.032172693,0.411260373,0.123474603,0.094902234,0.021852563,0.014732191,TRUE,9.945605412,TRUE,TRUE,FALSE,10.61814624
tess2022217014003-s0055-0000000299158887-0242-s_lc.fits,299158887,55,slow,5.478341704,0.839583361,1.97156429,5.478341704,4.141776015,7.633889256,3.249804558,2.622314773,0.839583361,0.102015439,0.074749382,0.029119133,0.02728773,TRUE,5.43247272,TRUE,TRUE,FALSE,5.478341704
tess2022217014003-s0055-0000000350814607-0242-s_lc.fits,350814607,55,slow,10.61806695,0.109976177,2.51913905,10.61806695,4.886944125,6.232558474,3.794600957,1.512529268,0.109976177,0.020250661,0.010213595,0.001678785,0.001203027,TRUE,11.27635506,TRUE,TRUE,FALSE,10.61806695
tess2022217014003-s0055-0000000352013543-0242-s_lc.fits,352013543,55,slow,5.70858494,0.05126026,10.76767802,5.70858494,3.249784174,4.41077924,8.088506896,3.794585213,0.05126026,0.010476144,0.00603025,0.004211434,0.002345835,TRUE,5.754391209,TRUE,TRUE,FALSE,5.70858494
tess2022217014003-s0055-0000000356867115-0242-s_lc.fits,356867115,55,slow,5.708691322,0.124083825,0.42288899,5.708691322,4.410868901,13.87172503,1.000169264,8.088632526,0.124083825,0.071163852,0.043540535,0.028616297,0.018746892,TRUE,6.159804206,TRUE,TRUE,FALSE,5.708691322
tess2022217014003-s0055-0000000393818343-0242-s_lc.fits,393818343,55,slow,8.088492042,0.10254527,0.18956184,8.088492042,4.410768639,5.265884116,2.841772922,3.249775781,0.10254527,0.054071922,0.031037416,0.007606022,0.005947689,TRUE,8.088492042,TRUE,TRUE,FALSE,8.088492042
tess2022217014003-s0055-0000000459730973-0242-s_lc.fits,459730973,55,slow,5.959095518,0.188437316,0.59471011,5.959095518,4.410803687,9.182285283,2.003392545,3.593784033,0.188437316,0.128712364,0.048639836,0.022852983,0.021717215,TRUE,5.959095518,TRUE,TRUE,FALSE,5.959095518
tess2022244194134-s0056-0000000027769688-0243-s_lc.fits,27769688,56,slow,6.345010845,0.062782066,0.58634281,6.345010845,4.501126031,3.57710715,15.54068713,9.978519542,0.062782066,0.020783107,0.010218483,0.008055652,0.007759683,TRUE,6.457685368,TRUE,TRUE,FALSE,6.345010845
tess2022244194134-s0056-0000000028159518-0243-s_lc.fits,28159518,56,slow,7.348449159,0.067219593,0.95716715,7.348449159,5.168709471,12.70738801,3.577113281,2.286372196,0.067219593,0.017923945,0.01767896,0.009858556,0.005076883,TRUE,7.402049707,TRUE,TRUE,FALSE,7.348449159
tess2022244194134-s0056-0000000219852882-0243-a_fast-lc.fits,219852882,56,fast,10.74832704,0.193743344,1.45904422,10.74832704,5.368085314,4.228386117,7.348863124,3.487874773,0.193743344,0.157219341,0.119560284,0.093228036,0.02749916,TRUE,10.90218623,TRUE,TRUE,FALSE,10.74832704
tess2022244194134-s0056-0000000229747848-0243-s_lc.fits,229747848,56,slow,8.214626656,0.293706813,0.50758123,8.214626656,5.815714021,2.846706615,2.535988381,4.228176019,0.293706813,0.125001193,0.019032002,0.015261505,0.0148372,TRUE,7.832717499,TRUE,TRUE,FALSE,8.214626656
tess2022244194134-s0056-0000000293954617-0243-s_lc.fits,293954617,56,slow,9.978563463,0.322637194,0.24793386,9.978563463,5.815634226,4.501156672,2.631695701,3.321441142,0.322637194,0.297006905,0.100773112,0.021036824,0.016686439,TRUE,9.945605412,TRUE,TRUE,FALSE,9.978563463
tess2022244194134-s0056-0000000356867115-0243-s_lc.fits,356867115,56,slow,6.345139582,0.158677796,0.45438051,6.345139582,4.10371394,10.74802164,2.967923962,2.631743541,0.158677796,0.125995496,0.093146931,0.02028532,0.015595148,TRUE,6.159804206,TRUE,TRUE,FALSE,6.345139582
tess2022244194134-s0056-0000000395171208-0243-a_fast-lc.fits,395171208,56,fast,5.368069719,0.403426389,0.72789788,5.368069719,4.228372877,7.348844665,3.244357542,1.18175197,0.403426389,0.039436567,0.031736927,0.0136666,0.010680034,TRUE,5.367808881,TRUE,TRUE,FALSE,5.368069719
tess2022244194134-s0056-0000000395171208-0243-s_lc.fits,395171208,56,slow,5.367808881,0.654375098,0.59772909,5.367808881,4.228151415,9.978623297,7.348535917,1.566848548,0.654375098,0.057130154,0.046796229,0.020392454,0.017403341,TRUE,5.367808881,TRUE,TRUE,FALSE,5.367808881
tess2022244194134-s0056-0000000420814525-0243-s_lc.fits,420814525,56,slow,3.770620198,0.082224532,0.09154916,3.770620198,9.978517841,7.75736621,2.905979145,2.113078842,0.082224532,0.02719549,0.026202835,0.025965345,0.01317247,TRUE,3.770620198,TRUE,TRUE,FALSE,3.770620198
tess2022273165103-s0057-0000000198385543-0245-a_fast-lc.fits,198385543,57,fast,11.79663584,0.075045565,1.69109106,11.79663584,7.493564915,5.708683062,4.763227577,2.865153812,0.075045565,0.031556035,0.010579828,0.006967488,0.004580814,TRUE,11.79663584,TRUE,TRUE,FALSE,11.79663584
tess2022273165103-s0057-0000000219852882-0245-a_fast-lc.fits,219852882,57,fast,10.90238581,0.433814379,2.01251507,10.90238581,7.122510875,5.490795623,4.206033519,3.18222093,0.433814379,0.075998858,0.029870523,0.011551604,0.009872943,TRUE,10.90218623,TRUE,TRUE,FALSE,10.90238581
tess2022273165103-s0057-0000000219852882-0245-s_lc.fits,219852882,57,slow,10.90218623,0.575963089,1.35610163,10.90218623,6.480385619,3.973465372,2.172528772,2.865106433,0.575963089,0.126526222,0.028962315,0.008908332,0.007003835,TRUE,10.90218623,TRUE,TRUE,FALSE,10.90218623
tess2022273165103-s0057-0000000237222864-0245-a_fast-lc.fits,237222864,57,fast,10.90239605,0.06225912,0.38546443,10.90239605,5.101250947,6.480570952,3.669422659,3.182226454,0.06225912,0.017682962,0.015270031,0.009520997,0.00783735,TRUE,10.90239605,TRUE,TRUE,FALSE,10.90239605
tess2022273165103-s0057-0000000352413427-0245-a_fast-lc.fits,352413427,57,fast,5.944776184,0.116718202,0.2654171,5.944776184,4.763315122,11.79675257,7.905638201,3.973603645,0.116718202,0.074221813,0.058328719,0.024966334,0.017100043,TRUE,6.299744146,TRUE,TRUE,FALSE,5.944776184
tess2022273165103-s0057-0000000352413427-0245-s_lc.fits,352413427,57,slow,6.200951603,0.127572083,0.14327407,6.200951603,4.926347171,8.88202931,3.866632942,3.182121763,0.127572083,0.071003229,0.046174252,0.042837718,0.039109224,TRUE,6.299744146,TRUE,TRUE,FALSE,6.200951603
tess2022273165103-s0057-0000000432549364-0245-a_fast-lc.fits,432549364,57,fast,0.608846227,0.06880791,0.75598121,0.608846227,1.216712785,0.406006454,0.30454572,0.243656203,0.06880791,0.041817296,0.019332962,0.017302306,0.013408643,TRUE,0.608950486,TRUE,TRUE,TRUE,1.216712785
tess2022273165103-s0057-0000000440113053-0245-s_lc.fits,440113053,57,slow,3.577984151,0.197064873,2.01137066,3.577984151,5.288682167,7.493453768,4.332606826,2.984004015,0.197064873,0.104578329,0.071826857,0.061419636,0.040105085,TRUE,3.533458856,TRUE,TRUE,FALSE,3.577984151
tess2022273165103-s0057-0000000456862677-0245-s_lc.fits,456862677,57,slow,7.905435282,0.251833072,0.76964498,7.905435282,12.85075262,5.708608327,4.610446674,2.809138739,0.251833072,0.183141866,0.104764747,0.04915627,0.010070696,TRUE,7.832744951,TRUE,TRUE,FALSE,7.905435282
tess2022302161335-s0058-0000000240823272-0247-s_lc.fits,240823272,58,slow,9.046995705,0.266524287,0.95804095,9.046995705,4.463587244,3.101711093,3.711463408,2.611398192,0.266524287,0.151405807,0.026123176,0.022943727,0.013671455,TRUE,9.046995705,TRUE,TRUE,FALSE,9.046995705
tess2022302161335-s0058-0000000288631580-0247-s_lc.fits,288631580,58,slow,7.729801179,0.420200343,0.75765252,7.729801179,3.653935818,4.48089557,5.55934657,13.95747258,0.420200343,0.323013545,0.070592172,0.068930199,0.027451791,TRUE,7.243053476,TRUE,TRUE,FALSE,7.729801179
tess2022302161335-s0058-0000000306955329-0247-s_lc.fits,306955329,58,slow,0.189863943,0.069292312,0.42906642,0.189863943,10.71880056,3.653825293,0.094992445,6.319712293,0.069292312,0.008178934,0.005111104,0.00323786,0.002590512,TRUE,0.189746745,TRUE,TRUE,FALSE,0.189863943
tess2022302161335-s0058-0000000356867115-0247-s_lc.fits,356867115,58,slow,6.230648453,0.359790402,0.61647832,6.230648453,12.58402191,3.411883254,4.140306263,2.233194763,0.359790402,0.183186178,0.060918852,0.051077404,0.02387307,TRUE,6.159804206,TRUE,TRUE,TRUE,12.58402191
tess2022302161335-s0058-0000000436873727-0247-a_fast-lc.fits,436873727,58,fast,1.019633674,0.170557707,0.15943706,1.019633674,0.340596079,0.254809915,5.345124472,1.320869382,0.170557707,0.0061738,0.004220752,0.003184397,0.002901755,TRUE,1.015885,TRUE,TRUE,FALSE,1.019633674
tess2022302161335-s0058-0000000436873727-0247-s_lc.fits,436873727,58,slow,1.019569029,0.415216272,0.1077044,1.019569029,0.340573713,0.254793109,1.415196837,4.790598042,0.415216272,0.013454252,0.009300491,0.007364673,0.006425666,TRUE,1.015885,TRUE,TRUE,FALSE,1.019569029
tess2022330142927-s0059-0000000056658270-0248-s_lc.fits,56658270,59,slow,10.80037712,0.51948904,4.08800602,10.80037712,5.625306904,4.066510977,2.220544578,2.738516124,0.51948904,0.265383297,0.083669764,0.020168456,0.018063932,TRUE,10.05939033,TRUE,TRUE,FALSE,10.80037712
tess2022330142927-s0059-0000000154872375-0248-a_fast-lc.fits,154872375,59,fast,4.962855843,0.420760247,0.91417968,4.962855843,6.864254505,2.59815941,3.038837451,2.269104459,0.420760247,0.197566103,0.137362547,0.122300142,0.042432287,TRUE,5.221258879,TRUE,TRUE,FALSE,4.962855843
tess2022330142927-s0059-0000000154872375-0248-s_lc.fits,154872375,59,slow,4.990800259,0.659917892,0.96884966,4.990800259,6.897993879,2.615104493,3.909798586,3.058151534,0.659917892,0.125301689,0.080082852,0.076201737,0.074310234,TRUE,5.221258879,TRUE,TRUE,FALSE,4.990800259
tess2022330142927-s0059-0000000229747848-0248-s_lc.fits,229747848,59,slow,8.046738559,0.149673118,0.43755293,8.046738559,5.493220292,13.3764977,3.665395495,4.318562216,0.149673118,0.101070726,0.047191363,0.032700272,0.027313588,TRUE,7.832717499,TRUE,TRUE,FALSE,8.046738559
tess2022330142927-s0059-0000000288631580-0248-a_fast-lc.fits,288631580,59,fast,7.261691157,0.354976355,0.8412832,7.261691157,5.167323973,3.193593335,2.399330338,13.52802363,0.354976355,0.135522186,0.074631243,0.054340916,0.045356793,TRUE,7.243053476,TRUE,TRUE,FALSE,7.261691157
tess2022357055054-s0060-0000000142748283-0249-s_lc.fits,142748283,60,slow,4.339547383,0.085660157,2.40991235,4.339547383,7.357094253,3.546190891,13.19662189,2.783006575,0.085660157,0.052218766,0.036372033,0.02627494,0.014309884,TRUE,4.415037305,TRUE,TRUE,FALSE,4.339547383
tess2022357055054-s0060-0000000229747848-0249-a_fast-lc.fits,229747848,60,fast,7.176834779,0.084731727,0.9141624,7.176834779,4.74367675,2.690965088,2.013344625,1.65592911,0.084731727,0.071933398,0.015602358,0.006762116,0.003972207,TRUE,7.832717499,TRUE,TRUE,FALSE,7.176834779
tess2022357055054-s0060-0000000239977528-0249-s_lc.fits,239977528,60,slow,6.607444054,0.111456433,0.38801193,6.607444054,10.33331529,3.339307726,2.494961931,1.264871613,0.111456433,0.035120959,0.019771322,0.01729551,0.012618018,TRUE,6.607444054,TRUE,TRUE,FALSE,6.607444054
tess2022357055054-s0060-0000000288631580-0249-a_fast-lc.fits,288631580,60,fast,7.889457001,0.67500369,2.03800797,7.889457001,14.91293651,5.12886442,3.56818781,2.449939375,0.67500369,0.411247379,0.285116818,0.06021529,0.012835938,TRUE,7.243053476,TRUE,TRUE,TRUE,14.91293651
tess2022357055054-s0060-0000000310002617-0249-s_lc.fits,310002617,60,slow,5.578126023,0.09089887,0.55002332,5.578126023,10.74222794,3.648690841,3.069560146,4.497166538,0.09089887,0.059101035,0.043276389,0.015817888,0.01346349,TRUE,5.788423787,TRUE,TRUE,TRUE,10.74222794
tess2022357055054-s0060-0000000349827430-0249-s_lc.fits,349827430,60,slow,2.651761328,0.126207799,0.12491226,2.651761328,2.275757645,5.994333064,3.176604044,4.364325389,0.126207799,0.093332039,0.073383907,0.056687703,0.050385534,TRUE,2.651761328,TRUE,TRUE,FALSE,2.651761328
tess2022357055054-s0060-0000000356473034-0249-s_lc.fits,356473034,60,slow,14.940067,0.087104059,0.66175759,14.940067,7.923712495,3.289348586,5.933354355,2.112590054,0.087104059,0.067811767,0.028958928,0.01999901,0.009508858,TRUE,14.940067,TRUE,TRUE,FALSE,14.940067
tess2022357055054-s0060-0000000356867115-0249-s_lc.fits,356867115,60,slow,6.052725426,0.402891468,0.60032606,6.052725426,4.235201703,10.60294764,3.16575538,2.709612572,0.402891468,0.210545957,0.184581957,0.036099884,0.024621371,TRUE,6.159804206,TRUE,TRUE,FALSE,6.052725426
tess2023018032328-s0061-0000000001003831-0250-a_fast-lc.fits,1003831,61,fast,9.19556627,0.071549186,0.95080733,9.19556627,3.977377902,4.973480355,2.385077855,2.773729178,0.071549186,0.038341223,0.020257543,0.017443598,0.014114263,TRUE,9.963752119,TRUE,TRUE,FALSE,9.19556627
tess2023018032328-s0061-0000000001003831-0250-s_lc.fits,1003831,61,slow,9.963752119,0.137191237,0.45058727,9.963752119,5.684741503,3.727961376,2.020691022,2.249635714,0.137191237,0.069344422,0.035100865,0.00693927,0.006543207,TRUE,9.963752119,TRUE,TRUE,FALSE,9.963752119
tess2023018032328-s0061-0000000118956453-0250-s_lc.fits,118956453,61,slow,7.979507138,0.082575319,1.06134713,7.979507138,3.857651655,2.543693622,4.984000198,2.255589297,0.082575319,0.079624879,0.062294721,0.031398683,0.020546875,TRUE,7.616822652,TRUE,TRUE,FALSE,7.979507138
tess2023018032328-s0061-0000000261136679-0250-s_lc.fits,261136679,61,slow,5.671697311,0.156067123,0.04069388,5.671697311,3.214926884,4.103716274,8.520246196,2.426593629,0.156067123,0.017766938,0.009430515,0.008045955,0.007080141,TRUE,5.671697311,TRUE,TRUE,FALSE,5.671697311
tess2023018032328-s0061-0000000261257684-0250-s_lc.fits,261257684,61,slow,8.518263585,0.112734756,0.47137856,8.518263585,5.411558926,3.604155469,3.048746815,2.285608749,0.112734756,0.030691501,0.019341514,0.006799119,0.004433221,TRUE,8.04093399,TRUE,TRUE,FALSE,8.518263585
tess2023018032328-s0061-0000000349576261-0250-s_lc.fits,349576261,61,slow,3.820439193,0.383435626,0.96860826,3.820439193,1.876912017,3.114876517,5.154904697,2.517179639,0.383435626,0.18784641,0.057666411,0.040881801,0.032205019,TRUE,3.866798949,TRUE,TRUE,FALSE,3.820439193
tess2023018032328-s0061-0000000350293646-0250-a_fast-lc.fits,350293646,61,fast,7.03664537,0.439815067,1.31750464,7.03664537,3.414789501,5.198674583,2.17239088,2.43855591,0.439815067,0.186779049,0.069918845,0.056958131,0.048395252,TRUE,7.467382442,TRUE,TRUE,FALSE,7.03664537
tess2023018032328-s0061-0000000350293646-0250-s_lc.fits,350293646,61,slow,7.467382442,0.525997383,1.28720403,7.467382442,3.224363028,2.774015786,4.973928631,2.092180455,0.525997383,0.096294346,0.076279214,0.067195556,0.018000377,TRUE,7.467382442,TRUE,TRUE,FALSE,7.467382442
tess2023018032328-s0061-0000000391903064-0250-a_fast-lc.fits,391903064,61,fast,3.325576711,0.861756234,5.18754125,3.325576711,2.783992836,4.128765938,1.685821146,2.258545142,0.861756234,0.095405957,0.0847709,0.068600485,0.059539831,TRUE,3.354253434,TRUE,TRUE,FALSE,3.325576711
tess2023018032328-s0061-0000000391903064-0250-s_lc.fits,391903064,61,slow,3.304552326,0.847533123,5.2043426,3.304552326,2.765824428,4.250807434,2.243358986,1.698059787,0.847533123,0.097016538,0.087948012,0.069561863,0.068769419,TRUE,3.354253434,TRUE,TRUE,FALSE,3.304552326
tess2023043185947-s0062-0000000022221375-0254-s_lc.fits,22221375,62,slow,10.09943984,0.051950805,0.07822812,10.09943984,4.203582213,6.7553516,1.328808371,0.664839108,0.051950805,0.01821514,0.015460086,0.002893997,0.002576118,TRUE,10.94231441,TRUE,TRUE,FALSE,10.09943984
tess2023043185947-s0062-0000000118956453-0254-s_lc.fits,118956453,62,slow,7.616822652,0.289567498,1.01093829,7.616822652,5.093750178,3.602210084,2.271777098,3.142168799,0.289567498,0.102803771,0.022569299,0.019015917,0.014653706,TRUE,7.616822652,TRUE,TRUE,FALSE,7.616822652
tess2023043185947-s0062-0000000169226822-0254-s_lc.fits,169226822,62,slow,10.96674985,0.065255258,0.29527247,10.96674985,5.262381179,2.165218341,1.189419025,1.810106872,0.065255258,0.022317759,0.011316286,0.006983135,0.004868205,TRUE,10.96674985,TRUE,TRUE,FALSE,10.96674985
tess2023043185947-s0062-0000000293607057-0254-s_lc.fits,293607057,62,slow,4.505248088,0.120715761,0.3811121,4.505248088,3.580578496,2.176579023,0.353859553,2.707381905,0.120715761,0.034833051,0.022765574,0.018568159,0.014110981,TRUE,4.505248088,TRUE,TRUE,FALSE,4.505248088
tess2023043185947-s0062-0000000300812741-0254-s_lc.fits,300812741,62,slow,10.94461102,0.420440553,0.43273568,10.94461102,6.030138522,4.309892696,3.095625348,2.569193681,0.420440553,0.06462777,0.026465146,0.016259487,0.014575507,TRUE,10.81909508,TRUE,TRUE,FALSE,10.94461102
tess2023043185947-s0062-0000000349576261-0254-s_lc.fits,349576261,62,slow,4.01518329,0.292698898,0.931862,4.01518329,1.912942913,3.256138601,6.687741237,5.017788698,0.292698898,0.154449507,0.136753078,0.045286406,0.044941817,TRUE,3.866798949,TRUE,TRUE,FALSE,4.01518329
tess2023043185947-s0062-0000000391903064-0254-a_fast-lc.fits,391903064,62,fast,3.314303584,0.903717084,5.85047066,3.314303584,1.660672998,4.08360038,2.788909569,6.428344244,0.903717084,0.113259231,0.082627316,0.072222178,0.050200202,TRUE,3.354253434,TRUE,TRUE,FALSE,3.314303584
tess2023043185947-s0062-0000000391903064-0254-s_lc.fits,391903064,62,slow,3.359543886,0.905562516,5.79654217,3.359543886,1.658083007,4.168885759,2.813361642,6.356507378,0.905562516,0.106057729,0.089294834,0.083917018,0.048309368,TRUE,3.354253434,TRUE,TRUE,FALSE,3.359543886
tess2023043185947-s0062-0000000391949880-0254-s_lc.fits,391949880,62,slow,10.00877825,0.368117056,0.24783015,10.00877825,3.64158998,6.323378675,4.621620643,2.267678391,0.368117056,0.221935532,0.180020146,0.121199493,0.009813569,TRUE,10.00877825,TRUE,TRUE,FALSE,10.00877825
tess2023043185947-s0062-0000000408310006-0254-s_lc.fits,408310006,62,slow,6.423706912,0.104998363,0.17295003,6.423706912,10.12429422,4.080145999,1.779013343,2.724646698,0.104998363,0.063242452,0.055932406,0.008504005,0.003459916,TRUE,6.423706912,TRUE,TRUE,FALSE,6.423706912
tess2023069172124-s0063-0000000102840239-0255-s_lc.fits,102840239,63,slow,15.36641495,0.182720471,0.2638185,15.36641495,8.485618684,4.193534139,3.111525325,2.520347257,0.182720471,0.087941813,0.042636819,0.012357229,0.006624549,TRUE,15.36641495,TRUE,TRUE,FALSE,15.36641495
tess2023069172124-s0063-0000000151825527-0255-s_lc.fits,151825527,63,slow,9.065576697,0.070770212,0.73967278,9.065576697,4.193565633,6.132097597,5.385273169,2.844651646,0.070770212,0.030667826,0.005329088,0.005107638,0.004476306,TRUE,9.760020499,TRUE,TRUE,FALSE,9.065576697
tess2023069172124-s0063-0000000300812741-0255-s_lc.fits,300812741,63,slow,11.2767402,0.341206898,0.37949383,11.2767402,6.02285089,3.117724349,3.645204462,4.707032881,0.341206898,0.081415797,0.01992769,0.013961203,0.012277589,TRUE,10.81909508,TRUE,TRUE,FALSE,11.2767402
tess2023069172124-s0063-0000000349576261-0255-s_lc.fits,349576261,63,slow,3.83027179,0.53293978,1.18183851,3.83027179,1.961366295,4.980822433,2.473351907,3.111522235,0.53293978,0.073332404,0.050966594,0.034245024,0.02702388,TRUE,3.866798949,TRUE,TRUE,FALSE,3.83027179
tess2023069172124-s0063-0000000390001646-0255-s_lc.fits,390001646,63,slow,2.907017695,0.109136401,21.54223561,2.907017695,1.932826876,0.484793,0.415023938,1.157219324,0.109136401,0.055850982,0.039678216,0.027059924,0.022551825,TRUE,2.880064246,TRUE,TRUE,FALSE,2.907017695
tess2023069172124-s0063-0000000391903064-0255-a_fast-lc.fits,391903064,63,fast,3.347225337,0.922313897,6.74188018,3.347225337,1.687086081,2.844779434,4.193739203,4.981058262,0.922313897,0.062190848,0.039877489,0.035201594,0.016438748,TRUE,3.354253434,TRUE,TRUE,FALSE,3.347225337
tess2023069172124-s0063-0000000391903064-0255-s_lc.fits,391903064,63,slow,3.360911231,0.934729946,6.8107605,3.360911231,1.690645222,2.843434493,4.243513757,2.561703505,0.934729946,0.076204694,0.04250722,0.030313245,0.01494699,TRUE,3.354253434,TRUE,TRUE,FALSE,3.360911231
tess2023069172124-s0063-0000000437248515-0255-s_lc.fits,437248515,63,slow,9.325962411,0.137524627,0.64744413,9.325962411,6.398783078,4.870164053,2.71120896,4.061594803,0.137524627,0.038753009,0.035871376,0.012677995,0.00711715,TRUE,9.325962411,TRUE,TRUE,FALSE,9.325962411
tess2023069172124-s0063-0000000443616612-0255-s_lc.fits,443616612,63,slow,8.671088443,0.277265127,2.29315162,8.671088443,5.535518479,3.934791862,3.212303354,2.106959631,0.277265127,0.047863451,0.036995964,0.02098542,0.015195935,TRUE,8.671088443,TRUE,TRUE,FALSE,8.671088443
tess2023069172124-s0063-0000000460205581-0255-a_fast-lc.fits,460205581,63,fast,3.040379029,0.735699097,2.80456424,3.040379029,5.613368087,2.569304167,4.330649721,3.621347659,0.735699097,0.12125774,0.063186537,0.02655612,0.024696487,TRUE,3.040266559,TRUE,TRUE,FALSE,3.040379029
tess2023069172124-s0063-0000000460205581-0255-s_lc.fits,460205581,63,slow,3.040266559,0.929789433,2.88240552,3.040266559,2.569206482,3.621218286,1.496683879,4.193602445,0.929789433,0.064472438,0.035731512,0.023740895,0.017389648,TRUE,3.040266559,TRUE,TRUE,FALSE,3.040266559
tess2023096110322-s0064-0000000150030205-0257-a_fast-lc.fits,150030205,64,fast,12.54388516,0.092176587,0.42684197,12.54388516,3.766891881,3.008956604,2.653073775,2.016935138,0.092176587,0.024397882,0.002672798,0.002505341,0.001957725,TRUE,12.54388516,TRUE,TRUE,FALSE,12.54388516
tess2023096110322-s0064-0000000166527623-0257-a_fast-lc.fits,166527623,64,fast,1.421451962,0.843424677,3.93018067,1.421451962,0.719795272,1.648287421,1.237027154,1.031194456,0.843424677,0.066671015,0.014367619,0.011158891,0.005942776,TRUE,1.420797565,TRUE,TRUE,FALSE,1.421451962
tess2023096110322-s0064-0000000166527623-0257-s_lc.fits,166527623,64,slow,1.418048234,0.846538664,3.9477253,1.418048234,0.718006758,1.644388602,1.246477919,12.14251077,0.846538664,0.06533538,0.014085105,0.010937126,0.009043919,TRUE,1.420797565,TRUE,TRUE,FALSE,1.418048234
tess2023096110322-s0064-0000000349576261-0257-s_lc.fits,349576261,64,slow,3.875192788,0.76690809,1.64623141,3.875192788,3.149655761,6.19362808,8.044782371,12.54364117,0.76690809,0.023195437,0.018866696,0.016639855,0.012903889,TRUE,3.866798949,TRUE,TRUE,FALSE,3.875192788
tess2023096110322-s0064-0000000360156606-0257-s_lc.fits,360156606,64,slow,1.646730659,0.133085002,5.10521531,1.646730659,0.832169251,1.435902602,1.958206204,1.297474743,0.133085002,0.004201104,0.003500706,0.002216701,0.001808762,TRUE,1.664145291,TRUE,TRUE,FALSE,1.646730659
tess2023096110322-s0064-0000000390001646-0257-s_lc.fits,390001646,64,slow,2.880064246,0.133055759,22.16777146,2.880064246,1.162913143,1.930081632,0.832150226,1.435870808,0.133055759,0.108996317,0.095512621,0.044547094,0.029918321,TRUE,2.880064246,TRUE,TRUE,FALSE,2.880064246
tess2023096110322-s0064-0000000391903064-0257-a_fast-lc.fits,391903064,64,fast,3.387695509,0.904561794,6.36870086,3.387695509,1.709544645,2.880225404,4.112234698,4.853723323,0.904561794,0.087765473,0.045778632,0.037437387,0.019160339,TRUE,3.354253434,TRUE,TRUE,FALSE,3.387695509
tess2023096110322-s0064-0000000391903064-0257-s_lc.fits,391903064,64,slow,3.387550321,0.908377483,6.36942804,3.387550321,1.709463977,2.880098193,4.112066144,4.853533661,0.908377483,0.087529457,0.045397545,0.038663626,0.020435889,TRUE,3.354253434,TRUE,TRUE,FALSE,3.387550321
tess2023096110322-s0064-0000000397362481-0257-s_lc.fits,397362481,64,slow,8.55622082,0.122425521,0.07597864,8.55622082,13.83291496,3.664165594,2.145439014,3.14964483,0.122425521,0.107644816,0.007375539,0.005562009,0.004705029,TRUE,9.31857512,TRUE,TRUE,FALSE,8.55622082
tess2023096110322-s0064-0000000398943781-0257-a_fast-lc.fits,398943781,64,fast,9.28918333,0.11781261,1.01108789,9.28918333,2.424921015,2.956301867,3.785923669,1.988147827,0.11781261,0.011119453,0.008420772,0.008192281,0.007897514,TRUE,9.283394941,TRUE,TRUE,FALSE,9.28918333
tess2023096110322-s0064-0000000398943781-0257-s_lc.fits,398943781,64,slow,9.283394941,0.338378134,0.56232035,9.283394941,5.75758179,4.321460633,3.27210506,2.816209094,0.338378134,0.122183213,0.029908269,0.013254734,0.006716689,TRUE,9.283394941,TRUE,TRUE,FALSE,9.283394941
tess2023096110322-s0064-0000000441546821-0257-s_lc.fits,441546821,64,slow,1.569893579,0.088652452,0.14043689,1.569893579,6.492544867,2.331327119,9.13729287,1.3631807,0.088652452,0.086752449,0.064780496,0.039968554,0.027682114,TRUE,1.569893579,TRUE,TRUE,FALSE,1.569893579
tess2023096110322-s0064-0000000460205581-0257-a_fast-lc.fits,460205581,64,fast,2.94317853,0.797090137,2.70045519,2.94317853,2.552462749,2.111896165,1.435941618,3.567237297,0.797090137,0.036963372,0.021680385,0.0201592,0.015257405,TRUE,3.040266559,TRUE,TRUE,FALSE,2.94317853
tess2023096110322-s0064-0000000460205581-0257-s_lc.fits,460205581,64,slow,3.008846122,0.915386743,2.7437979,3.008846122,3.567086066,2.60168846,1.55176363,2.145464048,0.915386743,0.036783679,0.035240583,0.026996749,0.014659506,TRUE,3.040266559,TRUE,TRUE,FALSE,3.008846122
tess2023096110322-s0064-0000000465390152-0257-s_lc.fits,465390152,64,slow,9.80271807,0.066555041,127.9620561,9.80271807,4.379651886,6.492450607,3.664200746,2.216118239,0.066555041,0.042919454,0.021821676,0.016893882,0.015865512,TRUE,9.985184759,TRUE,TRUE,FALSE,9.80271807
tess2023096110322-s0064-0000000466884459-0257-s_lc.fits,466884459,64,slow,5.671638143,0.148946227,104.8989761,5.671638143,2.459076861,3.567087374,8.044827563,4.379657946,0.148946227,0.070175919,0.067016841,0.032406235,0.017836696,TRUE,5.921955847,TRUE,TRUE,FALSE,5.671638143
tess2023124020739-s0065-0000000261257684-0259-s_lc.fits,261257684,65,slow,8.04093399,0.15140685,0.46296,8.04093399,13.82951825,4.238919833,5.227638607,3.472659686,0.15140685,0.0192299,0.016320062,0.010361724,0.005364865,TRUE,8.04093399,TRUE,TRUE,FALSE,8.04093399
tess2023124020739-s0065-0000000300812741-0259-s_lc.fits,300812741,65,slow,10.42178646,0.143865314,0.31087697,10.42178646,6.360380776,2.69055974,4.013985211,2.394505778,0.143865314,0.109885963,0.013946825,0.011639622,0.010091743,TRUE,10.81909508,TRUE,TRUE,FALSE,10.42178646
tess2023124020739-s0065-0000000349576261-0259-s_lc.fits,349576261,65,slow,3.969123781,0.457103433,1.0294354,3.969123781,3.264618311,1.967499667,2.604264392,5.061368376,0.457103433,0.128645094,0.09498989,0.058541701,0.051965668,TRUE,3.866798949,TRUE,TRUE,FALSE,3.969123781
tess2023124020739-s0065-0000000360156606-0259-s_lc.fits,360156606,65,slow,1.664145291,0.148799745,5.14506102,1.664145291,2.167573178,3.180293843,0.821067118,9.194249599,0.148799745,0.009468578,0.007217013,0.007101371,0.005845468,TRUE,1.664145291,TRUE,TRUE,FALSE,1.664145291
tess2023124020739-s0065-0000000391903064-0259-a_fast-lc.fits,391903064,65,fast,3.322426789,0.926218695,6.37234569,3.322426789,2.84752819,4.104806305,1.660670029,4.813202468,0.926218695,0.047192604,0.045054751,0.022419872,0.017820193,TRUE,3.354253434,TRUE,TRUE,FALSE,3.322426789
tess2023124020739-s0065-0000000391903064-0259-s_lc.fits,391903064,65,slow,3.322311815,0.931144096,6.42423034,3.322311815,2.847426845,4.104670921,1.660606835,2.364584978,0.931144096,0.05258095,0.042259522,0.020358337,0.017367149,TRUE,3.354253434,TRUE,TRUE,FALSE,3.322311815
tess2023124020739-s0065-0000000448098793-0259-s_lc.fits,448098793,65,slow,4.076678708,0.580770182,1.71042681,4.076678708,5.335275937,2.129796442,9.270762587,2.769855182,0.580770182,0.101585373,0.068071873,0.02978214,0.013552192,TRUE,4.076678708,TRUE,TRUE,FALSE,4.076678708
tess2023153011303-s0066-0000000194795551-0260-s_lc.fits,194795551,66,slow,11.0905516,0.103323337,1.36617303,11.0905516,0.453938278,6.830581596,0.227061893,4.259533956,0.103323337,0.043218845,0.035569045,0.016578513,0.010384677,TRUE,11.0905516,TRUE,TRUE,FALSE,11.0905516
tess2023153011303-s0066-0000000221861843-0260-s_lc.fits,221861843,66,slow,12.17360713,0.075491006,0.77503204,12.17360713,7.225510082,2.947207047,3.435400103,4.409228092,0.075491006,0.010597235,0.010377562,0.008109715,0.007285032,TRUE,12.17360713,TRUE,TRUE,FALSE,12.17360713
tess2023153011303-s0066-0000000299798795-0260-a_fast-lc.fits,299798795,66,fast,1.237069197,0.368605354,1.96619511,1.237069197,0.612760156,1.046964742,1.493123718,1.854372607,0.368605354,0.031584943,0.018350205,0.018150723,0.00499733,TRUE,1.235249701,TRUE,TRUE,FALSE,1.237069197
tess2023153011303-s0066-0000000299798795-0260-s_lc.fits,299798795,66,slow,1.2363572,0.689824756,1.47954166,1.2363572,0.615471143,1.055366437,1.49227607,2.145318093,0.689824756,0.062014114,0.035000222,0.034028076,0.012271125,TRUE,1.235249701,TRUE,TRUE,FALSE,1.2363572
tess2023153011303-s0066-0000000349576261-0260-s_lc.fits,349576261,66,slow,3.921161394,0.403633978,0.92315674,3.921161394,3.11881152,1.932515098,5.060240446,2.173662759,0.403633978,0.155347924,0.090348973,0.070880961,0.027794211,TRUE,3.866798949,TRUE,TRUE,FALSE,3.921161394
tess2023153011303-s0066-0000000354944123-0260-s_lc.fits,354944123,66,slow,7.237486383,0.220685653,0.63230991,7.237486383,12.18596128,5.368782148,3.753527078,2.483373385,0.220685653,0.20397355,0.075541929,0.038917436,0.014897893,TRUE,7.237486383,TRUE,TRUE,FALSE,7.237486383
tess2023153011303-s0066-0000000383390264-0260-a_fast-lc.fits,383390264,66,fast,2.348993531,0.492018792,0.63581467,2.348993531,1.16633592,2.704480339,2.042210022,3.548317856,0.492018792,0.139973693,0.099258415,0.053167747,0.025207026,TRUE,2.358190742,TRUE,TRUE,FALSE,2.348993531
tess2023153011303-s0066-0000000383390264-0260-s_lc.fits,383390264,66,slow,2.335934731,0.653391449,0.60424209,2.335934731,1.173040412,2.729522137,2.041550407,1.788046168,0.653391449,0.191649248,0.055647993,0.052173955,0.033563812,TRUE,2.358190742,TRUE,TRUE,FALSE,2.335934731
tess2023153011303-s0066-0000000391903064-0260-a_fast-lc.fits,391903064,66,fast,3.357810659,0.957993791,6.24795079,3.357810659,2.82668815,4.134703636,2.305684913,6.17605741,0.957993791,0.15445066,0.123274362,0.048971552,0.036010385,TRUE,3.354253434,TRUE,TRUE,FALSE,3.357810659
tess2023153011303-s0066-0000000391903064-0260-s_lc.fits,391903064,66,slow,3.336585624,0.958419831,6.37777925,3.336585624,2.808253873,4.250491431,2.29019525,6.463452214,0.958419831,0.174078337,0.143197465,0.056569827,0.043802786,TRUE,3.354253434,TRUE,TRUE,FALSE,3.336585624
tess2023181235917-s0067-0000000201604954-0261-s_lc.fits,201604954,67,slow,0.630630102,0.532155455,1.98190808,0.630630102,0.315360871,0.210250765,0.766287397,0.383211354,0.532155455,0.10095014,0.060453793,0.023150038,0.011999891,TRUE,0.632136073,TRUE,TRUE,FALSE,0.630630102
tess2023181235917-s0067-0000000254113311-0261-s_lc.fits,254113311,67,slow,13.35276617,0.139301244,0.34414828,13.35276617,4.459588305,7.520521745,2.509587307,2.867875329,0.139301244,0.096715786,0.055915628,0.029275533,0.029136975,TRUE,13.35276617,TRUE,TRUE,FALSE,13.35276617
tess2023181235917-s0067-0000000260004324-0261-s_lc.fits,260004324,67,slow,11.77116071,0.063161749,0.30295491,11.77116071,7.278895877,5.26832757,3.116344661,4.128075319,0.063161749,0.028258783,0.023426132,0.007471855,0.005891893,TRUE,11.77116071,TRUE,TRUE,FALSE,11.77116071
tess2023181235917-s0067-0000000267263253-0261-s_lc.fits,267263253,67,slow,9.420141522,0.144422339,0.21031976,9.420141522,3.023179426,2.48152788,6.481351074,3.538015958,0.144422339,0.038284545,0.027897127,0.026561881,0.017786037,TRUE,9.420141522,TRUE,TRUE,FALSE,9.420141522
tess2023181235917-s0067-0000000299798795-0261-a_fast-lc.fits,299798795,67,fast,1.235161451,0.353882208,1.96176767,1.235161451,0.614621354,1.052660813,1.680846983,0.924146229,0.353882208,0.039888776,0.03809959,0.009418295,0.008851591,TRUE,1.235249701,TRUE,TRUE,FALSE,1.235161451
tess2023181235917-s0067-0000000299798795-0261-s_lc.fits,299798795,67,slow,1.234928883,0.679882242,1.44613385,1.234928883,0.614501801,1.49393716,1.052460681,1.704189401,0.679882242,0.072794501,0.048011382,0.044797681,0.011312276,TRUE,1.235249701,TRUE,TRUE,FALSE,1.234928883
tess2023181235917-s0067-0000000349576261-0261-s_lc.fits,349576261,67,slow,3.93569649,0.200084207,0.84584951,3.93569649,3.299622787,1.910305978,2.545421882,1.722296716,0.200084207,0.113674325,0.093344173,0.03002505,0.017506671,TRUE,3.866798949,TRUE,TRUE,FALSE,3.93569649
tess2023181235917-s0067-0000000354944123-0261-s_lc.fits,354944123,67,slow,7.638147254,0.112381242,0.53357363,7.638147254,13.46320108,5.331426449,2.676034882,2.414595121,0.112381242,0.060609181,0.036564454,0.007636072,0.006613024,TRUE,7.237486383,TRUE,TRUE,TRUE,13.46320108
tess2023181235917-s0067-0000000383390264-0261-a_fast-lc.fits,383390264,67,fast,2.31996389,0.567179733,0.62757015,2.31996389,2.671722449,2.050054089,1.161809995,1.757887548,0.567179733,0.120910402,0.10126877,0.077162179,0.03603676,TRUE,2.358190742,TRUE,TRUE,FALSE,2.31996389
tess2023181235917-s0067-0000000383390264-0261-s_lc.fits,383390264,67,slow,2.334711324,0.774765145,0.57284534,2.334711324,2.68836592,1.158772371,2.063286005,1.769419587,0.774765145,0.12642254,0.11488668,0.10488903,0.049101594,TRUE,2.358190742,TRUE,TRUE,FALSE,2.334711324
tess2023181235917-s0067-0000000391903064-0261-a_fast-lc.fits,391903064,67,fast,3.318688465,0.892194881,4.41109121,3.318688465,4.088753649,2.792715687,6.435260101,2.277143828,0.892194881,0.229705369,0.156912882,0.074378449,0.027581392,TRUE,3.354253434,TRUE,TRUE,FALSE,3.318688465
tess2023181235917-s0067-0000000391903064-0261-s_lc.fits,391903064,67,slow,3.339518525,0.952338336,4.64876175,3.339518525,4.113225293,2.8108007,6.148084232,13.48803623,0.952338336,0.212764794,0.124339748,0.07558939,0.039311133,TRUE,3.354253434,TRUE,TRUE,FALSE,3.339518525
tess2023181235917-s0067-0000000410214986-0261-a_fast-lc.fits,410214986,67,fast,2.996307592,0.556956505,2.17837572,2.996307592,3.610169751,2.615158824,1.78335964,1.984164107,0.556956505,0.216923398,0.214338527,0.158075657,0.071859986,TRUE,2.933234909,TRUE,TRUE,FALSE,2.996307592
tess2023181235917-s0067-0000000410214986-0261-s_lc.fits,410214986,67,slow,3.023775163,0.610005074,2.11961508,3.023775163,3.642059346,2.639674771,1.800885605,2.003446444,0.610005074,0.229131314,0.15155912,0.105722428,0.057956433,TRUE,2.933234909,TRUE,TRUE,FALSE,3.023775163
tess2023181235917-s0067-0000000464646604-0261-a_fast-lc.fits,464646604,67,fast,2.235864488,0.82785638,2.22969294,2.235864488,1.984107651,2.61508702,1.129886374,3.318685241,0.82785638,0.173893602,0.165874874,0.077207646,0.059275311,TRUE,2.228824253,TRUE,TRUE,FALSE,2.235864488
tess2023181235917-s0067-0000000464646604-0261-s_lc.fits,464646604,67,slow,2.240580607,0.875236992,2.31409907,2.240580607,2.573888237,1.983699872,1.142006383,3.26848578,0.875236992,0.179232721,0.169133506,0.07750702,0.061328733,TRUE,2.228824253,TRUE,TRUE,FALSE,2.240580607
tess2023209231226-s0068-0000000062483237-0262-s_lc.fits,62483237,68,slow,7.555682725,0.199746428,0.56474447,7.555682725,15.04434862,4.657630895,2.288076346,0.820088809,0.199746428,0.124865187,0.073249538,0.021031853,0.008560312,TRUE,7.047778179,TRUE,TRUE,TRUE,15.04434862
tess2023209231226-s0068-0000000201248411-0262-a_fast-lc.fits,201248411,68,fast,5.903225158,0.09693965,0.68448305,5.903225158,3.180830175,8.458236281,3.799213578,4.533710301,0.09693965,0.07953895,0.0557064,0.045149222,0.018759401,TRUE,6.068934604,TRUE,TRUE,FALSE,5.903225158
tess2023209231226-s0068-0000000201248411-0262-s_lc.fits,201248411,68,slow,5.90486782,0.205172282,0.56181848,5.90486782,4.535094475,8.460163226,13.23182128,3.681162111,0.205172282,0.183733973,0.119697018,0.104482635,0.095341728,TRUE,6.068934604,TRUE,TRUE,FALSE,5.90486782
tess2023209231226-s0068-0000000234994474-0262-s_lc.fits,234994474,68,slow,8.649412129,0.070902735,0.20063758,8.649412129,3.920857788,5.779420162,2.96678926,2.588823718,0.070902735,0.031767735,0.015437006,0.0111127,0.010535024,TRUE,8.08039128,TRUE,TRUE,FALSE,8.649412129
tess2023209231226-s0068-0000000299798795-0262-a_fast-lc.fits,299798795,68,fast,1.225407325,0.199076522,1.76537633,1.225407325,0.616196864,1.475985809,1.038694915,1.72497362,0.199076522,0.055117893,0.015586819,0.010109592,0.005008555,TRUE,1.235249701,TRUE,TRUE,FALSE,1.225407325
tess2023209231226-s0068-0000000299798795-0262-s_lc.fits,299798795,68,slow,1.225342223,0.491743048,1.17793977,1.225342223,0.616163065,1.047506212,1.475908441,1.700972517,0.491743048,0.13107113,0.027106936,0.023858775,0.00981782,TRUE,1.235249701,TRUE,TRUE,FALSE,1.225342223
tess2023209231226-s0068-0000000300812741-0262-s_lc.fits,300812741,68,slow,10.10895097,0.205814223,0.33364058,10.10895097,6.410331576,3.490919759,4.209901916,2.717431827,0.205814223,0.124035522,0.037812112,0.015934452,0.015851011,TRUE,10.81909508,TRUE,TRUE,FALSE,10.10895097
tess2023209231226-s0068-0000000349576261-0262-s_lc.fits,349576261,68,slow,3.693127434,0.212479273,0.79339862,3.693127434,3.048680857,1.87817988,2.104408704,2.392599994,0.212479273,0.078336352,0.063257659,0.044674272,0.040343803,TRUE,3.866798949,TRUE,TRUE,FALSE,3.693127434
tess2023209231226-s0068-0000000382602147-0262-s_lc.fits,382602147,68,slow,9.168340923,0.114626045,1.85083628,9.168340923,5.947354892,3.959939656,4.57092184,2.118933058,0.114626045,0.020537644,0.013260945,0.008045698,0.006384652,TRUE,9.168340923,TRUE,TRUE,FALSE,9.168340923
tess2023209231226-s0068-0000000391903064-0262-a_fast-lc.fits,391903064,68,fast,3.319948024,0.935092699,4.88199949,3.319948024,4.230453663,2.793809054,6.437246052,2.278062068,0.935092699,0.164800269,0.151115072,0.050900136,0.032575225,TRUE,3.354253434,TRUE,TRUE,FALSE,3.319948024
tess2023209231226-s0068-0000000391903064-0262-s_lc.fits,391903064,68,slow,3.318649382,0.935073127,4.89844501,3.318649382,4.228889161,2.792681761,6.435198474,2.277115336,0.935073127,0.14756152,0.137873209,0.06883639,0.034581388,TRUE,3.354253434,TRUE,TRUE,FALSE,3.318649382
tess2023209231226-s0068-0000000410214986-0262-a_fast-lc.fits,410214986,68,fast,2.858551744,0.632291346,3.94658506,2.858551744,2.459712266,4.715448234,1.415670397,7.631580362,0.632291346,0.179435399,0.128273336,0.074485103,0.064092763,TRUE,2.933234909,TRUE,TRUE,FALSE,2.858551744
tess2023209231226-s0068-0000000410214986-0262-s_lc.fits,410214986,68,slow,2.860297675,0.630107953,3.92931104,2.860297675,2.461249573,4.718016148,1.416607883,2.018684523,0.630107953,0.16928876,0.106158959,0.066079484,0.064164347,TRUE,2.933234909,TRUE,TRUE,FALSE,2.860297675
tess2023237165326-s0069-0000000076923707-0264-s_lc.fits,76923707,69,slow,10.00833252,0.070479623,0.36225617,10.00833252,4.143402849,6.007001646,3.247774203,2.26749916,0.070479623,0.015197821,0.015050287,0.009872038,0.009347582,TRUE,9.284035163,TRUE,TRUE,FALSE,10.00833252
tess2023237165326-s0069-0000000100100827-0264-s_lc.fits,100100827,69,slow,10.86301543,0.082899131,0.16944885,10.86301543,7.016458854,0.471891953,4.412420519,5.181653196,0.082899131,0.052730332,0.049266561,0.022622857,0.019553424,TRUE,10.86301543,TRUE,TRUE,FALSE,10.86301543
tess2023237165326-s0069-0000000166836920-0264-s_lc.fits,166836920,69,slow,10.93180007,0.053480559,0.16836643,10.93180007,5.472735501,4.301159082,2.801715333,2.231286535,0.053480559,0.051808131,0.026961829,0.01914438,0.004650003,TRUE,10.93180007,TRUE,TRUE,FALSE,10.93180007
tess2023237165326-s0069-0000000183532609-0264-a_fast-lc.fits,183532609,69,fast,8.009617454,0.203355681,0.50875783,8.009617454,4.807311609,3.642327476,2.671299768,2.311784905,0.203355681,0.110521663,0.027738995,0.023253578,0.017517503,TRUE,7.491309406,TRUE,TRUE,FALSE,8.009617454
tess2023237165326-s0069-0000000183532609-0264-s_lc.fits,183532609,69,slow,7.491309406,0.408040067,0.37213087,7.491309406,13.3250889,4.993049135,3.630849598,1.711381421,0.408040067,0.33099137,0.08528202,0.013131157,0.011559069,TRUE,7.491309406,TRUE,TRUE,TRUE,13.3250889
tess2023237165326-s0069-0000000201248411-0264-s_lc.fits,201248411,69,slow,5.706893993,0.237134003,0.53215921,5.706893993,4.279616905,9.990941626,3.423427855,3.072209247,0.237134003,0.177295621,0.161609718,0.09387797,0.090998489,TRUE,6.068934604,TRUE,TRUE,FALSE,5.706893993
tess2023237165326-s0069-0000000262530407-0264-s_lc.fits,262530407,69,slow,9.156967241,0.2446336,0.32099843,9.156967241,5.653838391,3.95266938,2.520283817,2.077441321,0.2446336,0.197615234,0.05106754,0.017444794,0.015428188,TRUE,9.25351321,TRUE,TRUE,FALSE,9.156967241
tess2023237165326-s0069-0000000300812741-0264-s_lc.fits,300812741,69,slow,10.88802139,0.387834335,0.37333012,10.88802139,6.64779914,4.271426467,3.146613981,2.213844558,0.387834335,0.125444347,0.042555224,0.012644187,0.009062669,TRUE,10.81909508,TRUE,TRUE,FALSE,10.88802139
tess2023237165326-s0069-0000000382602147-0264-s_lc.fits,382602147,69,slow,9.234774524,0.094053328,1.79775536,9.234774524,4.618246071,6.003384913,3.873483874,2.354614637,0.094053328,0.01509238,0.013586406,0.008805629,0.00300509,TRUE,9.168340923,TRUE,TRUE,FALSE,9.234774524
tess2023263165758-s0070-0000000037749396-0265-s_lc.fits,37749396,70,slow,12.09325908,0.099768636,0.14055252,12.09325908,7.14799289,4.202183925,3.387760946,2.542896767,0.099768636,0.03994754,0.030457041,0.017311961,0.01593886,TRUE,12.09325908,TRUE,TRUE,FALSE,12.09325908
tess2023263165758-s0070-0000000056399553-0265-s_lc.fits,56399553,70,slow,5.675531273,0.224348797,0.81838965,5.675531273,9.952429021,4.106794106,3.052233701,3.401627575,0.224348797,0.065076604,0.020027411,0.014819991,0.014554281,TRUE,5.506348772,TRUE,TRUE,FALSE,5.675531273
tess2023263165758-s0070-0000000056658270-0265-s_lc.fits,56658270,70,slow,9.954772117,0.524940605,6.29814506,9.954772117,6.27676558,3.402950754,4.108323692,2.164297329,0.524940605,0.424879591,0.033070289,0.024283355,0.015288604,TRUE,10.05939033,TRUE,TRUE,FALSE,9.954772117
tess2023263165758-s0070-0000000262715204-0265-s_lc.fits,262715204,70,slow,10.90260607,0.074136346,0.53413272,10.90260607,4.133641063,6.660855938,2.853941824,5.44935943,0.074136346,0.017574747,0.016168141,0.007674725,0.007272924,TRUE,10.90260607,TRUE,TRUE,FALSE,10.90260607
tess2023263165758-s0070-0000000293457754-0265-s_lc.fits,293457754,70,slow,6.719809183,0.095910928,1.17228866,6.719809183,10.96823214,4.84366811,3.366613728,2.205122833,0.095910928,0.037476762,0.015710159,0.011198827,0.007995136,TRUE,6.719809183,TRUE,TRUE,FALSE,6.719809183
tess2023263165758-s0070-0000000301235044-0265-a_fast-lc.fits,301235044,70,fast,7.084918264,0.318728392,0.79759598,7.084918264,4.1566962,5.021436978,3.546034264,2.192938935,0.318728392,0.054659563,0.054604217,0.028920967,0.017491419,TRUE,7.084523416,TRUE,TRUE,FALSE,7.084918264
tess2023263165758-s0070-0000000301235044-0265-s_lc.fits,301235044,70,slow,7.084523416,0.666805534,0.59099078,7.084523416,12.02697075,5.02111242,4.156412025,3.653120418,0.666805534,0.140076446,0.089046312,0.075677779,0.046740009,TRUE,7.084523416,TRUE,TRUE,FALSE,7.084523416
tess2023263165758-s0070-0000000301289516-0265-s_lc.fits,301289516,70,slow,12.05282761,0.085292811,0.1897341,12.05282761,4.322932466,7.109229074,3.273294112,2.524201603,0.085292811,0.034642275,0.017792281,0.015841509,0.01329697,TRUE,12.05282761,TRUE,TRUE,FALSE,12.05282761
tess2023263165758-s0070-0000000380887434-0265-s_lc.fits,380887434,70,slow,8.62202038,0.127489036,0.22576809,8.62202038,15.03860618,4.033131537,3.362103277,2.1626854,0.127489036,0.122634616,0.036293061,0.020597221,0.020323295,TRUE,8.62202038,TRUE,TRUE,TRUE,15.03860618
tess2023263165758-s0070-0000000422618449-0265-s_lc.fits,422618449,70,slow,12.04928392,0.108653175,0.21488428,12.04928392,4.480075187,7.105839259,5.756329484,2.522570197,0.108653175,0.036106089,0.027295069,0.015828971,0.008912842,TRUE,12.04928392,TRUE,TRUE,FALSE,12.04928392
tess2023263165758-s0070-0000000434226736-0265-a_fast-lc.fits,434226736,70,fast,1.874789403,0.120653376,4.27676916,1.874789403,2.142620018,1.689949076,2.499728886,1.481311472,0.120653376,0.016039897,0.015812753,0.01085676,0.010318895,TRUE,1.874740232,TRUE,TRUE,FALSE,1.874789403
tess2023263165758-s0070-0000000434226736-0265-s_lc.fits,434226736,70,slow,1.874740232,0.438882348,2.55454898,1.874740232,1.6899043,1.481271777,2.142564652,2.552850996,0.438882348,0.04531022,0.035622037,0.034632654,0.026324229,TRUE,1.874740232,TRUE,TRUE,FALSE,1.874740232
tess2023263165758-s0070-0000000435339847-0265-s_lc.fits,435339847,70,slow,9.227372199,0.28010771,0.667454,9.227372199,5.711496456,3.868834573,2.665087491,3.241386475,0.28010771,0.077565597,0.064520534,0.006603117,0.006355883,TRUE,9.227372199,TRUE,TRUE,FALSE,9.227372199
tess2023263165758-s0070-0000000436575927-0265-s_lc.fits,436575927,70,slow,6.342617524,0.057743494,0.65887034,6.342617524,10.93983197,4.306632921,3.44622385,2.193901364,0.057743494,0.026256438,0.012542036,0.005979809,0.005897801,TRUE,6.342617524,TRUE,TRUE,FALSE,6.342617524
tess2023263165758-s0070-0000000436873727-0265-a_fast-lc.fits,436873727,70,fast,1.025604761,0.119930127,0.15687168,1.025604761,0.2549689,0.50876135,0.34016967,1.184755314,0.119930127,0.054116041,0.014447456,0.013797624,0.010360134,TRUE,1.015885,TRUE,TRUE,FALSE,1.025604761
tess2023263165758-s0070-0000000436873727-0265-s_lc.fits,436873727,70,slow,1.019923875,0.274188928,0.10560155,1.019923875,0.254562314,0.340112169,0.510116659,1.189790897,0.274188928,0.116444378,0.031354957,0.027104074,0.020833022,TRUE,1.015885,TRUE,TRUE,FALSE,1.019923875
tess2023263165758-s0070-0000000456945304-0265-s_lc.fits,456945304,70,slow,6.628864161,0.470646045,0.87184548,6.628864161,11.95908048,3.309740213,4.110047399,2.126614991,0.470646045,0.231614247,0.152490885,0.070144606,0.023793831,TRUE,6.628864161,TRUE,TRUE,FALSE,6.628864161
tess2023289093419-s0071-0000000005882269-0266-a_fast-lc.fits,5882269,71,fast,4.407946671,0.08469778,2.45449066,4.407946671,5.955618759,8.51960161,3.604963953,3.129836361,0.08469778,0.052070716,0.02147856,0.019033943,0.008175317,TRUE,4.40958795,TRUE,TRUE,FALSE,4.407946671
tess2023289093419-s0071-0000000005882269-0266-s_lc.fits,5882269,71,slow,4.40958795,0.24507229,1.30963326,4.40958795,5.957616119,10.85892665,3.6063754,2.643383479,0.24507229,0.121405411,0.083691894,0.074779944,0.05723896,TRUE,4.40958795,TRUE,TRUE,FALSE,4.40958795
tess2023289093419-s0071-0000000007059054-0266-s_lc.fits,7059054,71,slow,9.941409929,0.223167803,1.36891603,9.941409929,6.265261141,3.30090994,1.050225117,2.828565277,0.223167803,0.121604303,0.008294131,0.007898696,0.00676691,TRUE,9.874450509,TRUE,TRUE,FALSE,9.941409929
tess2023289093419-s0071-0000000058542531-0266-s_lc.fits,58542531,71,slow,12.01688216,0.177985123,0.33429563,12.01688216,7.516499539,4.297573724,5.468513729,3.086094457,0.177985123,0.165454439,0.086120024,0.064909901,0.022831535,TRUE,11.12362386,TRUE,TRUE,FALSE,12.01688216
tess2023289093419-s0071-0000000084339983-0266-s_lc.fits,84339983,71,slow,7.062924868,0.114043739,0.7365334,7.062924868,12.00430918,5.220854364,3.532022121,4.288738353,0.114043739,0.069911519,0.054426272,0.036775996,0.019710325,TRUE,7.062924868,TRUE,TRUE,FALSE,7.062924868
tess2023289093419-s0071-0000000086396382-0266-a_fast-lc.fits,86396382,71,fast,1.089206036,0.057254888,1.24794006,1.089206036,0.544578494,0.272903365,0.364150399,0.218222287,0.057254888,0.054091236,0.03006428,0.029956267,0.014829018,TRUE,1.089206036,TRUE,TRUE,FALSE,1.089206036
tess2023289093419-s0071-0000000175193677-0266-a_fast-lc.fits,175193677,71,fast,8.036615497,0.346758261,0.17907619,8.036615497,3.773279996,2.809051792,15.02852969,5.745448509,0.346758261,0.222627674,0.071720279,0.043152592,0.039009344,TRUE,8.461007029,TRUE,TRUE,FALSE,8.036615497
tess2023289093419-s0071-0000000284326455-0266-s_lc.fits,284326455,71,slow,7.491995217,0.090930273,1.15699768,7.491995217,4.99359754,2.723252128,3.423721889,2.139591378,0.090930273,0.053112008,0.004667175,0.00459264,0.004437274,TRUE,7.491995217,TRUE,TRUE,FALSE,7.491995217
tess2023289093419-s0071-0000000434226736-0266-a_fast-lc.fits,434226736,71,fast,1.876567733,0.109937571,4.4709146,1.876567733,1.691568438,2.107001038,0.938324447,2.555246332,0.109937571,0.027958515,0.018690013,0.00817438,0.006036077,TRUE,1.874740232,TRUE,TRUE,FALSE,1.876567733
tess2023289093419-s0071-0000000434226736-0266-s_lc.fits,434226736,71,slow,1.874879687,0.4121523,2.44369626,1.874879687,2.105129786,1.690031288,2.608535036,0.944818149,0.4121523,0.055755911,0.052195313,0.032818322,0.021797351,TRUE,1.874740232,TRUE,TRUE,FALSE,1.874879687
tess2023289093419-s0071-0000000437011608-0266-s_lc.fits,437011608,71,slow,9.174843022,0.82818493,1.36402249,9.174843022,5.952828094,4.575540781,3.83594799,2.898815802,0.82818493,0.155495571,0.075292542,0.056276751,0.032716949,TRUE,9.174843022,TRUE,TRUE,FALSE,9.174843022
tess2023289093419-s0071-0000000437856897-0266-s_lc.fits,437856897,71,slow,5.011982883,0.110553549,0.16724467,5.011982883,7.514972623,2.228536996,1.851511263,1.191692007,0.110553549,0.094229286,0.016371567,0.015034846,0.010327116,TRUE,5.011982883,TRUE,TRUE,FALSE,5.011982883
tess2023289093419-s0071-0000000456945304-0266-s_lc.fits,456945304,71,slow,6.703325363,0.227785228,0.59584081,6.703325363,3.265687882,12.0395045,4.830112639,4.02642332,0.227785228,0.127787225,0.123662694,0.082144985,0.056975725,TRUE,6.628864161,TRUE,TRUE,FALSE,6.703325363
tess2023315124025-s0072-0000000007059054-0267-s_lc.fits,7059054,72,slow,9.874450509,0.40692942,1.42057776,9.874450509,6.207780921,3.920249087,2.936527585,2.301305645,0.40692942,0.148672494,0.030306753,0.007878482,0.006616164,TRUE,9.874450509,TRUE,TRUE,FALSE,9.874450509
tess2023315124025-s0072-0000000130181866-0267-s_lc.fits,130181866,72,slow,3.457494781,0.26204689,0.65118968,3.457494781,5.6130207,4.358816613,13.22201487,2.669051849,0.26204689,0.21311467,0.116949043,0.112282361,0.107609594,TRUE,3.20109574,TRUE,TRUE,FALSE,3.457494781
tess2023315124025-s0072-0000000175193677-0267-a_fast-lc.fits,175193677,72,fast,8.461007029,0.701436293,0.45599461,8.461007029,4.915797487,3.800960736,3.182348815,1.83697913,0.701436293,0.176609062,0.036509264,0.022066305,0.003685014,TRUE,8.461007029,TRUE,TRUE,FALSE,8.461007029
tess2023315124025-s0072-0000000175193677-0267-s_lc.fits,175193677,72,slow,8.451848793,0.405027655,0.34662783,8.451848793,4.908844142,3.676048218,2.732482693,1.863027178,0.405027655,0.323442533,0.100896466,0.033333848,0.019897907,TRUE,8.461007029,TRUE,TRUE,FALSE,8.451848793
tess2023315124025-s0072-0000000175262071-0267-s_lc.fits,175262071,72,slow,5.895813357,0.104291552,1.361202,5.895813357,3.176066365,4.358859247,9.106975364,2.669080776,0.104291552,0.047047221,0.028738658,0.012616597,0.012458516,TRUE,5.895813357,TRUE,TRUE,FALSE,5.895813357
tess2023315124025-s0072-0000000175265494-0267-s_lc.fits,175265494,72,slow,5.118884325,0.114368621,1.05566978,5.118884325,3.918385422,9.871493975,3.356170429,2.794773618,0.114368621,0.048430647,0.047495476,0.025342432,0.016555011,TRUE,5.118884325,TRUE,TRUE,FALSE,5.118884325
tess2023315124025-s0072-0000000293375721-0267-s_lc.fits,293375721,72,slow,7.879791489,0.065089116,1.72765136,7.879791489,5.355515222,3.674099691,14.90525666,1.347414348,0.065089116,0.044358747,0.007778719,0.003532867,0.002945017,TRUE,7.879791489,TRUE,TRUE,FALSE,7.879791489
tess2023315124025-s0072-0000000307733361-0267-a_fast-lc.fits,307733361,72,fast,4.525628302,0.233070115,1.01550698,4.525628302,3.456030341,7.381059921,2.730129294,13.2197197,0.233070115,0.142735623,0.092172526,0.085236124,0.03420062,TRUE,4.502565476,TRUE,TRUE,FALSE,4.525628302
tess2023315124025-s0072-0000000307733361-0267-s_lc.fits,307733361,72,slow,4.525385776,0.586697074,1.03134513,4.525385776,3.455832332,2.667707368,1.464965669,10.78237925,0.586697074,0.221581995,0.080389751,0.055992604,0.052608107,TRUE,4.502565476,TRUE,TRUE,FALSE,4.525385776
tess2023315124025-s0072-0000000323687123-0267-s_lc.fits,323687123,72,slow,4.377867184,0.120691808,1.36712313,4.377867184,6.367275725,3.335663591,2.570685571,2.091122091,0.120691808,0.04870464,0.011284158,0.010122268,0.006161545,TRUE,4.377867184,TRUE,TRUE,FALSE,4.377867184
tess2023315124025-s0072-0000000332022997-0267-s_lc.fits,332022997,72,slow,8.446359416,0.371487247,1.06710136,8.446359416,3.791729582,3.090456269,5.61044023,2.667573861,0.371487247,0.140381071,0.087810529,0.047825141,0.03147368,TRUE,9.251619838,TRUE,TRUE,FALSE,8.446359416
tess2023315124025-s0072-0000000366631954-0267-s_lc.fits,366631954,72,slow,11.87889669,0.06762024,0.55011392,11.87889669,4.526637896,7.382402619,5.355279719,3.56208331,0.06762024,0.029168446,0.019712484,0.015681534,0.007199333,TRUE,11.87889669,TRUE,TRUE,FALSE,11.87889669
tess2023315124025-s0072-0000000380619414-0267-s_lc.fits,380619414,72,slow,7.863056871,0.234208759,0.45486689,7.863056871,4.893469077,14.8919341,2.787782756,3.254607909,0.234208759,0.109608957,0.065588713,0.037016195,0.01810834,TRUE,7.863056871,TRUE,TRUE,FALSE,7.863056871
tess2023315124025-s0072-0000000437011608-0267-a_fast-lc.fits,437011608,72,fast,9.118523447,0.74292515,1.07913554,9.118523447,5.905497058,4.366800127,2.870804681,3.46419308,0.74292515,0.237756858,0.101945618,0.050105533,0.040276467,TRUE,9.174843022,TRUE,TRUE,FALSE,9.118523447
tess2023315124025-s0072-0000000437011608-0267-s_lc.fits,437011608,72,slow,9.199079332,0.791844111,1.21262074,9.199079332,4.422438544,5.973249586,2.910931434,3.510913921,0.791844111,0.160960036,0.15823591,0.056529428,0.019293188,TRUE,9.174843022,TRUE,TRUE,FALSE,9.199079332
tess2023315124025-s0072-0000000468989066-0267-s_lc.fits,468989066,72,slow,5.120918982,0.14669858,2.73763835,5.120918982,8.448382079,3.793003528,3.175432792,2.86450355,0.14669858,0.072595185,0.046860251,0.009449102,0.008150388,TRUE,5.120918982,TRUE,TRUE,FALSE,5.120918982
tess2023341045131-s0073-0000000008400842-0268-s_lc.fits,8400842,73,slow,7.579052823,0.07017908,0.23029685,7.579052823,11.46175941,5.661277495,4.518047552,2.755794361,0.07017908,0.066455369,0.066320471,0.064268083,0.039155315,TRUE,7.579052823,TRUE,TRUE,FALSE,7.579052823
tess2023341045131-s0073-0000000279947414-0268-s_lc.fits,279947414,73,slow,5.432424944,0.05259398,0.63039064,5.432424944,15.40885191,7.579335389,11.46205315,3.071172025,0.05259398,0.047578112,0.040752885,0.03974597,0.01258349,TRUE,5.432424944,TRUE,TRUE,FALSE,5.432424944
tess2023341045131-s0073-0000000299217986-0268-s_lc.fits,299217986,73,slow,8.544045858,0.070953018,8.54967892,8.544045858,5.432387025,11.46200626,2.873909324,1.388106723,0.070953018,0.058300843,0.052171362,0.01266746,0.009662931,TRUE,8.544045858,TRUE,TRUE,FALSE,8.544045858
tess2023341045131-s0073-0000000395393265-0268-s_lc.fits,395393265,73,slow,6.182996562,0.064721305,0.54224491,6.182996562,13.82231616,9.124803539,3.218410569,4.371122234,0.064721305,0.040038333,0.035679681,0.020234631,0.016168848,TRUE,6.182996562,TRUE,TRUE,TRUE,13.82231616
tess2024003055635-s0074-0000000026541144-0269-s_lc.fits,26541144,74,slow,11.43539697,0.067165999,3.91533911,11.43539697,5.888141539,3.742555812,1.52287219,2.687804646,0.067165999,0.026390474,0.007684543,0.003827948,0.003649178,TRUE,11.43539697,TRUE,TRUE,FALSE,11.43539697
tess2024003055635-s0074-0000000026584080-0269-s_lc.fits,26584080,74,slow,4.215160721,0.277016743,4.7754848,4.215160721,5.639444262,3.365243481,2.634765452,1.505698648,0.277016743,0.040004359,0.018978176,0.006994147,0.005519591,TRUE,4.215160721,TRUE,TRUE,FALSE,4.215160721
tess2024003055635-s0074-0000000027010191-0269-a_fast-lc.fits,27010191,74,fast,2.534897239,0.425924277,4.18772101,2.534897239,1.287943553,2.237555925,6.160109575,3.965066268,0.425924277,0.130785234,0.031522214,0.024726152,0.013645748,TRUE,2.608734588,TRUE,TRUE,FALSE,2.534897239
tess2024003055635-s0074-0000000027010191-0269-s_lc.fits,27010191,74,slow,2.534724555,0.561969923,3.84595633,2.534724555,1.287849551,2.237400901,3.850479139,3.282505335,0.561969923,0.157840022,0.025884421,0.020804895,0.010910153,TRUE,2.608734588,TRUE,TRUE,FALSE,2.534724555
tess2024003055635-s0074-0000000027639443-0269-s_lc.fits,27639443,74,slow,0.123095464,0.24442501,4.40791249,0.123095464,0.276621803,0.175526372,0.150923838,2.743012314,0.24442501,0.042719212,0.011884624,0.009067638,0.004055581,TRUE,0.123095464,TRUE,TRUE,FALSE,0.123095464
tess2024003055635-s0074-0000000027769688-0269-a_fast-lc.fits,27769688,74,fast,6.458026491,0.192009065,1.62540793,6.458026491,9.763428868,4.656401684,3.282712143,3.742779179,0.192009065,0.061875972,0.046330483,0.013865706,0.012298596,TRUE,6.457685368,TRUE,TRUE,FALSE,6.458026491
tess2024003055635-s0074-0000000027769688-0269-s_lc.fits,27769688,74,slow,6.457685368,0.510399847,1.00677848,6.457685368,15.38954524,2.743012091,3.452241791,1.944184338,0.510399847,0.025989876,0.017610525,0.017380806,0.012462148,TRUE,6.457685368,TRUE,TRUE,FALSE,6.457685368
tess2024003055635-s0074-0000000028357724-0269-s_lc.fits,28357724,74,slow,0.186562668,0.741967644,3.86384249,0.186562668,6.457676671,0.093195123,9.097787738,0.375393445,0.741967644,0.007867191,0.007500605,0.006260465,0.005471472,TRUE,0.186402136,TRUE,TRUE,FALSE,0.186562668
tess2024003055635-s0074-0000000048353358-0269-s_lc.fits,48353358,74,slow,2.237424095,0.121037855,1.03879631,2.237424095,6.159826786,8.517500405,4.499273961,2.583801188,0.121037855,0.03763243,0.027602587,0.016920135,0.012846865,TRUE,2.236404255,TRUE,TRUE,FALSE,2.237424095
tess2024003055635-s0074-0000000048506505-0269-s_lc.fits,48506505,74,slow,6.457739578,0.48871202,1.72365665,6.457739578,4.656167292,3.365265515,9.763100977,2.743041434,0.48871202,0.170464177,0.119332953,0.110757869,0.043414512,TRUE,6.457739578,TRUE,TRUE,FALSE,6.457739578
tess2024003055635-s0074-0000000051234631-0269-s_lc.fits,51234631,74,slow,11.43511125,0.100860802,0.33652246,11.43511125,6.457450322,2.742884866,3.543714943,2.355714926,0.100860802,0.07017194,0.041139309,0.034318938,0.019353416,TRUE,11.43511125,TRUE,TRUE,FALSE,11.43511125
tess2024003055635-s0074-0000000063213622-0269-s_lc.fits,63213622,74,slow,5.888146611,0.422389862,1.69157028,5.888146611,3.128679745,4.215165002,2.687807486,1.972922529,0.422389862,0.224910531,0.039769874,0.037888306,0.020093487,TRUE,6.232548992,TRUE,TRUE,FALSE,5.888146611
tess2024003055635-s0074-0000000120105003-0269-s_lc.fits,120105003,74,slow,6.159837207,0.435138376,2.53552258,6.159837207,8.51751236,4.499282485,3.128708631,2.743051753,0.435138376,0.13529167,0.058288379,0.043261657,0.040116838,TRUE,6.159837207,TRUE,TRUE,FALSE,6.159837207
tess2024003055635-s0074-0000000120105470-0269-a_fast-lc.fits,120105470,74,fast,2.534928236,0.346159005,3.89850855,2.534928236,2.988844637,1.326339579,2.20070652,1.862970309,0.346159005,0.107161081,0.072379614,0.069671065,0.02193029,TRUE,2.574052626,TRUE,TRUE,FALSE,2.534928236
tess2024003055635-s0074-0000000120105470-0269-s_lc.fits,120105470,74,slow,2.53475555,0.605309004,3.25834453,2.53475555,2.923214947,1.326242973,2.237428726,1.88919594,0.605309004,0.167081937,0.119442154,0.100965395,0.026737863,TRUE,2.574052626,TRUE,TRUE,FALSE,2.53475555
tess2024003055635-s0074-0000000120629799-0269-s_lc.fits,120629799,74,slow,11.4341791,0.091893682,1.30477428,11.4341791,7.148115626,3.451544608,5.409923003,3.056398691,0.091893682,0.086312034,0.024998146,0.019871823,0.011395142,TRUE,11.4341791,TRUE,TRUE,FALSE,11.4341791
tess2024003055635-s0074-0000000122442334-0269-s_lc.fits,122442334,74,slow,0.140299678,0.05000547,1.77289367,0.140299678,6.78592657,9.097840708,4.086175449,2.033008284,0.05000547,0.013759519,0.006625402,0.005070097,0.005045125,TRUE,0.140299678,TRUE,TRUE,FALSE,0.140299678
tess2024003055635-s0074-0000000122450696-0269-a_fast-lc.fits,122450696,74,fast,4.656435138,0.146513938,2.35998988,4.656435138,2.356008249,2.634954995,3.452491379,6.458067441,0.146513938,0.036501033,0.022273307,0.022253359,0.014692707,TRUE,4.692225669,TRUE,TRUE,FALSE,4.656435138
tess2024003055635-s0074-0000000122450696-0269-s_lc.fits,122450696,74,slow,4.656156457,0.453418969,1.47928476,4.656156457,3.543898992,2.398159604,6.159805693,9.097844045,0.453418969,0.075371631,0.063783392,0.061096342,0.023506328,TRUE,4.692225669,TRUE,TRUE,FALSE,4.656156457
tess2024003055635-s0074-0000000122507231-0269-s_lc.fits,122507231,74,slow,0.085497855,0.072583584,22.17004538,0.085497855,0.076705802,0.104502197,0.051698296,0.062783399,0.072583584,0.054989853,0.037507618,0.020124347,0.019175875,TRUE,0.085497855,TRUE,TRUE,FALSE,0.085497855
tess2024003055635-s0074-0000000122673489-0269-s_lc.fits,122673489,74,slow,13.79908805,0.067333918,12.35620677,13.79908805,6.785929495,3.640526135,1.540448664,3.203760794,0.067333918,0.061377117,0.018974335,0.01304857,0.008887394,TRUE,13.79908805,TRUE,TRUE,FALSE,13.79908805
tess2024003055635-s0074-0000000123416753-0269-s_lc.fits,123416753,74,slow,7.553783249,0.08679235,9.44474339,7.553783249,11.43546274,4.65618738,5.639498909,1.944215969,0.08679235,0.055245712,0.04150506,0.022395804,0.019748518,TRUE,7.553783249,TRUE,TRUE,FALSE,7.553783249
tess2024003055635-s0074-0000000123444694-0269-s_lc.fits,123444694,74,slow,9.763123943,0.058550076,0.85573792,9.763123943,5.639494747,2.743052311,2.315015509,2.002532384,0.058550076,0.053255389,0.02472771,0.01091669,0.010669487,TRUE,9.43041814,TRUE,TRUE,FALSE,9.763123943
tess2024003055635-s0074-0000000137099260-0269-s_lc.fits,137099260,74,slow,10.53328549,0.198504578,1.58096969,10.53328549,4.656154326,6.159803149,2.275544738,1.67578516,0.198504578,0.017999096,0.016880916,0.009075848,0.006577272,TRUE,10.53328549,TRUE,TRUE,FALSE,10.53328549
tess2024003055635-s0074-0000000137151294-0269-s_lc.fits,137151294,74,slow,6.785923452,0.078321082,23.77947569,6.785923452,2.800565872,4.215172267,11.43541364,1.944198373,0.078321082,0.033776773,0.032498877,0.024185683,0.01805344,TRUE,6.785923452,TRUE,TRUE,FALSE,6.785923452
tess2024003055635-s0074-0000000137317096-0269-s_lc.fits,137317096,74,slow,0.17415403,0.066472196,3.40461731,0.17415403,4.824388713,6.159798911,1.718931683,2.988623772,0.066472196,0.002693311,0.002267497,0.002151436,0.002035383,TRUE,0.17415403,TRUE,TRUE,FALSE,0.17415403
tess2024003055635-s0074-0000000137545963-0269-s_lc.fits,137545963,74,slow,0.159774417,0.075003452,9.77427959,0.159774417,6.159796672,12.50654422,4.82438679,4.086170755,0.075003452,0.005441084,0.004251076,0.003230478,0.002456904,TRUE,0.159931201,TRUE,TRUE,FALSE,0.159774417
tess2024003055635-s0074-0000000137817355-0269-s_lc.fits,137817355,74,slow,8.006699846,0.235478215,1.47091985,8.006699846,5.41091212,3.964830577,3.282515954,2.687809111,0.235478215,0.156860313,0.058443526,0.016230599,0.015144261,TRUE,7.851581131,TRUE,TRUE,FALSE,8.006699846
tess2024003055635-s0074-0000000137968594-0269-s_lc.fits,137968594,74,slow,0.172132917,0.125928961,8.98662925,0.172132917,6.457708028,11.43539986,9.097823302,4.824379226,0.125928961,0.030618539,0.01995373,0.019337723,0.018740668,TRUE,0.172050583,TRUE,TRUE,FALSE,0.172132917
tess2024003055635-s0074-0000000138364751-0269-s_lc.fits,138364751,74,slow,4.656140169,0.058328426,8.68376851,4.656140169,13.79906863,8.006691653,2.164851649,3.128677084,0.058328426,0.048428242,0.038111591,0.020066588,0.017866555,TRUE,4.656140169,TRUE,TRUE,FALSE,4.656140169
tess2024003055635-s0074-0000000138433618-0269-s_lc.fits,138433618,74,slow,6.159783684,0.086249706,2.1135509,6.159783684,9.763060019,2.743022035,3.964823235,3.203746957,0.086249706,0.040623912,0.014192299,0.009182503,0.005548108,TRUE,6.146974042,TRUE,TRUE,FALSE,6.159783684
tess2024003055635-s0074-0000000138969239-0269-s_lc.fits,138969239,74,slow,11.43538684,0.050693271,3.22940111,11.43538684,7.553710398,4.65613202,2.860552599,1.74134146,0.050693271,0.016535415,0.011960936,0.008854965,0.004442475,TRUE,11.43538684,TRUE,TRUE,FALSE,11.43538684
tess2024003055635-s0074-0000000139106013-0269-s_lc.fits,139106013,74,slow,12.50652243,0.145739713,15.82669377,12.50652243,7.149248848,3.74254975,4.824369771,2.988610619,0.145739713,0.073033447,0.03994318,0.035285506,0.009819434,TRUE,12.50652243,TRUE,TRUE,FALSE,12.50652243
tess2024003055635-s0074-0000000154872375-0269-a_fast-lc.fits,154872375,74,fast,5.005529698,0.578283591,1.06651902,5.005529698,7.149627132,8.517845817,3.742800277,2.923385435,0.578283591,0.148209153,0.127629548,0.125024867,0.040194854,TRUE,5.221258879,TRUE,TRUE,FALSE,5.005529698
tess2024003055635-s0074-0000000154872375-0269-s_lc.fits,154872375,74,slow,5.005236945,0.707408143,1.0380429,5.005236945,8.51746433,3.640518963,7.149268769,2.923190717,0.707408143,0.151891533,0.14955619,0.132545374,0.055935688,TRUE,5.221258879,TRUE,TRUE,FALSE,5.005236945
tess2024003055635-s0074-0000000158320130-0269-s_lc.fits,158320130,74,slow,3.36526421,0.612173098,7.81908393,3.36526421,4.215185358,2.860575661,13.79909912,6.457737539,0.612173098,0.141106347,0.086729088,0.082716718,0.05288402,TRUE,3.443656679,TRUE,TRUE,FALSE,3.36526421
tess2024003055635-s0074-0000000158551888-0269-s_lc.fits,158551888,74,slow,2.687578852,0.052129745,2.47121453,2.687578852,4.65579273,6.45728108,13.79865248,1.380976395,0.052129745,0.048707073,0.041689079,0.036330885,0.011454005,TRUE,2.687578852,TRUE,TRUE,TRUE,4.65579273
tess2024003055635-s0074-0000000158631520-0269-s_lc.fits,158631520,74,slow,1.088397037,0.058501197,5.01829445,1.088397037,0.550199445,0.955927978,1.300403139,1.764366351,0.058501197,0.025590793,0.002348926,0.00233148,0.001630554,TRUE,1.103019245,TRUE,TRUE,FALSE,1.088397037
tess2024003055635-s0074-0000000158660814-0269-s_lc.fits,158660814,74,slow,4.655972866,0.075483977,3.50502491,4.655972866,2.687696175,5.88794784,15.38939613,9.762828987,0.075483977,0.045533781,0.037942656,0.031226904,0.017181678,TRUE,4.655972866,TRUE,TRUE,FALSE,4.655972866
tess2024003055635-s0074-0000000158840828-0269-s_lc.fits,158840828,74,slow,6.457724024,0.066847313,4.23615277,6.457724024,2.355845018,3.057053698,3.850498415,1.972927913,0.066847313,0.051804521,0.029941772,0.019608699,0.018167243,TRUE,6.457724024,TRUE,TRUE,FALSE,6.457724024
tess2024003055635-s0074-0000000159050852-0269-s_lc.fits,159050852,74,slow,9.763080167,0.197455368,0.96120238,9.763080167,4.656152416,2.687813118,1.944198789,1.50570381,0.197455368,0.031173619,0.017899517,0.014319929,0.012563585,TRUE,9.763080167,TRUE,TRUE,FALSE,9.763080167
tess2024003055635-s0074-0000000159225367-0269-s_lc.fits,159225367,74,slow,6.785921221,0.052399849,3.03025246,6.785921221,3.057050223,3.64052064,2.355842229,4.824387706,0.052399849,0.026623042,0.019502691,0.011074612,0.008775804,TRUE,6.785921221,TRUE,TRUE,FALSE,6.785921221
tess2024003055635-s0074-0000000159418353-0269-a_fast-lc.fits,159418353,74,fast,9.098224423,0.154784848,0.67217469,9.098224423,6.160132641,4.499524169,2.487683544,3.128891554,0.154784848,0.14422721,0.048050882,0.035143035,0.029599623,TRUE,9.566208243,TRUE,TRUE,FALSE,9.098224423
tess2024003055635-s0074-0000000164721759-0269-s_lc.fits,164721759,74,slow,8.006737327,0.09314755,1.31866336,8.006737327,5.200203846,4.352603299,1.972937653,2.923209141,0.09314755,0.02835066,0.01416644,0.010804789,0.010686649,TRUE,8.006737327,TRUE,TRUE,FALSE,8.006737327
tess2024003055635-s0074-0000000169461816-0269-s_lc.fits,169461816,74,slow,0.090782543,0.066181503,0.56010783,0.090782543,4.824168187,1.275480536,15.3893591,2.68767189,0.066181503,0.00659813,0.006524518,0.005424147,0.004350499,TRUE,0.090782543,TRUE,TRUE,FALSE,0.090782543
tess2024003055635-s0074-0000000188768068-0269-a_fast-lc.fits,188768068,74,fast,9.098309894,0.120735023,0.08755326,9.098309894,3.452536858,5.888551637,2.800795407,2.237600927,0.120735023,0.035777537,0.02771484,0.01690555,0.014462706,TRUE,9.098309894,TRUE,TRUE,FALSE,9.098309894
tess2024003055635-s0074-0000000219852882-0269-s_lc.fits,219852882,74,slow,11.43522363,0.10065884,0.65256238,11.43522363,5.41076483,4.08604703,7.553553723,3.056951024,0.10065884,0.083435219,0.0399618,0.036312521,0.031047998,TRUE,10.90218623,TRUE,TRUE,FALSE,11.43522363
tess2024003055635-s0074-0000000229650439-0269-s_lc.fits,229650439,74,slow,6.159786479,0.334922963,1.19016171,6.159786479,10.53326599,4.499240988,2.237405306,2.63476621,0.334922963,0.176821998,0.171046615,0.163982585,0.114663974,TRUE,6.159786479,TRUE,TRUE,TRUE,10.53326599
tess2024003055635-s0074-0000000268403451-0269-s_lc.fits,268403451,74,slow,9.76304389,0.081573567,0.3000319,9.76304389,5.639429879,3.365233539,1.787976213,2.800548959,0.081573567,0.043713925,0.036098463,0.016461144,0.015100584,TRUE,9.76304389,TRUE,TRUE,FALSE,9.76304389
tess2024003055635-s0074-0000000270611401-0269-s_lc.fits,270611401,74,slow,10.52807336,0.250712828,5.14738917,10.52807336,6.453153558,4.652421137,3.362330373,2.235336654,0.250712828,0.146120156,0.092515973,0.043273594,0.03782848,TRUE,10.52807336,TRUE,TRUE,FALSE,10.52807336
tess2024003055635-s0074-0000000270701667-0269-s_lc.fits,270701667,74,slow,6.159781177,0.138083219,0.58714509,6.159781177,11.43539218,3.365240928,4.086158937,2.275534343,0.138083219,0.070242855,0.028220144,0.027196202,0.014289553,TRUE,6.141398061,TRUE,TRUE,TRUE,11.43539218
tess2024003055635-s0074-0000000270704515-0269-s_lc.fits,270704515,74,slow,9.763058632,0.12614039,28.30857515,9.763058632,5.200163851,6.159782501,2.687803092,3.850483128,0.12614039,0.084448956,0.080078003,0.066181613,0.026788237,TRUE,9.763058632,TRUE,TRUE,FALSE,9.763058632
tess2024003055635-s0074-0000000270956861-0269-s_lc.fits,270956861,74,slow,9.763051984,0.080681487,2.30812311,9.763051984,4.65613227,3.850478992,3.282505205,5.888133236,0.080681487,0.015869889,0.012273993,0.00977475,0.007892208,TRUE,9.94566751,TRUE,TRUE,FALSE,9.763051984
tess2024003055635-s0074-0000000271261159-0269-s_lc.fits,271261159,74,slow,4.656132193,0.081216054,0.99677444,4.656132193,6.457696615,2.860552717,3.365238013,10.5332546,0.081216054,0.019002178,0.016589001,0.015377199,0.014567191,TRUE,4.656132193,TRUE,TRUE,FALSE,4.656132193
tess2024003055635-s0074-0000000272269239-0269-a_fast-lc.fits,272269239,74,fast,0.165530029,0.30902244,11.40366912,0.165530029,0.082799731,7.149598245,4.656403993,2.315141745,0.30902244,0.01236178,0.009260751,0.006130353,0.005484842,TRUE,0.165622394,TRUE,TRUE,FALSE,0.165530029
tess2024003055635-s0074-0000000272601590-0269-s_lc.fits,272601590,74,slow,3.452240456,0.091032013,3.53426278,3.452240456,2.860545266,5.005209163,6.785885504,4.21514411,0.091032013,0.057922598,0.026121424,0.017484991,0.012835252,TRUE,3.452240456,TRUE,TRUE,FALSE,3.452240456
tess2024003055635-s0074-0000000273874849-0269-s_lc.fits,273874849,74,slow,2.032987945,0.06567545,4.25827146,2.032987945,1.021751758,0.510243165,0.685849334,0.340889859,0.06567545,0.057878301,0.022095921,0.014211707,0.010566705,TRUE,2.032987945,TRUE,TRUE,FALSE,2.032987945
tess2024003055635-s0074-0000000274198407-0269-s_lc.fits,274198407,74,slow,7.149225661,0.078266286,2.12128997,7.149225661,11.4353625,4.21513752,3.203729065,2.53471329,0.078266286,0.016228249,0.010996637,0.010569722,0.009814666,TRUE,7.149225661,TRUE,TRUE,FALSE,7.149225661
tess2024003055635-s0074-0000000279917005-0269-s_lc.fits,279917005,74,slow,1.440721462,0.080936403,3.1740284,1.440721462,3.543907739,0.72299765,1.275557959,4.499267166,0.080936403,0.010388787,0.006280124,0.004579937,0.004270739,TRUE,1.444859982,TRUE,TRUE,FALSE,1.440721462
tess2024003055635-s0074-0000000289164482-0269-s_lc.fits,289164482,74,slow,6.786001826,0.171873569,0.41162252,6.786001826,5.005306523,9.763166337,2.687853237,2.315032875,0.171873569,0.132269391,0.032491634,0.014701728,0.010949804,TRUE,7.221724348,TRUE,TRUE,FALSE,6.786001826
tess2024003055635-s0074-0000000299087490-0269-s_lc.fits,299087490,74,slow,10.53328187,0.134762673,2.15845823,10.53328187,5.41091816,3.640522255,2.314997184,1.062412567,0.134762673,0.05632711,0.018279074,0.015987136,0.007140634,TRUE,10.53328187,TRUE,TRUE,FALSE,10.53328187
tess2024003055635-s0074-0000000299158887-0269-a_fast-lc.fits,299158887,74,fast,5.200478306,0.188012888,1.27494693,5.200478306,2.634951019,1.973064489,1.788114064,1.088473373,0.188012888,0.030301395,0.009408646,0.007850315,0.002610242,TRUE,5.43247272,TRUE,TRUE,FALSE,5.200478306
tess2024003055635-s0074-0000000299158887-0269-s_lc.fits,299158887,74,slow,5.410916524,0.400796086,0.86963058,5.410916524,8.51746771,2.634772546,13.7990807,2.355842496,0.400796086,0.137861853,0.058238289,0.041113159,0.028222503,TRUE,5.43247272,TRUE,TRUE,FALSE,5.410916524
tess2024003055635-s0074-0000000350814607-0269-s_lc.fits,350814607,74,slow,11.43543049,0.087078207,2.32691407,11.43543049,5.005253835,2.860574448,2.534744024,1.741355629,0.087078207,0.00914696,0.004400215,0.003101205,0.003069496,TRUE,11.27635506,TRUE,TRUE,FALSE,11.43543049
tess2024003055635-s0074-0000000351766445-0269-s_lc.fits,351766445,74,slow,7.553794539,0.080962777,1.04160309,7.553794539,5.200227341,3.640559126,1.97294851,2.743060428,0.080962777,0.031744145,0.028266587,0.013212762,0.00934003,TRUE,7.960395682,TRUE,TRUE,FALSE,7.553794539
tess2024003055635-s0074-0000000355867695-0269-a_fast-lc.fits,355867695,74,fast,9.763568289,0.063185335,1.02849841,9.763568289,3.128943942,5.20055632,2.165046847,1.300517973,0.063185335,0.05003298,0.037089684,0.02857752,0.008247372,TRUE,9.763568289,TRUE,TRUE,FALSE,9.763568289
tess2024003055635-s0074-0000000356867115-0269-s_lc.fits,356867115,74,slow,6.159804206,0.533330675,0.74342847,6.159804206,10.53328672,4.656155211,1.718933634,3.452267544,0.533330675,0.165243594,0.081226627,0.006325861,0.005201829,TRUE,6.159804206,TRUE,TRUE,FALSE,6.159804206
tess2024003055635-s0074-0000000417659456-0269-s_lc.fits,417659456,74,slow,4.824383219,0.050357263,3.20096612,4.824383219,12.50653965,3.742560926,2.314993564,7.553728022,0.050357263,0.020751366,0.015898575,0.015309678,0.013402386,TRUE,4.824383219,TRUE,TRUE,FALSE,4.824383219
tess2024030031500-s0075-0000000026584080-0270-s_lc.fits,26584080,75,slow,4.206214252,0.240907608,5.30377626,4.206214252,6.316578943,3.383972218,1.925451554,2.311028065,0.240907608,0.040828251,0.020861099,0.017708727,0.013767231,TRUE,4.215160721,TRUE,TRUE,FALSE,4.206214252
tess2024030031500-s0075-0000000027010191-0270-a_fast-lc.fits,27010191,75,fast,2.6168064,0.602758367,5.09845018,2.6168064,2.236485392,3.082796365,1.295244881,1.848438234,0.602758367,0.074960544,0.039440659,0.024119125,0.020654033,TRUE,2.608734588,TRUE,TRUE,FALSE,2.6168064
tess2024030031500-s0075-0000000027010191-0270-s_lc.fits,27010191,75,slow,2.616692353,0.677923092,4.45569634,2.616692353,3.226298149,2.273093382,4.337966708,1.283183286,0.677923092,0.164209123,0.062859333,0.049614288,0.037372641,TRUE,2.608734588,TRUE,TRUE,FALSE,2.616692353
tess2024030031500-s0075-0000000027639443-0270-s_lc.fits,27639443,75,slow,0.123107038,0.068868534,3.79244328,0.123107038,0.192897912,0.27646113,3.651645019,7.317896196,0.068868534,0.038542487,0.011271091,0.005340133,0.004614532,TRUE,0.123095464,TRUE,TRUE,FALSE,0.123107038
tess2024030031500-s0075-0000000027645404-0270-s_lc.fits,27645404,75,slow,5.341950746,0.23717278,2.43992209,5.341950746,10.71518081,2.35024263,2.100688328,2.830625904,0.23717278,0.216165137,0.078284265,0.027154587,0.016039364,TRUE,5.265941912,TRUE,TRUE,TRUE,10.71518081
tess2024030031500-s0075-0000000027769688-0270-a_fast-lc.fits,27769688,75,fast,6.041233545,0.101724783,1.51903629,6.041233545,4.478407452,8.182924866,3.152972161,2.236479487,0.101724783,0.047765578,0.023310894,0.018053799,0.009838081,TRUE,6.457685368,TRUE,TRUE,FALSE,6.041233545
tess2024030031500-s0075-0000000027988327-0270-s_lc.fits,27988327,75,slow,0.489481652,0.059705055,1.0017705,0.489481652,13.95424147,0.55190451,6.618437608,0.4275266,0.059705055,0.004194942,0.003808031,0.003150057,0.003068054,TRUE,0.489481652,TRUE,TRUE,FALSE,0.489481652
tess2024030031500-s0075-0000000028229515-0270-s_lc.fits,28229515,75,slow,3.383958752,0.062038862,4.88061249,3.383958752,11.61376955,4.627882104,2.667077829,2.236378175,0.062038862,0.030439412,0.019435859,0.01189912,0.008656017,TRUE,3.439011369,TRUE,TRUE,FALSE,3.383958752
tess2024030031500-s0075-0000000028230919-0270-s_lc.fits,28230919,75,slow,10.7151709,0.21607116,0.16381145,10.7151709,3.557832703,6.316558465,4.206198512,3.082655751,0.21607116,0.020229658,0.015606913,0.014160278,0.007324725,TRUE,10.7151709,TRUE,TRUE,FALSE,10.7151709
tess2024030031500-s0075-0000000028357724-0270-s_lc.fits,28357724,75,slow,0.186406777,0.780054873,3.9876163,0.186406777,0.093198641,6.950612153,0.217771398,5.143535506,0.780054873,0.00770041,0.005399512,0.004142645,0.004033017,TRUE,0.186402136,TRUE,TRUE,FALSE,0.186406777
tess2024030031500-s0075-0000000048353358-0270-s_lc.fits,48353358,75,slow,2.236404255,0.134113501,1.00929737,2.236404255,9.279300673,4.787929667,2.568187904,1.385927674,0.134113501,0.035484086,0.018073212,0.007040923,0.004569421,TRUE,2.236404255,TRUE,TRUE,FALSE,2.236404255
tess2024030031500-s0075-0000000048353902-0270-s_lc.fits,48353902,75,slow,5.556323087,0.068970784,1.86500132,5.556323087,9.945707774,3.383996394,4.337999172,1.295195716,0.068970784,0.042064378,0.01311574,0.008800543,0.002737288,TRUE,5.84814077,TRUE,TRUE,TRUE,9.945707774
tess2024030031500-s0075-0000000048506505-0270-s_lc.fits,48506505,75,slow,6.041066964,0.194652035,1.08862817,6.041066964,4.206236526,3.082685593,2.311041772,9.945698308,0.194652035,0.107201416,0.059706785,0.053784195,0.032507586,TRUE,6.457739578,TRUE,TRUE,FALSE,6.041066964
tess2024030031500-s0075-0000000063206513-0270-s_lc.fits,63206513,75,slow,8.182713547,0.147146027,2.02154279,8.182713547,5.788543049,4.787908425,4.082234309,3.082674644,0.147146027,0.109999288,0.032024203,0.020156416,0.009732145,TRUE,9.082912346,TRUE,TRUE,FALSE,8.182713547
tess2024030031500-s0075-0000000063213622-0270-s_lc.fits,63213622,75,slow,5.788557646,0.626108017,1.79438472,5.788557646,4.337990531,8.696579833,2.311040443,3.226317125,0.626108017,0.105393507,0.064489268,0.058984061,0.037461374,TRUE,6.232548992,TRUE,TRUE,FALSE,5.788557646
tess2024030031500-s0075-0000000121865123-0270-s_lc.fits,121865123,75,slow,3.557879915,0.068256249,1.82287991,3.557879915,6.950687128,4.478286462,2.889725376,2.350271976,0.068256249,0.026371441,0.025609349,0.01480164,0.01065811,TRUE,3.631547451,TRUE,TRUE,FALSE,3.557879915
tess2024030031500-s0075-0000000122450696-0270-a_fast-lc.fits,122450696,75,fast,4.78812445,0.133228797,2.60154605,4.78812445,2.35037656,6.618729794,13.95451979,3.651845438,0.133228797,0.061548491,0.019140683,0.007156903,0.006243746,TRUE,4.692225669,TRUE,TRUE,FALSE,4.78812445
tess2024030031500-s0075-0000000122450696-0270-s_lc.fits,122450696,75,slow,4.787941835,0.227779512,1.5139997,4.787941835,2.390847366,6.950688392,3.651695757,3.082698567,0.227779512,0.151043716,0.057423438,0.038621027,0.02468789,TRUE,4.692225669,TRUE,TRUE,FALSE,4.787941835
tess2024030031500-s0075-0000000137545963-0270-s_lc.fits,137545963,75,slow,0.159931201,0.133791003,11.03870034,0.159931201,0.319890325,0.079915968,4.959399303,0.178022864,0.133791003,0.009251131,0.00177716,0.001294166,0.001020309,TRUE,0.159931201,TRUE,TRUE,FALSE,0.159931201
tess2024030031500-s0075-0000000137817355-0270-s_lc.fits,137817355,75,slow,8.182748658,0.237436413,1.45313084,8.182748658,3.750586419,5.78857292,13.95430021,4.62793389,0.237436413,0.051547943,0.034870548,0.019567114,0.015097457,TRUE,7.851581131,TRUE,TRUE,FALSE,8.182748658
tess2024030031500-s0075-0000000137968594-0270-s_lc.fits,137968594,75,slow,0.172050583,0.16099848,15.69896996,0.172050583,4.627921593,12.67693363,0.635485145,3.383989964,0.16099848,0.020360323,0.009562253,0.009384408,0.008453663,TRUE,0.172050583,TRUE,TRUE,FALSE,0.172050583
tess2024030031500-s0075-0000000142381532-0270-s_lc.fits,142381532,75,slow,6.316580797,0.077449991,0.32312572,6.316580797,9.279261324,3.965339823,3.2263019,4.959360597,0.077449991,0.055867692,0.036803152,0.026288537,0.023002986,TRUE,6.316580797,TRUE,TRUE,FALSE,6.316580797
tess2024030031500-s0075-0000000142387023-0270-a_fast-lc.fits,142387023,75,fast,9.945935594,0.122038453,0.41137695,9.945935594,6.041267068,3.303405421,2.830764199,2.273204441,0.122038453,0.062870809,0.047528155,0.043405909,0.027892668,TRUE,9.167134608,TRUE,TRUE,FALSE,9.945935594
tess2024030031500-s0075-0000000142387023-0270-s_lc.fits,142387023,75,slow,9.945684882,0.172492673,0.18310189,9.945684882,7.317939525,5.341977239,4.478260807,2.236395676,0.172492673,0.066321103,0.056085257,0.029104863,0.01261845,TRUE,9.167134608,TRUE,TRUE,FALSE,9.945684882
tess2024030031500-s0075-0000000142394656-0270-s_lc.fits,142394656,75,slow,10.71521169,0.533021384,0.69997609,10.71521169,5.78854697,3.468741763,2.667096898,3.01555204,0.533021384,0.274410576,0.118924101,0.060189117,0.030376939,TRUE,10.71521169,TRUE,TRUE,FALSE,10.71521169
tess2024030031500-s0075-0000000149918151-0270-s_lc.fits,149918151,75,slow,12.67682294,0.201078875,1.61022544,12.67682294,6.618378365,3.651608551,4.959293601,1.777167699,0.201078875,0.136135199,0.032913277,0.031611552,0.0161641,TRUE,12.67682294,TRUE,TRUE,FALSE,12.67682294
tess2024030031500-s0075-0000000158002130-0270-s_lc.fits,158002130,75,slow,8.696428617,0.084402411,0.32855272,8.696428617,5.556189427,4.206132174,2.61663833,2.133002427,0.084402411,0.064224504,0.04935568,0.018251299,0.013155649,TRUE,8.696428617,TRUE,TRUE,FALSE,8.696428617
tess2024030031500-s0075-0000000158213683-0270-s_lc.fits,158213683,75,slow,0.574820193,0.27808044,5.04941165,0.574820193,0.287365016,0.191566662,0.143671241,4.338003825,0.27808044,0.07245727,0.032293536,0.009505558,0.003375456,TRUE,0.573903269,TRUE,TRUE,FALSE,0.574820193
tess2024030031500-s0075-0000000158320130-0270-s_lc.fits,158320130,75,slow,3.383997341,0.682186158,8.67076278,3.383997341,2.830654291,1.690437366,13.95429669,4.787931837,0.682186158,0.061848007,0.051508668,0.033780224,0.027660613,TRUE,3.443656679,TRUE,TRUE,FALSE,3.383997341
tess2024030031500-s0075-0000000158322085-0270-s_lc.fits,158322085,75,slow,10.71522949,0.109243826,1.76003218,10.71522949,6.041068372,3.468752027,2.773950951,4.082249037,0.109243826,0.020359242,0.008092192,0.006527577,0.004129659,TRUE,10.71522949,TRUE,TRUE,FALSE,10.71522949
tess2024030031500-s0075-0000000158555987-0270-s_lc.fits,158555987,75,slow,1.259849452,0.051626704,0.85090041,1.259849452,0.653479266,1.9254688,4.959395961,8.182749345,0.051626704,0.015748363,0.009489895,0.007438069,0.005384009,TRUE,1.271426403,TRUE,TRUE,FALSE,1.259849452
tess2024030031500-s0075-0000000158631520-0270-s_lc.fits,158631520,75,slow,1.091108373,0.131151412,4.78067398,1.091108373,0.547548135,3.384001774,1.215615565,0.871409795,0.131151412,0.028000763,0.003642909,0.001573284,0.001499037,TRUE,1.103019245,TRUE,TRUE,FALSE,1.091108373
tess2024030031500-s0075-0000000159418353-0270-s_lc.fits,159418353,75,slow,9.94553385,0.364225908,0.37427664,9.94553385,5.556183504,3.854876702,4.478155821,2.773871567,0.364225908,0.305699827,0.079569495,0.062287916,0.035239011,TRUE,9.566208243,TRUE,TRUE,FALSE,9.94553385
tess2024030031500-s0075-0000000159440697-0270-s_lc.fits,159440697,75,slow,10.71522167,0.190608145,1.4331013,10.71522167,6.041061743,4.787919207,3.965355842,3.38398759,0.190608145,0.047204747,0.014710892,0.01255823,0.012249832,TRUE,9.748025404,TRUE,TRUE,FALSE,10.71522167
tess2024030031500-s0075-0000000160045097-0270-a_fast-lc.fits,160045097,75,fast,6.041129227,0.068881668,1.28611803,6.041129227,9.279365998,4.478321463,3.082724099,1.925488919,0.068881668,0.039745521,0.028825579,0.015213638,0.014006434,TRUE,5.862727288,TRUE,TRUE,FALSE,6.041129227
tess2024030031500-s0075-0000000160045097-0270-s_lc.fits,160045097,75,slow,5.788483558,0.304783808,0.68842769,5.788483558,9.945604998,3.854920984,3.01551256,2.616667337,0.304783808,0.268958684,0.026159808,0.020810718,0.009237112,TRUE,5.862727288,TRUE,TRUE,TRUE,9.945604998
tess2024030031500-s0075-0000000164886812-0270-s_lc.fits,164886812,75,slow,5.556343099,0.127822813,0.87427557,5.556343099,9.279326769,4.082270307,2.889730775,2.200873401,0.127822813,0.077726896,0.039609951,0.011195458,0.009026508,TRUE,5.340392645,TRUE,TRUE,FALSE,5.556343099
tess2024030031500-s0075-0000000169459324-0270-s_lc.fits,169459324,75,slow,3.650469771,0.066027121,118.4448436,3.650469771,11.61184931,5.142030414,2.829662912,2.008537524,0.066027121,0.05007398,0.042962053,0.017511693,0.015652464,TRUE,3.650469771,TRUE,TRUE,FALSE,3.650469771
tess2024030031500-s0075-0000000169560572-0270-s_lc.fits,169560572,75,slow,3.557852978,0.092585714,2.09326029,3.557852978,7.317931044,12.67691451,2.951284755,4.478254455,0.092585714,0.089705974,0.026333539,0.022073691,0.019339742,TRUE,3.535137197,TRUE,TRUE,TRUE,7.317931044
tess2024030031500-s0075-0000000202426247-0270-a_fast-lc.fits,202426247,75,fast,4.478445777,0.588588805,1.17707729,4.478445777,7.318186486,2.133158591,2.8898387,1.540118613,0.588588805,0.059976091,0.055870156,0.029225065,0.017224216,TRUE,4.484155081,TRUE,TRUE,FALSE,4.478445777
tess2024030031500-s0075-0000000202426247-0270-s_lc.fits,202426247,75,slow,4.478271498,0.618210985,1.19521976,4.478271498,6.950667602,2.133063037,2.390837716,2.667105305,0.618210985,0.200112204,0.048853712,0.026371535,0.021102574,TRUE,4.484155081,TRUE,TRUE,FALSE,4.478271498
tess2024030031500-s0075-0000000229747848-0270-s_lc.fits,229747848,75,slow,8.18262936,0.183185734,0.5209446,8.18262936,5.788471429,13.95419613,4.787845014,3.965291073,0.183185734,0.068686718,0.066717516,0.04618798,0.024782163,TRUE,7.832717499,TRUE,TRUE,FALSE,8.18262936
tess2024030031500-s0075-0000000232941965-0270-s_lc.fits,232941965,75,slow,9.279199332,0.070322114,0.46967268,9.279199332,6.316526936,3.651624968,2.47629871,3.152817462,0.070322114,0.040624797,0.02042783,0.008525446,0.005536907,TRUE,9.279199332,TRUE,TRUE,FALSE,9.279199332
tess2024030031500-s0075-0000000239332587-0270-s_lc.fits,239332587,75,slow,4.95929556,0.057633536,0.17616153,4.95929556,3.557796814,13.95418725,3.015499622,2.432786438,0.057633536,0.033995185,0.02444018,0.019904009,0.017949706,TRUE,4.95929556,TRUE,TRUE,FALSE,4.95929556
tess2024030031500-s0075-0000000270956861-0270-s_lc.fits,270956861,75,slow,9.94566751,0.142151167,2.1850884,9.94566751,5.788534984,2.521412132,3.152850873,2.20084786,0.142151167,0.015201632,0.01073649,0.010184122,0.005935463,TRUE,9.94566751,TRUE,TRUE,FALSE,9.94566751
tess2024030031500-s0075-0000000272269239-0270-a_fast-lc.fits,272269239,75,fast,0.165677467,0.266294241,8.41909051,0.165677467,0.082785487,8.18294757,11.6140408,3.226438496,0.266294241,0.01061146,0.00305968,0.003008433,0.00180975,TRUE,0.165622394,TRUE,TRUE,FALSE,0.165677467
tess2024030031500-s0075-0000000272269239-0270-s_lc.fits,272269239,75,slow,0.165669228,0.659443287,5.56038082,0.165669228,0.082830866,0.055197735,2.616696271,3.557848803,0.659443287,0.024723919,0.003640771,0.001238507,0.001158206,TRUE,0.165622394,TRUE,TRUE,FALSE,0.165669228
tess2024030031500-s0075-0000000272601375-0270-s_lc.fits,272601375,75,slow,4.959349333,0.060350194,2.22983837,4.959349333,3.468724414,6.950623666,2.100688619,2.719456369,0.060350194,0.018479028,0.004344043,0.002118781,0.001911568,TRUE,4.959349333,TRUE,TRUE,FALSE,4.959349333
tess2024030031500-s0075-0000000279917005-0270-s_lc.fits,279917005,75,slow,1.443718493,0.080786082,3.03326845,1.443718493,4.787925101,0.725354243,13.95428889,2.166431547,0.080786082,0.005003604,0.004387981,0.002036433,0.001630869,TRUE,1.444859982,TRUE,TRUE,FALSE,1.443718493
tess2024030031500-s0075-0000000293954617-0270-s_lc.fits,293954617,75,slow,9.945605412,0.448450359,0.29023647,9.945605412,6.040988626,3.854921241,3.226268611,1.980502792,0.448450359,0.251778185,0.013712766,0.011665432,0.009254134,TRUE,9.945605412,TRUE,TRUE,FALSE,9.945605412
tess2024030031500-s0075-0000000298663873-0270-a_fast-lc.fits,298663873,75,fast,4.788092973,0.133185968,0.4090333,4.788092973,3.468884326,2.830761813,9.279523722,2.432936431,0.133185968,0.084011425,0.04987539,0.030562083,0.017310788,TRUE,4.788092973,TRUE,TRUE,FALSE,4.788092973
tess2024030031500-s0075-0000000299158887-0270-s_lc.fits,299158887,75,slow,5.788541368,0.115722903,0.5356729,5.788541368,2.616699302,2.273099538,9.279269626,3.651667152,0.115722903,0.053568024,0.030242029,0.026209387,0.008581272,TRUE,5.43247272,TRUE,TRUE,FALSE,5.788541368
tess2024030031500-s0075-0000000310002617-0270-s_lc.fits,310002617,75,slow,5.788423787,0.121330034,0.63542604,5.788423787,4.082140104,9.945532341,3.383897749,2.476267349,0.121330034,0.059871696,0.017205424,0.013037232,0.012698793,TRUE,5.788423787,TRUE,TRUE,FALSE,5.788423787
tess2024030031500-s0075-0000000356867115-0270-s_lc.fits,356867115,75,slow,6.316515315,0.305993992,0.54780245,6.316515315,3.557803499,9.279185957,2.310997971,2.10066581,0.305993992,0.073500684,0.055284169,0.026029658,0.016276135,TRUE,6.159804206,TRUE,TRUE,FALSE,6.316515315
tess2024030031500-s0075-0000000377871791-0270-s_lc.fits,377871791,75,slow,3.082687107,0.102679849,7.84240723,3.082687107,3.750578855,2.667105743,2.166431935,1.575078783,0.102679849,0.010502438,0.009021875,0.003913589,0.001976318,TRUE,3.082687107,TRUE,TRUE,FALSE,3.082687107
tess2024030031500-s0075-0000000445859771-0270-s_lc.fits,445859771,75,slow,6.950702798,0.153984134,0.43721437,6.950702798,3.468774442,4.787953404,2.311058435,10.71526838,0.153984134,0.079048572,0.035161759,0.024947068,0.020168491,TRUE,6.950702798,TRUE,TRUE,FALSE,6.950702798
tess2024058030222-s0076-0000000027639443-0271-s_lc.fits,27639443,76,slow,0.123108529,0.227215032,5.37670255,0.123108529,0.192928023,0.276438198,0.150808202,0.172084713,0.227215032,0.045749122,0.042093959,0.013967907,0.005020333,TRUE,0.123095464,TRUE,TRUE,FALSE,0.123108529
tess2024058030222-s0076-0000000027769688-0271-a_fast-lc.fits,27769688,76,fast,6.219624289,0.094092039,1.54607594,6.219624289,8.585986756,4.261926163,3.584894206,12.57202024,0.094092039,0.025021791,0.020203822,0.017609151,0.00909161,TRUE,6.457685368,TRUE,TRUE,FALSE,6.219624289
tess2024058030222-s0076-0000000027769688-0271-s_lc.fits,27769688,76,slow,6.219294588,0.24474637,0.87766171,6.219294588,9.832651059,4.131618577,3.492206974,1.835328022,0.24474637,0.163228654,0.050740968,0.012191723,0.005963191,TRUE,6.457685368,TRUE,TRUE,FALSE,6.219294588
tess2024058030222-s0076-0000000028357724-0271-s_lc.fits,28357724,76,slow,0.186548652,0.760417421,4.17008519,0.186548652,0.376327925,0.093195327,8.585609038,5.466035645,0.760417421,0.013953865,0.007248356,0.004000453,0.001294238,TRUE,0.186402136,TRUE,TRUE,FALSE,0.186548652
tess2024058030222-s0076-0000000142387023-0271-a_fast-lc.fits,142387023,76,fast,9.167134608,0.186257361,0.44748604,9.167134608,5.696176803,3.682291495,4.400323449,3.165718739,0.186257361,0.073104111,0.015097059,0.014609997,0.014326252,TRUE,9.167134608,TRUE,TRUE,FALSE,9.167134608
tess2024058030222-s0076-0000000142387023-0271-s_lc.fits,142387023,76,slow,9.832488745,0.081212579,0.17586946,9.832488745,5.465907254,4.400059398,2.61519536,3.682060361,0.081212579,0.061584249,0.04116055,0.030913496,0.01086943,TRUE,9.167134608,TRUE,TRUE,FALSE,9.832488745
tess2024058030222-s0076-0000000142394656-0271-s_lc.fits,142394656,76,slow,10.60249525,0.29344339,0.60621381,10.60249525,5.465906765,4.261558836,3.024099091,2.61519508,0.29344339,0.263373424,0.134892373,0.076889557,0.053241188,TRUE,10.71521169,TRUE,TRUE,FALSE,10.60249525
tess2024058030222-s0076-0000000180695581-0271-a_fast-lc.fits,180695581,76,fast,8.585958344,0.708368293,1.7017293,8.585958344,5.254199746,2.895036216,4.261906717,15.43902224,0.708368293,0.438762325,0.105900609,0.101671714,0.09701185,TRUE,8.539648019,TRUE,TRUE,FALSE,8.585958344
tess2024058030222-s0076-0000000180695581-0271-s_lc.fits,180695581,76,slow,8.507388849,0.735328373,1.34683132,8.507388849,5.402784043,4.079473815,2.530176237,2.855515491,0.735328373,0.459988027,0.176401208,0.072921558,0.071860901,TRUE,8.539648019,TRUE,TRUE,FALSE,8.507388849
tess2024058030222-s0076-0000000198153540-0271-s_lc.fits,198153540,76,slow,17.42584237,0.080908595,0.37520289,4.875510313,3.024169197,4.009254249,12.57163634,2.123124247,0.079076114,0.064624075,0.062386735,0.050309672,0.041318082,TRUE,4.875510313,TRUE,TRUE,FALSE,4.875510313
tess2024058030222-s0076-0000000219852882-0271-s_lc.fits,219852882,76,slow,9.832540889,0.27302032,0.70548952,9.832540889,6.518640402,5.253838794,4.131546327,3.093218401,0.27302032,0.063320654,0.049306008,0.040139927,0.00856718,TRUE,10.90218623,TRUE,TRUE,FALSE,9.832540889
tess2024058030222-s0076-0000000229510866-0271-s_lc.fits,229510866,76,slow,6.518638525,0.055753137,0.32859862,6.518638525,4.2615928,2.894804459,3.492142214,2.427644461,0.055753137,0.036959112,0.018822593,0.017888188,0.011217492,TRUE,6.518638525,TRUE,TRUE,FALSE,6.518638525
tess2024058030222-s0076-0000000229747848-0271-a_fast-lc.fits,229747848,76,fast,8.585856953,0.136233124,1.03986859,8.585856953,5.696201174,3.16573468,4.400343981,2.157055611,0.136233124,0.026535686,0.021818903,0.013804781,0.009557371,TRUE,7.832717499,TRUE,TRUE,FALSE,8.585856953
tess2024058030222-s0076-0000000236887394-0271-s_lc.fits,236887394,76,slow,6.219181875,0.247380939,1.25940681,6.219181875,9.166783235,4.131532356,2.666720924,3.584590456,0.247380939,0.190204942,0.043429228,0.027414951,0.027067681,TRUE,6.219181875,TRUE,TRUE,FALSE,6.219181875
tess2024058030222-s0076-0000000237104103-0271-s_lc.fits,237104103,76,slow,4.875434439,0.056180718,0.50839484,4.875434439,3.40432288,8.07350964,2.343591426,1.786840947,0.056180718,0.043364504,0.033125895,0.03298736,0.030351471,TRUE,4.875434439,TRUE,TRUE,FALSE,4.875434439
tess2024058030222-s0076-0000000257060897-0271-a_fast-lc.fits,257060897,76,fast,13.85866755,0.134176086,1.67353034,13.85866755,4.875692669,7.619490765,3.785234558,2.427786612,0.134176086,0.07865936,0.062293879,0.039893406,0.006293352,TRUE,13.85866755,TRUE,TRUE,FALSE,13.85866755
tess2024058030222-s0076-0000000351190880-0271-s_lc.fits,351190880,76,slow,13.85607569,0.065631188,5.6662339,13.85607569,4.704029212,8.070915055,2.122062646,3.402800707,0.065631188,0.049650108,0.043607535,0.012126132,0.010279408,TRUE,13.85607569,TRUE,TRUE,FALSE,13.85607569
tess2024058030222-s0076-0000000356867115-0271-s_lc.fits,356867115,76,slow,6.219175138,0.260923663,0.46437621,6.219175138,8.585473184,4.009181832,4.705961179,3.404317195,0.260923663,0.083704783,0.081398044,0.030678227,0.029289556,TRUE,6.159804206,TRUE,TRUE,FALSE,6.219175138
tess2024058030222-s0076-0000000373693175-0271-s_lc.fits,373693175,76,slow,4.875436292,0.080276591,0.68455398,4.875436292,8.073512059,3.584593228,3.093209721,2.090306991,0.080276591,0.047241284,0.030753282,0.025458245,0.024668164,TRUE,4.875436292,TRUE,TRUE,FALSE,4.875436292
tess2024058030222-s0076-0000000395171208-0271-a_fast-lc.fits,395171208,76,fast,5.466252006,0.31155232,0.69190145,5.466252006,9.832922582,3.584827662,3.093418073,4.261850314,0.31155232,0.052706811,0.028210507,0.015044464,0.011999695,TRUE,5.367808881,TRUE,TRUE,FALSE,5.466252006
tess2024058030222-s0076-0000000395171208-0271-s_lc.fits,395171208,76,slow,5.253836561,0.621038062,0.58847785,5.253836561,4.131544438,7.213240017,10.60254496,2.565658416,0.621038062,0.021591518,0.018520301,0.01803522,0.013302121,TRUE,5.367808881,TRUE,TRUE,FALSE,5.253836561
tess2024085201119-s0077-0000000162689341-0272-s_lc.fits,162689341,77,slow,1.79851176,0.077426736,1.20413423,1.79851176,1.541625542,3.187778333,2.125436632,2.805364236,0.077426736,0.064902216,0.06308336,0.059105174,0.058743856,TRUE,1.79851176,TRUE,TRUE,FALSE,1.79851176
tess2024085201119-s0077-0000000202426247-0272-s_lc.fits,202426247,77,slow,4.674533435,0.685793091,0.97383618,4.674533435,3.790530167,7.378650593,11.67734699,6.096265619,0.685793091,0.460765722,0.276683603,0.264370324,0.255712691,TRUE,4.484155081,TRUE,TRUE,FALSE,4.674533435
tess2024085201119-s0077-0000000287080092-0272-s_lc.fits,287080092,77,slow,5.842460021,0.114426983,0.16612411,5.842460021,7.788274197,11.67739703,4.674570322,4.007069629,0.114426983,0.113910142,0.112008063,0.107063013,0.088812579,TRUE,5.842460021,TRUE,TRUE,FALSE,5.842460021
tess2024085201119-s0077-0000000356867115-0272-s_lc.fits,356867115,77,slow,6.096300524,0.117579699,0.3930366,6.096300524,4.523845734,3.33946488,10.78019325,2.226582968,0.117579699,0.076144787,0.068321457,0.054950225,0.012827958,TRUE,6.159804206,TRUE,TRUE,FALSE,6.096300524
tess2024114025118-s0078-0000000008348911-0273-s_lc.fits,8348911,78,slow,2.829518022,0.070405047,2.41957903,2.829518022,3.639627478,2.314382107,1.380719288,1.548955132,0.070405047,0.029952148,0.025242814,0.023868055,0.019384114,TRUE,2.829518022,TRUE,TRUE,FALSE,2.829518022
tess2024114025118-s0078-0000000039903405-0273-s_lc.fits,39903405,78,slow,5.465549758,0.163887548,0.13529778,5.465549758,2.775851444,3.838378654,9.48750809,0.897896838,0.163887548,0.063671024,0.019596765,0.018480506,0.01062232,TRUE,5.465549758,TRUE,TRUE,FALSE,5.465549758
tess2024114025118-s0078-0000000116483514-0273-s_lc.fits,116483514,78,slow,8.584926616,0.269836251,0.33264756,8.584926616,4.008824281,5.465482453,2.692981607,3.165228786,0.269836251,0.143743873,0.103499932,0.068284591,0.063009981,TRUE,8.584926616,TRUE,TRUE,FALSE,8.584926616
tess2024114025118-s0078-0000000198390247-0273-s_lc.fits,198390247,78,slow,3.54262381,0.067968219,0.30676126,3.54262381,13.65604096,2.841234768,6.471465904,4.460154268,0.067968219,0.049717927,0.046206823,0.032561652,0.031258973,TRUE,3.54262381,TRUE,TRUE,FALSE,3.54262381
tess2024114025118-s0078-0000000256722647-0273-s_lc.fits,256722647,78,slow,5.817918296,0.099385465,1.02474689,5.817918296,2.693041653,0.965118184,2.227721651,1.467191188,0.099385465,0.070484738,0.047358731,0.021250608,0.0168884,TRUE,5.817918296,TRUE,TRUE,FALSE,5.817918296
tess2024114025118-s0078-0000000258514800-0273-s_lc.fits,258514800,78,slow,8.541524216,0.072156182,0.34171522,8.541524216,3.81090943,3.035088537,5.119556134,2.452579435,0.072156182,0.04728795,0.044702464,0.04216588,0.036217726,TRUE,8.541524216,TRUE,TRUE,FALSE,8.541524216
tess2024114025118-s0078-0000000377293776-0273-s_lc.fits,377293776,78,slow,5.465627942,0.087149675,0.40697813,5.465627942,10.60214554,2.693066967,3.165326378,4.00894169,0.087149675,0.086366194,0.037628499,0.035664499,0.032068497,TRUE,5.465627942,TRUE,TRUE,TRUE,10.60214554
tess2024114025118-s0078-0000000388076422-0273-s_lc.fits,388076422,78,slow,20,0.247496918,9.3362987,10.56362392,5.786121938,4.373344875,3.382324522,2.757469148,0.23044998,0.0974335,0.0552128,0.052120898,0.029741309,TRUE,10.56362392,TRUE,TRUE,FALSE,10.56362392
tess2024142205832-s0079-0000000159418353-0274-s_lc.fits,159418353,79,slow,9.175405642,0.463190862,0.4429698,9.175405642,5.953301792,4.014755849,4.712218467,2.838422153,0.463190862,0.150406653,0.030303648,0.017423784,0.011994893,TRUE,9.566208243,TRUE,TRUE,FALSE,9.175405642
tess2024142205832-s0079-0000000219852882-0274-s_lc.fits,219852882,79,slow,10.61298439,0.240565172,0.61052918,10.61298439,4.407289748,6.857811835,3.590771062,5.474274437,0.240565172,0.056000477,0.036302303,0.023143513,0.01631806,TRUE,10.90218623,TRUE,TRUE,FALSE,10.61298439
tess2024142205832-s0079-0000000392476080-0274-a_fast-lc.fits,392476080,79,fast,0.336017641,0.090891762,0.61627448,0.336017641,0.672395095,0.168172069,0.224342143,0.112058411,0.090891762,0.07248434,0.032879966,0.017482663,0.013549763,TRUE,0.336017641,TRUE,TRUE,TRUE,0.672395095
tess2024142205832-s0079-0000000392476080-0274-s_lc.fits,392476080,79,slow,0.336837753,0.064493718,0.25573373,0.336837753,0.223962364,0.134491412,0.669051692,0.09603221,0.064493718,0.025388853,0.021841139,0.015818252,0.014361062,TRUE,0.336017641,TRUE,TRUE,FALSE,0.336837753
tess2024142205832-s0079-0000000445805961-0274-s_lc.fits,445805961,79,slow,10.61293948,0.21401093,0.18378258,10.61293948,1.94416996,3.498160292,2.432098341,4.883143743,0.21401093,0.009061627,0.008092152,0.007988361,0.007169174,TRUE,10.61293948,TRUE,TRUE,FALSE,10.61293948
tess2024170053053-s0080-0000000047976987-0275-s_lc.fits,47976987,80,slow,4.789140303,0.192654723,5.08821487,4.789140303,7.508411634,11.38810899,3.71328716,2.720263205,0.192654723,0.09281462,0.027952774,0.021413956,0.019874036,TRUE,4.789140303,TRUE,TRUE,FALSE,4.789140303
tess2024170053053-s0080-0000000048353358-0275-s_lc.fits,48353358,80,slow,2.218306128,0.098001142,0.95626116,2.218306128,2.612773981,9.049997403,1.955830776,6.118738531,0.098001142,0.039723019,0.039462549,0.038894246,0.013170172,TRUE,2.236404255,TRUE,TRUE,FALSE,2.218306128
tess2024170053053-s0080-0000000048353902-0275-s_lc.fits,48353902,80,slow,5.84814077,0.082885278,1.78560615,5.84814077,9.714859101,4.465688885,15.355248,3.934246999,0.082885278,0.051502312,0.02066867,0.020474828,0.006449307,TRUE,5.84814077,TRUE,TRUE,FALSE,5.84814077
tess2024170053053-s0080-0000000120571308-0275-s_lc.fits,120571308,80,slow,0.377162664,0.69806622,4.72453237,0.377162664,0.340282214,0.421660399,0.125628178,0.566057298,0.69806622,0.00743814,0.007262062,0.00377596,0.002466782,TRUE,0.377162664,TRUE,TRUE,FALSE,0.377162664
tess2024170053053-s0080-0000000120578688-0275-s_lc.fits,120578688,80,slow,10.48516654,0.062310532,1.55732393,10.48516654,6.415605405,4.621776005,2.964181543,1.872740372,0.062310532,0.037147309,0.03642702,0.005950222,0.004439966,TRUE,11.42061968,TRUE,TRUE,FALSE,10.48516654
tess2024170053053-s0080-0000000120762000-0275-s_lc.fits,120762000,80,slow,0.159589584,0.234375122,20.380283,0.159589584,0.18901598,0.086621772,0.139695929,2.295321749,0.234375122,0.00592463,0.002211679,0.002053283,0.001607118,TRUE,0.159589584,TRUE,TRUE,FALSE,0.159589584
tess2024170053053-s0080-0000000120763491-0275-s_lc.fits,120763491,80,slow,0.246431057,0.09003872,1.36961579,0.246431057,0.492300751,3.032150877,0.123285819,13.75773248,0.09003872,0.010786433,0.002327503,0.002220189,0.001457142,TRUE,0.246670042,TRUE,TRUE,FALSE,0.246431057
tess2024170053053-s0080-0000000120765800-0275-s_lc.fits,120765800,80,slow,7.960431393,0.057453857,5.78865051,7.960431393,13.75773188,4.621778345,2.720277185,1.955836702,0.057453857,0.024008476,0.012822135,0.01263423,0.009588763,TRUE,7.960431393,TRUE,TRUE,FALSE,7.960431393
tess2024170053053-s0080-0000000121734474-0275-s_lc.fits,121734474,80,slow,2.078828536,0.074581159,4.68518078,2.078828536,2.37787648,1.872747166,2.720285045,1.383073048,0.074581159,0.065299908,0.036365883,0.022830202,0.013707113,TRUE,2.078828536,TRUE,TRUE,FALSE,2.078828536
tess2024170053053-s0080-0000000122137575-0275-s_lc.fits,122137575,80,slow,6.415628331,0.052372086,9.72677469,6.415628331,4.054910628,3.032162362,15.35527572,3.424808242,0.052372086,0.030437876,0.012909785,0.010281967,0.010179814,TRUE,6.316802009,TRUE,TRUE,FALSE,6.415628331
tess2024170053053-s0080-0000000122442545-0275-s_lc.fits,122442545,80,slow,7.502303977,0.153353429,51.50947869,7.502303977,11.38172094,5.15813109,4.050667153,2.559236207,0.153353429,0.131556091,0.128687214,0.056917742,0.033440121,TRUE,7.502303977,TRUE,TRUE,FALSE,7.502303977
tess2024170053053-s0080-0000000130162252-0275-s_lc.fits,130162252,80,slow,1.087365603,0.066162034,2.69202709,1.087365603,0.542816491,0.361685556,0.271192185,0.216919211,0.066162034,0.03906508,0.032705568,0.015858315,0.006756348,TRUE,1.087365603,TRUE,TRUE,FALSE,1.087365603
tess2024170053053-s0080-0000000158167159-0275-s_lc.fits,158167159,80,slow,8.470324296,0.114048752,20.600667,8.470324296,5.60047349,3.934255403,2.777410368,1.927330013,0.114048752,0.103595614,0.015956068,0.011919861,0.005336836,TRUE,8.470324296,TRUE,TRUE,FALSE,8.470324296
tess2024170053053-s0080-0000000158215347-0275-s_lc.fits,158215347,80,slow,17.37253188,0.070246369,1.59633756,4.969125075,9.050013872,2.836997412,2.256160169,3.338336317,0.054885088,0.0374869,0.019705162,0.010905105,0.007822663,TRUE,4.969125075,TRUE,TRUE,TRUE,9.050013872
tess2024170053053-s0080-0000000158270511-0275-s_lc.fits,158270511,80,slow,4.789161836,0.079194299,13.18841457,4.789161836,7.105017724,12.46128681,1.217526112,1.036249931,0.079194299,0.041833245,0.038227588,0.029686725,0.022822798,TRUE,4.789161836,TRUE,TRUE,FALSE,4.789161836
tess2024170053053-s0080-0000000158270568-0275-s_lc.fits,158270568,80,slow,7.960431204,0.051376692,4.95046973,7.960431204,4.789161825,5.372923783,3.820589113,2.377869391,0.051376692,0.027126873,0.024772796,0.02150197,0.005605865,TRUE,7.960431204,TRUE,TRUE,FALSE,7.960431204
tess2024170053053-s0080-0000000158270841-0275-s_lc.fits,158270841,80,slow,4.621777738,0.051869635,1.43582821,4.621777738,7.508438728,1.509359009,1.228840005,3.71330463,0.051869635,0.044950227,0.027049965,0.02078006,0.02076054,TRUE,4.621777738,TRUE,TRUE,FALSE,4.621777738
tess2024170053053-s0080-0000000158316612-0275-s_lc.fits,158316612,80,slow,4.789164522,0.052088457,3.20268631,4.789164522,7.508442817,12.46129027,2.665447652,1.383069645,0.052088457,0.043241529,0.029031876,0.019689786,0.017813174,TRUE,4.789164522,TRUE,TRUE,FALSE,4.789164522
tess2024170053053-s0080-0000000158320130-0275-s_lc.fits,158320130,80,slow,3.338337507,0.308569226,5.24147928,3.338337507,1.726074944,4.319820001,1.955837397,2.665446941,0.308569226,0.254158627,0.116149113,0.081628573,0.063434618,TRUE,3.443656679,TRUE,TRUE,FALSE,3.338337507
tess2024170053053-s0080-0000000158324326-0275-s_lc.fits,158324326,80,slow,7.508442152,0.182728529,12.6303494,7.508442152,4.789164005,3.713306838,13.75773429,2.377870645,0.182728529,0.108906984,0.061965265,0.029283525,0.027467503,TRUE,7.508442152,TRUE,TRUE,FALSE,7.508442152
tess2024170053053-s0080-0000000158325998-0275-s_lc.fits,158325998,80,slow,9.05001709,0.078187016,6.12539172,9.05001709,3.032152104,2.112025185,1.703835464,5.848156437,0.078187016,0.033901906,0.028877352,0.019027586,0.016847146,TRUE,9.05001709,TRUE,TRUE,FALSE,9.05001709
tess2024170053053-s0080-0000000158389981-0275-s_lc.fits,158389981,80,slow,0.196311776,0.77847659,7.46106625,0.196311776,0.09820049,8.470331611,15.35526283,0.065444506,0.77847659,0.046272568,0.01042942,0.009726447,0.00717087,TRUE,0.196311776,TRUE,TRUE,FALSE,0.196311776
tess2024170053053-s0080-0000000158393923-0275-s_lc.fits,158393923,80,slow,8.470329766,0.057760121,3.15817595,8.470329766,5.163143867,2.899197641,1.985199465,2.218313951,0.057760121,0.02877115,0.017173408,0.007505507,0.005950157,TRUE,8.470329766,TRUE,TRUE,FALSE,8.470329766
tess2024170053053-s0080-0000000158394286-0275-s_lc.fits,158394286,80,slow,7.508442501,0.065050472,2.76180267,7.508442501,4.96912757,15.35526157,2.777413109,1.492326751,0.065050472,0.064541714,0.050920914,0.011751942,0.01016016,TRUE,7.508442501,TRUE,TRUE,FALSE,7.508442501
tess2024170053053-s0080-0000000158426969-0275-s_lc.fits,158426969,80,slow,4.621782644,0.071106836,12.24859357,4.621782644,7.508445202,12.46129266,1.927333011,2.665448827,0.071106836,0.045924574,0.034675071,0.03405446,0.022920747,TRUE,4.621782644,TRUE,TRUE,FALSE,4.621782644
tess2024170053053-s0080-0000000158432813-0275-s_lc.fits,158432813,80,slow,4.621782791,0.070538646,0.38286686,4.621782791,12.46129285,7.105023621,1.927333083,2.665448922,0.070538646,0.046820672,0.042270256,0.025278669,0.015980271,TRUE,4.621782791,TRUE,TRUE,FALSE,4.621782791
tess2024170053053-s0080-0000000158433884-0275-s_lc.fits,158433884,80,slow,4.621782752,0.061750477,7.54543304,4.621782752,7.508445345,1.927333064,2.7202801,1.492327589,0.061750477,0.054889113,0.039917905,0.039728289,0.020682792,TRUE,4.621782752,TRUE,TRUE,FALSE,4.621782752
tess2024170053053-s0080-0000000158486842-0275-s_lc.fits,158486842,80,slow,4.969129302,0.067875017,6.44147038,4.969129302,7.105022917,13.7577366,2.46657864,2.837000167,0.067875017,0.066938805,0.037790141,0.014039797,0.013213015,TRUE,4.969129302,TRUE,TRUE,FALSE,4.969129302
tess2024170053053-s0080-0000000158487005-0275-s_lc.fits,158487005,80,slow,4.789165861,0.068327374,13.83375764,4.789165861,7.105022786,13.75773647,2.837000097,3.820592538,0.068327374,0.02756265,0.02654662,0.019843527,0.018127049,TRUE,4.789165861,TRUE,TRUE,FALSE,4.789165861
tess2024170053053-s0080-0000000158631520-0275-s_lc.fits,158631520,80,slow,1.087377726,0.068559674,6.06565475,1.087377726,0.547316061,3.424800708,1.288720611,2.046651896,0.068559674,0.018141974,0.01100829,0.008659927,0.007433444,TRUE,1.103019245,TRUE,TRUE,FALSE,1.087377726
tess2024170053053-s0080-0000000158722002-0275-s_lc.fits,158722002,80,slow,7.105028566,0.054014501,4.00384068,7.105028566,4.621786627,12.46129793,1.927334963,1.397690112,0.054014501,0.052932976,0.050692285,0.016758211,0.014567561,TRUE,7.105028566,TRUE,TRUE,FALSE,7.105028566
tess2024170053053-s0080-0000000158837572-0275-s_lc.fits,158837572,80,slow,0.172722188,0.138578426,11.94299996,0.172722188,0.086452102,13.75774313,3.713313064,4.62178765,0.138578426,0.005307721,0.004088449,0.003169562,0.002680751,TRUE,0.17293391,TRUE,TRUE,FALSE,0.172722188
tess2024170053053-s0080-0000000159102744-0275-s_lc.fits,159102744,80,slow,0.188209672,0.520962106,17.73839533,0.188209672,0.375025209,3.515863207,9.050034301,6.118770155,0.520962106,0.021909191,0.003720349,0.002798016,0.002658532,TRUE,0.188209672,TRUE,TRUE,FALSE,0.188209672
tess2024170053053-s0080-0000000159376971-0275-a_fast-lc.fits,159376971,80,fast,11.3885057,0.069616411,2.26601064,11.3885057,5.373218472,3.103504418,7.508791032,3.8208209,0.069616411,0.043678987,0.035072612,0.032196168,0.023917314,TRUE,11.3885057,TRUE,TRUE,FALSE,11.3885057
tess2024170053053-s0080-0000000159379942-0275-s_lc.fits,159379942,80,slow,12.46130932,0.074458661,9.36566591,12.46130932,4.789179297,1.92733919,7.508461839,2.777422971,0.074458661,0.039162074,0.038362457,0.035290833,0.025992846,TRUE,12.46130932,TRUE,TRUE,FALSE,12.46130932
tess2024170053053-s0080-0000000159440697-0275-s_lc.fits,159440697,80,slow,10.48519385,0.276905201,1.94533229,10.48519385,6.118773253,4.621795466,2.777423116,2.218322254,0.276905201,0.182172273,0.072699504,0.02643816,0.014665137,TRUE,9.748025404,TRUE,TRUE,FALSE,10.48519385
tess2024170053053-s0080-0000000164646661-0275-s_lc.fits,164646661,80,slow,6.415595119,0.280939627,0.14657676,6.415595119,3.256127223,3.713296018,2.377863148,4.789150972,0.280939627,0.100199095,0.086772996,0.075398116,0.05860264,TRUE,6.415595119,TRUE,TRUE,FALSE,6.415595119
tess2024170053053-s0080-0000000164780824-0275-s_lc.fits,164780824,80,slow,0.266816735,0.091056671,7.20424056,0.266816735,4.789154393,9.714864553,3.713298857,2.421406288,0.091056671,0.00520338,0.005011681,0.004873641,0.004310584,TRUE,0.266813434,TRUE,TRUE,FALSE,0.266816735
tess2024170053053-s0080-0000000164886812-0275-s_lc.fits,164886812,80,slow,5.37291942,0.25714446,1.03132248,5.37291942,3.820585681,7.960425884,3.177882259,2.665443376,0.25714446,0.134164087,0.100311813,0.020696398,0.013523161,TRUE,5.340392645,TRUE,TRUE,FALSE,5.37291942
tess2024170053053-s0080-0000000188768068-0275-s_lc.fits,188768068,80,slow,9.71474532,0.097437497,0.04486322,9.71474532,6.118642606,4.46560989,3.611804884,2.836934329,0.097437497,0.029856196,0.018490461,0.010992083,0.008419811,TRUE,9.098309894,TRUE,TRUE,FALSE,9.71474532
tess2024170053053-s0080-0000000219852882-0275-s_lc.fits,219852882,80,slow,11.38391512,0.258739983,0.63560605,11.38391512,6.738888376,4.965909915,3.335942139,4.05211254,0.258739983,0.08656527,0.026417738,0.019919539,0.019361359,TRUE,10.90218623,TRUE,TRUE,FALSE,11.38391512
tess2024170053053-s0080-0000000259172249-0275-s_lc.fits,259172249,80,slow,4.465699929,0.066388007,6.69867396,4.465699929,3.338336448,7.960431455,1.526785964,2.256160264,0.066388007,0.028454495,0.019208635,0.017763202,0.01335527,TRUE,4.465699929,TRUE,TRUE,FALSE,4.465699929
tess2024170053053-s0080-0000000267570317-0275-s_lc.fits,267570317,80,slow,7.508427145,0.051280799,6.93017244,7.508427145,4.969115341,3.713297161,12.46127457,2.377863941,0.051280799,0.043018904,0.027750486,0.027431268,0.012577764,TRUE,7.508427145,TRUE,TRUE,FALSE,7.508427145
tess2024170053053-s0080-0000000267572272-0275-a_fast-lc.fits,267572272,80,fast,0.21764982,0.718016969,7.39920855,0.21764982,0.108879773,0.249234152,0.19317022,2.562308286,0.718016969,0.022074641,0.009538704,0.007219514,0.004226567,TRUE,0.217795917,TRUE,TRUE,FALSE,0.21764982
tess2024170053053-s0080-0000000267572272-0275-s_lc.fits,267572272,80,slow,0.217634747,0.875522483,6.81141257,0.217634747,0.108872191,0.249216919,0.193156826,10.48515619,0.875522483,0.026144267,0.012501254,0.008291601,0.006147049,TRUE,0.217795917,TRUE,TRUE,FALSE,0.217634747
tess2024170053053-s0080-0000000267746941-0275-s_lc.fits,267746941,80,slow,4.319830523,0.050442588,13.04414272,4.319830523,3.177894689,8.470343888,3.611892033,1.427875473,0.050442588,0.02304361,0.022912002,0.02241557,0.012498678,TRUE,4.319830523,TRUE,TRUE,FALSE,4.319830523
tess2024170053053-s0080-0000000267748934-0275-s_lc.fits,267748934,80,slow,4.789175881,0.10429615,11.43580079,4.789175881,6.742753837,3.515862428,9.714894027,15.35527293,0.10429615,0.041588559,0.033709349,0.024563971,0.011762712,TRUE,4.541394781,TRUE,TRUE,FALSE,4.789175881
tess2024170053053-s0080-0000000279917996-0275-s_lc.fits,279917996,80,slow,8.470319674,0.074664051,5.23735881,8.470319674,5.163135952,2.218309875,4.054891033,1.682158253,0.074664051,0.047839117,0.01622666,0.008411075,0.006682541,TRUE,8.470319674,TRUE,TRUE,FALSE,8.470319674
tess2024170053053-s0080-0000000290034635-0275-s_lc.fits,290034635,80,slow,12.46130723,0.131935449,11.81895375,12.46130723,4.18318123,5.163158052,6.742756035,1.509365264,0.131935449,0.059247899,0.054781179,0.044443264,0.021533168,TRUE,12.46130723,TRUE,TRUE,FALSE,12.46130723
tess2024170053053-s0080-0000000298892283-0275-s_lc.fits,298892283,80,slow,5.372930684,0.075568334,2.73681283,5.372930684,15.35526543,3.713310338,9.714883521,7.50844758,0.075568334,0.025031516,0.022162879,0.01752098,0.016791799,TRUE,5.372930684,TRUE,TRUE,FALSE,5.372930684
tess2024170053053-s0080-0000000299032517-0275-s_lc.fits,299032517,80,slow,4.789170097,0.064801013,15.66926241,4.789170097,7.508449995,13.75774147,1.509362362,1.228842776,0.064801013,0.051226358,0.021037437,0.016636089,0.016339232,TRUE,4.789170097,TRUE,TRUE,FALSE,4.789170097
tess2024170053053-s0080-0000000299033164-0275-s_lc.fits,299033164,80,slow,0.187941858,0.099068523,7.51227736,0.187941858,7.960442677,9.714886708,1.748906162,2.015459331,0.099068523,0.00698138,0.005323372,0.004648756,0.004361014,TRUE,0.187941858,TRUE,TRUE,FALSE,0.187941858
tess2024170053053-s0080-0000000299158887-0275-a_fast-lc.fits,299158887,80,fast,5.373209668,0.299427592,1.43525362,5.373209668,7.960779835,4.055130818,2.612946776,2.295469351,0.299427592,0.145719022,0.113573383,0.059369099,0.017943652,TRUE,5.43247272,TRUE,TRUE,FALSE,5.373209668
tess2024170053053-s0080-0000000299158887-0275-s_lc.fits,299158887,80,slow,5.372934526,0.567874422,1.07429743,5.372934526,8.470339953,4.054904459,2.612787729,2.256165632,0.567874422,0.281139531,0.184999981,0.093276107,0.040627594,TRUE,5.43247272,TRUE,TRUE,FALSE,5.372934526
tess2024170053053-s0080-0000000317520667-0275-s_lc.fits,317520667,80,slow,0.123513731,0.054909595,0.38648546,0.123513731,0.536208215,0.808225833,0.186348733,0.241918052,0.054909595,0.028871753,0.026024863,0.020330848,0.019432322,TRUE,0.123513731,TRUE,TRUE,FALSE,0.123513731
tess2024170053053-s0080-0000000350812580-0275-s_lc.fits,350812580,80,slow,7.5084336,0.084206222,3.58748674,7.5084336,4.789157363,3.820585327,1.49232413,1.228838743,0.084206222,0.053696915,0.019429425,0.018031507,0.016962308,TRUE,7.5084336,TRUE,TRUE,FALSE,7.5084336
tess2024170053053-s0080-0000000350814607-0275-s_lc.fits,350814607,80,slow,10.48516347,0.085489549,2.30117679,10.48516347,4.969120446,2.836994394,3.713301295,2.181711636,0.085489549,0.063557546,0.017846757,0.016099326,0.006294527,TRUE,11.27635506,TRUE,TRUE,FALSE,10.48516347
tess2024170053053-s0080-0000000351766445-0275-s_lc.fits,351766445,80,slow,7.960395682,0.097076225,0.98019838,7.960395682,5.163112995,15.35523274,1.985185052,3.338315687,0.097076225,0.063104003,0.008829789,0.005703778,0.00531658,TRUE,7.960395682,TRUE,TRUE,FALSE,7.960395682
tess2024170053053-s0080-0000000351803452-0275-s_lc.fits,351803452,80,slow,5.372903398,0.053080104,2.63602972,5.372903398,9.71484883,3.820573079,7.508415016,2.83698477,0.053080104,0.027799682,0.025015692,0.015774059,0.010369326,TRUE,5.372903398,TRUE,TRUE,TRUE,9.71484883
tess2024170053053-s0080-0000000351910733-0275-s_lc.fits,351910733,80,slow,5.163136904,0.059587106,3.07685554,5.163136904,7.960425595,2.899193134,2.466573651,3.820585495,0.059587106,0.050070423,0.015277021,0.013637341,0.013424231,TRUE,5.163136904,TRUE,TRUE,FALSE,5.163136904
tess2024170053053-s0080-0000000352011875-0275-s_lc.fits,352011875,80,slow,9.714870839,0.052468117,0.80167174,9.714870839,5.372920709,3.820586695,2.899194097,2.181712515,0.052468117,0.022214404,0.007212232,0.003948264,0.003145724,TRUE,9.714870839,TRUE,TRUE,FALSE,9.714870839
tess2024170053053-s0080-0000000356867115-0275-s_lc.fits,356867115,80,slow,6.118715329,0.179974594,0.45156896,6.118715329,10.48512582,4.319788791,3.177861753,2.665425652,0.179974594,0.139589471,0.126278541,0.041354872,0.013700221,TRUE,6.159804206,TRUE,TRUE,TRUE,10.48512582
tess2024170053053-s0080-0000000358516596-0275-a_fast-lc.fits,358516596,80,fast,0.196909014,0.281436262,1.05382681,0.196909014,1.620423379,0.540637192,0.46302806,0.098499409,0.281436262,0.008371131,0.006880207,0.006247108,0.005800151,TRUE,0.196913724,TRUE,TRUE,FALSE,0.196909014
tess2024170053053-s0080-0000000358516596-0275-s_lc.fits,358516596,80,slow,0.196895363,0.625260232,0.72968721,0.196895363,0.098492547,0.176879566,6.742717977,0.222392572,0.625260232,0.015283365,0.011184666,0.008663192,0.008145844,TRUE,0.196913724,TRUE,TRUE,FALSE,0.196895363
tess2024170053053-s0080-0000000399954349-0275-a_fast-lc.fits,399954349,80,fast,5.16341335,0.173733999,1.89689994,5.16341335,7.960771453,3.934481294,15.35551237,2.513614706,0.173733999,0.111813867,0.06234507,0.017435988,0.008000428,TRUE,5.283960408,TRUE,TRUE,FALSE,5.16341335
tess2024170053053-s0080-0000000399954349-0275-s_lc.fits,399954349,80,slow,5.163145159,0.430218928,1.12293959,5.163145159,3.820592156,7.508443962,13.75773594,2.777413853,0.430218928,0.271827173,0.084368953,0.031535612,0.02455791,TRUE,5.283960408,TRUE,TRUE,FALSE,5.163145159
tess2024170053053-s0080-0000000424435940-0275-s_lc.fits,424435940,80,slow,9.049945084,0.068828068,0.49754143,9.049945084,5.848096301,3.177848132,3.82054622,4.621728886,0.068828068,0.034315416,0.010855543,0.008389856,0.006405184,TRUE,9.049945084,TRUE,TRUE,FALSE,9.049945084
tess2024196212429-s0081-0000000026416803-0276-s_lc.fits,26416803,81,slow,9.748038651,0.100319642,13.64129484,9.748038651,13.78619767,5.627278518,2.308842909,3.120749927,0.100319642,0.082351246,0.081063456,0.057088667,0.038436375,TRUE,9.748038651,TRUE,TRUE,FALSE,9.748038651
tess2024196212429-s0081-0000000026541079-0276-s_lc.fits,26541079,81,slow,0.186530544,0.074714708,9.02992845,0.186530544,0.37429048,7.992265672,4.342344953,1.857747524,0.074714708,0.004281279,0.004035631,0.00212346,0.001571383,TRUE,0.186530544,TRUE,TRUE,FALSE,0.186530544
tess2024196212429-s0081-0000000026584080-0276-s_lc.fits,26584080,81,slow,4.205171911,0.13586292,4.03839946,4.205171911,5.627283525,3.35684043,2.528084312,7.539598413,0.13586292,0.02235425,0.020706279,0.011561897,0.006754565,TRUE,4.215160721,TRUE,TRUE,FALSE,4.205171911
tess2024196212429-s0081-0000000026657091-0276-s_lc.fits,26657091,81,slow,7.135463388,0.080415566,4.30444956,7.135463388,10.51828493,4.076402986,5.399054902,2.091223031,0.080415566,0.031898004,0.020679739,0.020076621,0.017459909,TRUE,7.135463388,TRUE,TRUE,FALSE,7.135463388
tess2024196212429-s0081-0000000027010191-0276-a_fast-lc.fits,27010191,81,fast,2.577184735,0.399869577,3.79055023,2.577184735,2.231580974,1.272049219,3.0494517,4.205407991,0.399869577,0.12669563,0.089720604,0.058563394,0.028281069,TRUE,2.608734588,TRUE,TRUE,FALSE,2.577184735
tess2024196212429-s0081-0000000027010191-0276-s_lc.fits,27010191,81,slow,2.577028583,0.647199867,3.27787995,2.577028583,1.271966373,3.049271942,2.269485997,4.205176997,0.647199867,0.134028538,0.124765715,0.105349719,0.058915235,TRUE,2.608734588,TRUE,TRUE,FALSE,2.577028583
tess2024196212429-s0081-0000000027084006-0276-s_lc.fits,27084006,81,slow,3.73342929,0.16054405,8.7993443,3.73342929,3.049274308,4.813393509,2.391819122,1.807307683,0.16054405,0.040689877,0.018725882,0.012468857,0.005396184,TRUE,3.73342929,TRUE,TRUE,FALSE,3.73342929
tess2024196212429-s0081-0000000027240575-0276-s_lc.fits,27240575,81,slow,4.64542387,0.064908834,17.87892222,4.64542387,11.42069236,2.680827545,3.049275934,7.135473059,0.064908834,0.039320338,0.0244954,0.024109492,0.022567699,TRUE,4.64542387,TRUE,TRUE,FALSE,4.64542387
tess2024196212429-s0081-0000000027639443-0276-s_lc.fits,27639443,81,slow,0.123183763,0.143801734,4.2155689,0.123183763,0.276378324,0.193022717,0.150816709,3.356853708,0.143801734,0.032063831,0.020848634,0.012033693,0.004141314,TRUE,0.123095464,TRUE,TRUE,FALSE,0.123183763
tess2024196212429-s0081-0000000027769688-0276-s_lc.fits,27769688,81,slow,6.772460061,0.220339807,0.73871732,6.772460061,4.645428201,13.78622135,3.443691609,2.735928041,0.220339807,0.163911201,0.098831113,0.022156174,0.012996671,TRUE,6.457685368,TRUE,TRUE,FALSE,6.772460061
tess2024196212429-s0081-0000000027848472-0276-s_lc.fits,27848472,81,slow,12.49233254,0.075299757,0.30354857,12.49233254,4.813297376,2.159010472,2.576971592,7.539486359,0.075299757,0.00972695,0.007996677,0.007115875,0.006266421,TRUE,11.70122812,TRUE,TRUE,FALSE,12.49233254
tess2024196212429-s0081-0000000040292751-0276-s_lc.fits,40292751,81,slow,10.51824233,0.057821946,0.42550147,10.51824233,4.342319353,2.269467678,6.146950324,1.322502223,0.057821946,0.038368797,0.035098587,0.023390184,0.021422813,TRUE,10.51824233,TRUE,TRUE,FALSE,10.51824233
tess2024196212429-s0081-0000000048353358-0276-s_lc.fits,48353358,81,slow,2.231318347,0.130420969,0.99311233,2.231318347,10.51797398,1.996990752,6.1467212,3.733235458,0.130420969,0.03448005,0.02075341,0.019419645,0.013621925,TRUE,2.236404255,TRUE,TRUE,FALSE,2.231318347
tess2024196212429-s0081-0000000048506505-0276-s_lc.fits,48506505,81,slow,6.444539404,0.477564558,1.5848875,6.444539404,3.274253078,10.51824312,4.645386459,2.735900399,0.477564558,0.20092473,0.086639745,0.056586027,0.02060895,TRUE,6.457739578,TRUE,TRUE,FALSE,6.444539404
tess2024196212429-s0081-0000000063006978-0276-s_lc.fits,63006978,81,slow,9.082900713,0.066090856,3.5071373,9.082900713,6.146967214,15.37887866,4.813371383,3.733410908,0.066090856,0.019981257,0.01150528,0.008061586,0.004713748,TRUE,9.082900713,TRUE,TRUE,FALSE,9.082900713
tess2024196212429-s0081-0000000063206513-0276-s_lc.fits,63206513,81,slow,9.082912346,0.168849357,1.64489686,9.082912346,4.205167725,3.120749869,2.159053988,2.735914932,0.168849357,0.103689889,0.006525711,0.003019964,0.002712785,TRUE,9.082912346,TRUE,TRUE,FALSE,9.082912346
tess2024196212429-s0081-0000000063213622-0276-s_lc.fits,63213622,81,slow,6.44455835,0.626201713,2.79276252,6.44455835,3.120745085,9.748029465,4.645401928,2.62789124,0.626201713,0.157752178,0.066499738,0.031157974,0.011196408,TRUE,6.232548992,TRUE,TRUE,FALSE,6.44455835
tess2024196212429-s0081-0000000063293562-0276-s_lc.fits,63293562,81,slow,7.992263466,0.082188464,2.52588987,7.992263466,4.645411107,2.793326508,2.39181291,3.195669216,0.082188464,0.035013149,0.021782428,0.018737768,0.004786864,TRUE,7.992263466,TRUE,TRUE,FALSE,7.992263466
tess2024196212429-s0081-0000000063452790-0276-s_lc.fits,63452790,81,slow,12.4924422,0.060486775,6.0022676,12.4924422,7.992263624,3.274272092,2.853197362,4.48876763,0.060486775,0.044292535,0.042425294,0.025644532,0.023523378,TRUE,12.4924422,TRUE,TRUE,FALSE,12.4924422
tess2024196212429-s0081-0000000120103486-0276-s_lc.fits,120103486,81,slow,7.992196491,0.20881267,1.12696409,7.992196491,4.645361328,13.78614104,3.356800036,2.915655986,0.20881267,0.083797053,0.03969818,0.021748298,0.013402357,TRUE,7.992196491,TRUE,TRUE,FALSE,7.992196491
tess2024196212429-s0081-0000000120105470-0276-a_fast-lc.fits,120105470,81,fast,2.628026669,0.20624389,3.24680924,2.628026669,1.296813888,2.308960327,4.205358731,5.875897091,0.20624389,0.098886946,0.010555223,0.007300359,0.005407287,TRUE,2.574052626,TRUE,TRUE,FALSE,2.628026669
tess2024196212429-s0081-0000000120105470-0276-s_lc.fits,120105470,81,slow,2.627867901,0.434396014,2.38132596,2.627867901,1.309485615,3.120718156,2.269456155,3.841108801,0.434396014,0.219863351,0.037126134,0.022050932,0.017965697,TRUE,2.574052626,TRUE,TRUE,FALSE,2.627867901
tess2024196212429-s0081-0000000120105569-0276-s_lc.fits,120105569,81,slow,7.992201896,0.056275835,1.43180072,7.992201896,5.188559191,3.535091752,1.591244021,2.091196247,0.056275835,0.048521383,0.012078281,0.002029647,0.001771726,TRUE,7.992201896,TRUE,TRUE,FALSE,7.992201896
tess2024196212429-s0081-0000000120571308-0276-s_lc.fits,120571308,81,slow,0.377469431,0.320748777,2.45183468,0.377469431,0.441286995,0.328152059,0.125741335,4.645363713,0.320748777,0.002746182,0.002636274,0.002034722,0.001815565,TRUE,0.377162664,TRUE,TRUE,FALSE,0.377469431
tess2024196212429-s0081-0000000120578688-0276-s_lc.fits,120578688,81,slow,11.42061968,0.082275746,1.33232057,11.42061968,6.444520426,4.488728331,2.853169748,2.058855657,0.082275746,0.050041372,0.029454189,0.010569732,0.008496173,TRUE,11.42061968,TRUE,TRUE,FALSE,11.42061968
tess2024196212429-s0081-0000000120762000-0276-s_lc.fits,120762000,81,slow,0.159678422,0.092217324,12.88135886,0.159678422,0.188910446,4.993908921,1.671149854,12.49238151,0.092217324,0.003358665,0.003088402,0.00166753,0.001544368,TRUE,0.159589584,TRUE,TRUE,FALSE,0.159678422
tess2024196212429-s0081-0000000120763491-0276-s_lc.fits,120763491,81,slow,0.246670042,0.179588806,1.38218999,0.246670042,0.493654902,4.813337762,6.444515855,0.123295707,0.179588806,0.027392777,0.006262445,0.005612843,0.005096424,TRUE,0.246670042,TRUE,TRUE,FALSE,0.246670042
tess2024196212429-s0081-0000000120961712-0276-s_lc.fits,120961712,81,slow,7.135404142,0.131483693,105.3954616,7.135404142,5.18856455,4.076361091,3.356807079,10.51822056,0.131483693,0.058720087,0.049396379,0.021043978,0.019384931,TRUE,7.135404142,TRUE,TRUE,FALSE,7.135404142
tess2024196212429-s0081-0000000121021644-0276-s_lc.fits,121021644,81,slow,9.739636751,0.259735172,18.59665394,9.739636751,5.182147143,3.116323804,2.055771584,2.477313136,0.259735172,0.086540125,0.034634833,0.023654373,0.017651037,TRUE,9.739636751,TRUE,TRUE,FALSE,9.739636751
tess2024196212429-s0081-0000000121462999-0276-s_lc.fits,121462999,81,slow,5.875629201,0.097618086,22.04232216,5.875629201,4.488740351,2.058862034,1.309491728,2.680801122,0.097618086,0.043836083,0.026958252,0.017297512,0.016979884,TRUE,5.875629201,TRUE,TRUE,FALSE,5.875629201
tess2024196212429-s0081-0000000121603761-0276-s_lc.fits,121603761,81,slow,8.502717002,0.059059388,4.00776982,8.502717002,3.841122586,3.195646779,15.37886,2.528064747,0.059059388,0.042258463,0.009403782,0.00860431,0.00483213,TRUE,8.502717002,TRUE,TRUE,FALSE,8.502717002
tess2024196212429-s0081-0000000121865123-0276-s_lc.fits,121865123,81,slow,3.631547451,0.195734823,1.89060688,3.631547451,4.488741163,5.399019264,7.13542189,3.049247122,0.195734823,0.041596256,0.02800452,0.021155646,0.016153439,TRUE,3.631547451,TRUE,TRUE,FALSE,3.631547451
tess2024196212429-s0081-0000000122450696-0276-a_fast-lc.fits,122450696,81,fast,4.994192074,0.138296191,2.74539113,4.994192074,6.772719247,3.443856568,10.51859003,3.955477263,0.138296191,0.053020452,0.020699616,0.014987954,0.012956054,TRUE,4.692225669,TRUE,TRUE,FALSE,4.994192074
tess2024196212429-s0081-0000000122450696-0276-s_lc.fits,122450696,81,slow,4.993931452,0.490795387,1.66723132,4.993931452,6.772407701,3.841127116,2.915673572,1.436688599,0.490795387,0.04872294,0.048188223,0.022216938,0.012473247,TRUE,4.692225669,TRUE,TRUE,FALSE,4.993931452
tess2024196212429-s0081-0000000122507231-0276-s_lc.fits,122507231,81,slow,0.085460212,0.051823301,17.66902626,0.085460212,0.076740063,0.104516144,0.062771901,0.051703065,0.051823301,0.046015934,0.02838045,0.016718888,0.011609408,TRUE,0.085497855,TRUE,TRUE,FALSE,0.085460212
tess2024196212429-s0081-0000000122784501-0276-s_lc.fits,122784501,81,slow,8.502723537,0.676869895,2.68467844,8.502723537,3.733399019,15.37886475,5.627253106,2.853180111,0.676869895,0.094350718,0.092141888,0.068126723,0.014940331,TRUE,8.502723537,TRUE,TRUE,FALSE,8.502723537
tess2024196212429-s0081-0000000137217372-0276-s_lc.fits,137217372,81,slow,9.08289068,0.053274842,7.97203541,9.08289068,2.349585815,3.631554711,5.188588794,1.536166543,0.053274842,0.018512286,0.01809366,0.015338134,0.013511815,TRUE,9.08289068,TRUE,TRUE,FALSE,9.08289068
tess2024196212429-s0081-0000000137413972-0276-s_lc.fits,137413972,81,slow,9.082895434,0.242713661,3.90338302,9.082895434,6.146962681,4.076384681,3.195658024,2.308835898,0.242713661,0.128509647,0.020001184,0.013242975,0.004357054,TRUE,9.082895434,TRUE,TRUE,FALSE,9.082895434
tess2024196212429-s0081-0000000137414304-0276-s_lc.fits,137414304,81,slow,8.502737428,0.053970374,3.21752548,8.502737428,5.399032636,3.631557535,1.53616789,1.997092693,0.053970374,0.025867747,0.015445615,0.011415805,0.009719647,TRUE,8.502737428,TRUE,TRUE,FALSE,8.502737428
tess2024196212429-s0081-0000000137557778-0276-s_lc.fits,137557778,81,slow,0.31645379,0.107066029,2.13784456,0.31645379,0.158350349,9.082900772,4.488756752,2.853189718,0.107066029,0.00498379,0.001386875,0.001373621,0.00103303,TRUE,0.31645802,TRUE,TRUE,FALSE,0.31645379
tess2024196212429-s0081-0000000137817355-0276-s_lc.fits,137817355,81,slow,8.50273632,0.299698528,1.65982664,8.50273632,3.841134852,3.195657391,5.627263682,1.997092285,0.299698528,0.076653345,0.023286975,0.020698939,0.010362689,TRUE,7.851581131,TRUE,TRUE,FALSE,8.50273632
tess2024196212429-s0081-0000000137899873-0276-s_lc.fits,137899873,81,slow,3.12074537,0.087106238,1.00324154,3.12074537,1.99709577,9.082903877,3.841140868,5.875651349,0.087106238,0.035369162,0.028775791,0.026464054,0.017202154,TRUE,3.010897414,TRUE,TRUE,FALSE,3.12074537
tess2024196212429-s0081-0000000137968594-0276-s_lc.fits,137968594,81,slow,0.172063914,0.09518242,15.19061625,0.172063914,3.733413415,7.53958535,5.399040121,1.997096106,0.09518242,0.033774967,0.024461669,0.015237726,0.008701922,TRUE,0.172050583,TRUE,TRUE,FALSE,0.172063914
tess2024196212429-s0081-0000000138105005-0276-a_fast-lc.fits,138105005,81,fast,9.748375516,0.108589242,3.06694508,9.748375516,4.205391691,5.39931193,2.793486758,3.274454592,0.108589242,0.040665708,0.013938369,0.009579901,0.006503808,TRUE,9.601176676,TRUE,TRUE,FALSE,9.748375516
tess2024196212429-s0081-0000000138105005-0276-s_lc.fits,138105005,81,slow,9.082901853,0.301178732,1.63301826,9.082901853,5.875649655,4.205160697,1.997095036,2.735909934,0.301178732,0.1028863,0.040933456,0.012881912,0.009648768,TRUE,9.601176676,TRUE,TRUE,FALSE,9.082901853
tess2024196212429-s0081-0000000138433618-0276-s_lc.fits,138433618,81,slow,6.146974042,0.202918962,2.17040896,6.146974042,10.51827011,4.645405757,3.841143864,3.274267894,0.202918962,0.066310431,0.051034337,0.024683262,0.021703773,TRUE,6.146974042,TRUE,TRUE,FALSE,6.146974042
tess2024196212429-s0081-0000000138477646-0276-s_lc.fits,138477646,81,slow,9.748031983,0.161470118,1.47992969,9.748031983,6.44456055,4.993949538,2.52807863,1.80729943,0.161470118,0.062281439,0.059515217,0.005539652,0.005194342,TRUE,9.848097605,TRUE,TRUE,FALSE,9.748031983
tess2024196212429-s0081-0000000158167159-0276-s_lc.fits,158167159,81,slow,8.502454158,0.06447746,19.04989243,8.502454158,4.076196565,5.62703024,3.120588228,1.736473857,0.06447746,0.009357129,0.008204036,0.002468817,0.002166828,TRUE,8.470324296,TRUE,TRUE,FALSE,8.502454158
tess2024196212429-s0081-0000000158213683-0276-s_lc.fits,158213683,81,slow,0.574634497,0.062500543,3.46898556,0.574634497,0.287104,0.191630793,0.143808795,0.510701924,0.062500543,0.016819011,0.006013511,0.003038324,0.0016531,TRUE,0.573903269,TRUE,TRUE,FALSE,0.574634497
tess2024196212429-s0081-0000000158320130-0276-s_lc.fits,158320130,81,slow,3.443656679,0.784331426,6.54866815,3.443656679,2.853179034,4.205145468,2.349580979,6.772405179,0.784331426,0.103376478,0.062863319,0.040050713,0.032844359,TRUE,3.443656679,TRUE,TRUE,FALSE,3.443656679
tess2024196212429-s0081-0000000158389981-0276-s_lc.fits,158389981,81,slow,0.196438213,0.129889568,2.24316597,0.196438213,0.098194174,0.065457244,4.488739831,12.49240476,0.129889568,0.011959563,0.003435815,0.002041271,0.001608486,TRUE,0.196311776,TRUE,TRUE,FALSE,0.196438213
tess2024196212429-s0081-0000000158625100-0276-s_lc.fits,158625100,81,slow,5.627260793,0.052444725,5.05701661,5.627260793,8.502732827,3.73340479,1.75951772,4.34232599,0.052444725,0.025205055,0.004038557,0.003221186,0.002926288,TRUE,5.627260793,TRUE,TRUE,FALSE,5.627260793
tess2024196212429-s0081-0000000158792743-0276-s_lc.fits,158792743,81,slow,0.539689756,0.0564476,4.0695858,0.539689756,0.269656774,5.188582082,3.535109089,2.853180466,0.0564476,0.008494633,0.002828044,0.002809402,0.002100515,TRUE,0.539795706,TRUE,TRUE,FALSE,0.539689756
tess2024196212429-s0081-0000000158989438-0276-s_lc.fits,158989438,81,slow,9.748017241,0.25481023,1.34533942,9.748017241,5.188589206,3.120738642,3.955262513,2.435563443,0.25481023,0.154384648,0.009801332,0.009453553,0.008172113,TRUE,9.748017241,TRUE,TRUE,FALSE,9.748017241
tess2024196212429-s0081-0000000159440697-0276-s_lc.fits,159440697,81,slow,9.748025404,0.28672672,1.58903658,9.748025404,6.4445548,4.076387219,4.993944605,3.535119239,0.28672672,0.147909422,0.039612439,0.027850885,0.008001323,TRUE,9.748025404,TRUE,TRUE,FALSE,9.748025404
tess2024196212429-s0081-0000000159580535-0276-s_lc.fits,159580535,81,slow,9.082902858,0.065461315,2.00169444,9.082902858,4.488758217,2.853190748,2.308838956,2.027513003,0.065461315,0.021461142,0.008678353,0.004104638,0.003624266,TRUE,9.082902858,TRUE,TRUE,FALSE,9.082902858
tess2024196212429-s0081-0000000159721015-0276-s_lc.fits,159721015,81,slow,1.20299227,0.770938956,42.04294086,1.20299227,1.042789201,1.349318093,0.577128956,1.692411978,0.770938956,0.037893742,0.03061628,0.013782916,0.010767083,TRUE,1.20299227,TRUE,TRUE,FALSE,1.20299227
tess2024196212429-s0081-0000000164654277-0276-s_lc.fits,164654277,81,slow,7.992214547,0.175191241,1.24899924,7.992214547,5.188569322,3.631539649,15.37885346,2.30882359,0.175191241,0.057938567,0.057159584,0.011350588,0.007568638,TRUE,7.469582394,TRUE,TRUE,FALSE,7.992214547
tess2024196212429-s0081-0000000164886812-0276-s_lc.fits,164886812,81,slow,5.399005672,0.26089238,0.95864415,5.399005672,9.082861474,4.20513365,3.120722845,2.480942689,0.26089238,0.101986839,0.059613229,0.046715297,0.013399989,TRUE,5.340392645,TRUE,TRUE,FALSE,5.399005672
tess2024196212429-s0081-0000000169560572-0276-s_lc.fits,169560572,81,slow,3.535137197,0.209567135,2.48877764,3.535137197,4.813392902,6.772451062,10.51829147,2.34960222,0.209567135,0.029427831,0.027816136,0.022251023,0.015309825,TRUE,3.535137197,TRUE,TRUE,FALSE,3.535137197
tess2024196212429-s0081-0000000170344769-0276-s_lc.fits,170344769,81,slow,9.748061078,0.119671661,3.08446288,9.748061078,5.399063893,1.112515206,2.680827949,0.93314765,0.119671661,0.082923468,0.010415218,0.00892534,0.007132435,TRUE,10.61807863,TRUE,TRUE,FALSE,9.748061078
tess2024196212429-s0081-0000000171510762-0276-s_lc.fits,171510762,81,slow,0.148627704,0.097784006,1.21304512,0.148627704,5.62730341,4.342361815,12.49246747,0.074299582,0.097784006,0.033124163,0.017597168,0.005627972,0.005244164,TRUE,0.148599621,TRUE,TRUE,FALSE,0.148627704
tess2024196212429-s0081-0000000171971913-0276-s_lc.fits,171971913,81,slow,8.50278464,0.062645588,1.09521627,8.50278464,4.342362025,3.535145047,15.37890917,5.188629559,0.062645588,0.0185388,0.008437713,0.007105379,0.005921098,TRUE,8.50278464,TRUE,TRUE,FALSE,8.50278464
tess2024196212429-s0081-0000000185062313-0276-s_lc.fits,185062313,81,slow,3.631596352,0.061189379,5.09169102,3.631596352,4.488798441,13.78623887,2.981005638,2.577043959,0.061189379,0.029609742,0.028663828,0.027648302,0.024145108,TRUE,3.631596352,TRUE,TRUE,FALSE,3.631596352
tess2024196212429-s0081-0000000219852882-0276-s_lc.fits,219852882,81,slow,10.5143333,0.149431303,0.61735749,10.5143333,5.872380011,3.047223103,3.731019162,1.758257062,0.149431303,0.135679622,0.021483328,0.013384505,0.008078807,TRUE,10.90218623,TRUE,TRUE,FALSE,10.5143333
tess2024196212429-s0081-0000000239225129-0276-s_lc.fits,239225129,81,slow,6.146988581,0.184321568,8.96487415,6.146988581,10.51828713,3.535134666,2.52808743,1.807305981,0.184321568,0.102914023,0.039030113,0.024616802,0.010787033,TRUE,6.146988581,TRUE,TRUE,TRUE,10.51828713
tess2024196212429-s0081-0000000248853232-0276-a_fast-lc.fits,248853232,81,fast,9.748365722,0.366413089,0.74196458,9.748365722,4.205385181,6.44485229,3.535317452,2.43571262,0.366413089,0.168278956,0.121275688,0.088452682,0.085757054,TRUE,9.747844375,TRUE,TRUE,FALSE,9.748365722
tess2024196212429-s0081-0000000248853232-0276-s_lc.fits,248853232,81,slow,9.747844375,0.387007927,0.25227666,9.747844375,6.14681176,3.356728365,4.813237936,3.955152742,0.387007927,0.27675315,0.071095728,0.060015705,0.044541551,TRUE,9.747844375,TRUE,TRUE,FALSE,9.747844375
tess2024196212429-s0081-0000000256364928-0276-a_fast-lc.fits,256364928,81,fast,11.42101277,0.537054068,1.33876741,11.42101277,7.135773247,5.399321004,4.342577904,3.357031728,0.537054068,0.232600912,0.043742649,0.024979141,0.008733269,TRUE,10.44385343,TRUE,TRUE,FALSE,11.42101277
tess2024196212429-s0081-0000000256364928-0276-s_lc.fits,256364928,81,slow,11.42067202,0.345693415,0.61574697,11.42067202,5.627279181,3.443676315,1.857745786,1.436697033,0.345693415,0.155507405,0.055843272,0.031396513,0.027562756,TRUE,10.44385343,TRUE,TRUE,FALSE,11.42067202
tess2024196212429-s0081-0000000258349285-0276-s_lc.fits,258349285,81,slow,8.502688736,0.057173284,2.48113394,8.502688736,5.627224314,3.84110464,2.980947238,1.759503245,0.057173284,0.015799403,0.01343354,0.002013292,0.001225863,TRUE,8.502688736,TRUE,TRUE,FALSE,8.502688736
tess2024196212429-s0081-0000000267673944-0276-s_lc.fits,267673944,81,slow,8.502756912,0.223710029,9.19701338,8.502756912,5.627280719,3.733419752,2.308844021,2.091219917,0.223710029,0.086573804,0.064987302,0.021906869,0.014674366,TRUE,8.502756912,TRUE,TRUE,FALSE,8.502756912
tess2024196212429-s0081-0000000267748934-0276-s_lc.fits,267748934,81,slow,4.645405241,0.088947335,7.58289099,4.645405241,7.135449084,3.535124308,2.231435787,2.52807957,0.088947335,0.023419875,0.02090958,0.01038125,0.00429343,TRUE,4.541394781,TRUE,TRUE,FALSE,4.645405241
tess2024196212429-s0081-0000000268379849-0276-s_lc.fits,268379849,81,slow,7.539628167,0.237654264,2.10804641,7.539628167,3.535148992,5.188634767,15.37891398,2.853214006,0.237654264,0.150076353,0.08036399,0.079820702,0.031424602,TRUE,7.539628167,TRUE,TRUE,FALSE,7.539628167
tess2024196212429-s0081-0000000269271535-0276-s_lc.fits,269271535,81,slow,7.992301115,0.111501809,1.45425379,7.992301115,3.356860943,5.627313221,13.78623443,4.205196298,0.111501809,0.069885297,0.045919164,0.013809354,0.012302435,TRUE,7.992301115,TRUE,TRUE,FALSE,7.992301115
tess2024196212429-s0081-0000000270699185-0276-s_lc.fits,270699185,81,slow,0.907693688,0.074299694,11.14849448,0.907693688,5.875664599,4.488770049,10.51828122,2.98098495,0.074299694,0.005411621,0.002891106,0.00285189,0.002800145,TRUE,0.907693688,TRUE,TRUE,FALSE,0.907693688
tess2024196212429-s0081-0000000270779644-0276-s_lc.fits,270779644,81,slow,6.444564696,0.088794113,0.66608787,6.444564696,3.195666207,3.631566619,2.480964198,1.671167909,0.088794113,0.022244518,0.022064579,0.004682372,0.003788493,TRUE,6.444564696,TRUE,TRUE,FALSE,6.444564696
tess2024196212429-s0081-0000000270956861-0276-s_lc.fits,270956861,81,slow,9.082923531,0.104348221,2.23444641,9.082923531,4.488772733,5.627287552,3.443682216,1.997102896,0.104348221,0.021525967,0.017700598,0.003316621,0.002286309,TRUE,9.94566751,TRUE,TRUE,FALSE,9.082923531
tess2024196212429-s0081-0000000271546798-0276-s_lc.fits,271546798,81,slow,6.444581467,0.165047972,1.9043386,6.444581467,10.51829114,4.813392664,3.841156957,3.274279446,0.165047972,0.050522713,0.039090149,0.01424101,0.009079199,TRUE,6.444581467,TRUE,TRUE,FALSE,6.444581467
tess2024196212429-s0081-0000000271774166-0276-s_lc.fits,271774166,81,slow,0.199981644,0.052821293,9.35511351,0.199981644,0.400170119,0.099964988,0.165641741,3.841157904,0.052821293,0.017613551,0.001503004,0.001137225,0.000838775,TRUE,0.199981644,TRUE,TRUE,FALSE,0.199981644
tess2024196212429-s0081-0000000272269239-0276-a_fast-lc.fits,272269239,81,fast,0.165653102,0.35791428,10.22887707,0.165653102,0.082808849,7.539935108,2.73608719,2.269627132,0.35791428,0.013525814,0.007711925,0.006375154,0.003558681,TRUE,0.165622394,TRUE,TRUE,FALSE,0.165653102
tess2024196212429-s0081-0000000272269239-0276-s_lc.fits,272269239,81,slow,0.165641676,0.744834128,7.34470129,0.165641676,0.082803113,0.055198138,0.331425239,2.91569729,0.744834128,0.02936059,0.004563396,0.002590691,0.001835756,TRUE,0.165622394,TRUE,TRUE,FALSE,0.165641676
tess2024196212429-s0081-0000000272489533-0276-s_lc.fits,272489533,81,slow,9.070502996,0.341642392,78.0826211,9.070502996,5.617161079,3.725823004,2.847077655,2.344409277,0.341642392,0.082431359,0.05957814,0.042995505,0.038924902,TRUE,9.070502996,TRUE,TRUE,FALSE,9.070502996
tess2024196212429-s0081-0000000272707494-0276-s_lc.fits,272707494,81,slow,9.748057388,0.088874784,13.90039563,9.748057388,6.444582759,4.813393745,2.980990751,4.076407993,0.088874784,0.05944439,0.014687947,0.009343386,0.00603197,TRUE,9.748057388,TRUE,TRUE,FALSE,9.748057388
tess2024196212429-s0081-0000000272716728-0276-s_lc.fits,272716728,81,slow,6.146995085,0.051127084,5.63155413,6.146995085,10.51829475,4.488779499,3.733430784,2.853205701,0.051127084,0.015493828,0.01361359,0.002870073,0.002171068,TRUE,5.754423564,TRUE,TRUE,FALSE,6.146995085
tess2024196212429-s0081-0000000272944301-0276-s_lc.fits,272944301,81,slow,0.709378075,0.068459879,8.44463348,0.709378075,0.193583749,3.733430578,3.049275404,10.51829441,0.068459879,0.010313731,0.001615252,0.001609769,0.001558907,TRUE,0.708429283,TRUE,TRUE,FALSE,0.709378075
tess2024196212429-s0081-0000000273131021-0276-s_lc.fits,273131021,81,slow,0.056824077,0.784458877,35.0669682,0.056824077,4.813401796,0.117321256,0.064631795,0.188112967,0.784458877,0.002874665,0.000987806,0.000967283,0.000832009,TRUE,0.056832196,TRUE,TRUE,FALSE,0.056824077
tess2024196212429-s0081-0000000273379660-0276-s_lc.fits,273379660,81,slow,0.592547426,0.091630054,14.04605806,0.592547426,0.296047033,4.076416404,13.78622483,0.520697078,0.091630054,0.007102299,0.006278588,0.004949878,0.00433017,TRUE,0.591691402,TRUE,TRUE,FALSE,0.592547426
tess2024196212429-s0081-0000000273690421-0276-s_lc.fits,273690421,81,slow,4.488785257,0.080856013,12.45068312,4.488785257,5.875682726,9.082941367,3.631585096,2.735928756,0.080856013,0.053267162,0.050796687,0.040517835,0.025782912,TRUE,4.488785257,TRUE,TRUE,FALSE,4.488785257
tess2024196212429-s0081-0000000279917005-0276-s_lc.fits,279917005,81,slow,1.452363225,0.109953119,2.85553813,1.452363225,0.724820957,2.915673231,1.80729127,1.085293506,0.109953119,0.004222668,0.00367285,0.003232498,0.003187723,TRUE,1.444859982,TRUE,TRUE,FALSE,1.452363225
tess2024196212429-s0081-0000000299158887-0276-a_fast-lc.fits,299158887,81,fast,5.399314532,0.340955545,1.42757952,5.399314532,7.539912375,2.73607576,4.076616771,2.391954718,0.340955545,0.144611609,0.081118359,0.048526482,0.043742844,TRUE,5.43247272,TRUE,TRUE,FALSE,5.399314532
tess2024196212429-s0081-0000000299158887-0276-s_lc.fits,299158887,81,slow,5.399040376,0.622317062,1.17380321,5.399040376,7.539585654,2.680814098,4.076391025,2.391808249,0.622317062,0.158030075,0.129606465,0.09543963,0.072545544,TRUE,5.43247272,TRUE,TRUE,FALSE,5.399040376
tess2024196212429-s0081-0000000305243225-0276-a_fast-lc.fits,305243225,81,fast,7.539952861,0.173189968,2.04011083,7.539952861,5.188900377,4.645682015,12.49279825,1.203081242,0.173189968,0.066632056,0.062020182,0.034667727,0.015708098,TRUE,7.135486032,TRUE,TRUE,FALSE,7.539952861
tess2024196212429-s0081-0000000305243225-0276-s_lc.fits,305243225,81,slow,7.135486032,0.203286076,1.07317686,7.135486032,4.993981295,13.78622826,2.85321295,1.203002599,0.203286076,0.164549103,0.068727428,0.020451477,0.016485105,TRUE,7.135486032,TRUE,TRUE,FALSE,7.135486032
tess2024196212429-s0081-0000000351803524-0276-s_lc.fits,351803524,81,slow,3.631529129,0.055126079,7.77843714,3.631529129,1.807280254,2.980948265,4.488719702,2.027492846,0.055126079,0.022267956,0.01404108,0.013680899,0.011070722,TRUE,3.631529129,TRUE,TRUE,FALSE,3.631529129
tess2024196212429-s0081-0000000352007758-0276-s_lc.fits,352007758,81,slow,7.992214631,0.152822964,1.51075482,7.992214631,5.399008986,3.535099476,1.650434478,2.528060725,0.152822964,0.076749008,0.034400463,0.008639905,0.004502018,TRUE,7.992214631,TRUE,TRUE,FALSE,7.992214631
tess2024196212429-s0081-0000000358516596-0276-a_fast-lc.fits,358516596,81,fast,0.197029979,0.262769003,1.09405398,0.197029979,0.405057082,0.647315836,0.541913934,0.813440069,0.262769003,0.01225876,0.009430573,0.008443838,0.008293879,TRUE,0.196913724,TRUE,TRUE,FALSE,0.197029979
tess2024196212429-s0081-0000000358516596-0276-s_lc.fits,358516596,81,slow,0.19701641,0.626053192,0.75258136,0.19701641,0.098483117,0.926626748,0.434086976,0.282229718,0.626053192,0.01184016,0.006102264,0.00582756,0.005565114,TRUE,0.196913724,TRUE,TRUE,FALSE,0.19701641
tess2024196212429-s0081-0000000391958006-0276-a_fast-lc.fits,391958006,81,fast,4.645577711,0.281691823,3.27719331,4.645577711,6.444773639,3.631708794,2.628003746,2.231531659,0.281691823,0.114148254,0.095859483,0.069076653,0.043688984,TRUE,4.436971079,TRUE,TRUE,FALSE,4.645577711
tess2024196212429-s0081-0000000391958006-0276-s_lc.fits,391958006,81,slow,4.64532965,0.55317178,2.70412564,4.64532965,3.631502067,6.146883184,2.62784498,3.120691709,0.55317178,0.174778488,0.166479626,0.042499744,0.038874828,TRUE,4.436971079,TRUE,TRUE,FALSE,4.64532965
tess2024196212429-s0081-0000000392353449-0276-s_lc.fits,392353449,81,slow,0.620134819,0.138984946,2.27776229,0.620134819,0.309818995,0.206490852,0.154847469,1.671134566,0.138984946,0.048721154,0.017894646,0.007572896,0.00740608,TRUE,0.620134819,TRUE,TRUE,FALSE,0.620134819
tess2024196212429-s0081-0000000399954349-0276-a_fast-lc.fits,399954349,81,fast,5.399307883,0.094630054,1.64061189,5.399307883,4.205388281,3.535320169,2.528228203,1.857857391,0.094630054,0.038960307,0.021428248,0.016222234,0.011332337,TRUE,5.283960408,TRUE,TRUE,FALSE,5.399307883
tess2024196212429-s0081-0000000399954349-0276-s_lc.fits,399954349,81,slow,5.399033727,0.340507584,0.91552377,5.399033727,4.076385551,1.714203875,7.99224475,2.915681034,0.340507584,0.113998887,0.049865932,0.037625709,0.024511858,TRUE,5.283960408,TRUE,TRUE,FALSE,5.399033727
tess2024196212429-s0081-0000000402828941-0276-s_lc.fits,402828941,81,slow,4.342187481,0.063538741,1.14880443,4.342187481,6.772233169,11.42045014,5.18843227,2.62779243,0.063538741,0.058493143,0.048114146,0.04754086,0.021156421,TRUE,4.342187481,TRUE,TRUE,FALSE,4.342187481
tess2024223182411-s0082-0000000026547036-0278-s_lc.fits,26547036,82,slow,9.601249417,0.182038044,0.24041891,9.601249417,5.754450453,4.541419021,3.360699728,2.561534554,0.182038044,0.065710777,0.026441977,0.013563065,0.007300599,TRUE,8.755953733,TRUE,TRUE,FALSE,9.601249417
tess2024223182411-s0082-0000000026584080-0278-s_lc.fits,26584080,82,slow,4.243243615,0.060995806,4.14520204,4.243243615,6.02253703,2.005215463,2.723429122,3.360685291,0.060995806,0.005816598,0.003708781,0.001828574,0.001579,TRUE,4.215160721,TRUE,TRUE,FALSE,4.243243615
tess2024223182411-s0082-0000000027010191-0278-a_fast-lc.fits,27010191,82,fast,2.51190771,0.439325981,4.07793283,2.51190771,1.299689542,2.907362828,2.211150364,1.88818302,0.439325981,0.1800674,0.077728305,0.025095663,0.01421905,TRUE,2.608734588,TRUE,TRUE,FALSE,2.51190771
tess2024223182411-s0082-0000000027010191-0278-s_lc.fits,27010191,82,slow,2.511750389,0.590522594,3.63180757,2.511750389,1.2996025,2.907184857,2.211009498,1.888060545,0.590522594,0.24387709,0.091141705,0.05595875,0.025139936,TRUE,2.608734588,TRUE,TRUE,FALSE,2.511750389
tess2024223182411-s0082-0000000027769688-0278-a_fast-lc.fits,27769688,82,fast,6.641736687,0.100124633,1.45082712,6.641736687,4.707034822,10.3719693,3.450606229,2.173970995,0.100124633,0.06099196,0.039045225,0.025246242,0.005455744,TRUE,6.457685368,TRUE,TRUE,FALSE,6.641736687
tess2024223182411-s0082-0000000028159518-0278-s_lc.fits,28159518,82,slow,7.402049707,0.105234584,0.98251045,7.402049707,4.884646204,13.65962206,2.61332212,3.275540308,0.105234584,0.059681536,0.031764569,0.003526076,0.002904785,TRUE,7.402049707,TRUE,TRUE,FALSE,7.402049707
tess2024223182411-s0082-0000000028357724-0278-s_lc.fits,28357724,82,slow,0.186402136,0.857339102,4.87467647,0.186402136,0.093232202,8.359422703,0.370951741,5.754447118,0.857339102,0.00963791,0.009354941,0.003806359,0.002065369,TRUE,0.186402136,TRUE,TRUE,FALSE,0.186402136
tess2024223182411-s0082-0000000048353358-0278-s_lc.fits,48353358,82,slow,2.249470687,0.125777968,1.02962017,2.249470687,8.93734574,2.561506661,3.194554607,4.387237329,0.125777968,0.073787819,0.018070162,0.011959771,0.009600431,TRUE,2.236404255,TRUE,TRUE,FALSE,2.249470687
tess2024223182411-s0082-0000000048506505-0278-s_lc.fits,48506505,82,slow,6.316823309,0.328628681,1.31110787,6.316823309,3.275509013,10.37156487,4.541380223,2.723415266,0.328628681,0.161471821,0.084315991,0.075135398,0.014563422,TRUE,6.457739578,TRUE,TRUE,FALSE,6.316823309
tess2024223182411-s0082-0000000063130782-0278-s_lc.fits,63130782,82,slow,0.348920564,0.38000502,11.72902226,0.348920564,0.174333956,0.298208069,1.606477767,0.087194208,0.38000502,0.003609373,0.001123367,0.001114493,0.000996251,TRUE,0.348920564,TRUE,TRUE,FALSE,0.348920564
tess2024223182411-s0082-0000000063205796-0278-s_lc.fits,63205796,82,slow,0.229000155,0.956285551,80.00296235,0.229000155,0.459250737,0.114547067,0.267921292,0.199952848,0.956285551,0.010434992,0.003474721,0.001407594,0.001213201,TRUE,0.229000155,TRUE,TRUE,FALSE,0.229000155
tess2024223182411-s0082-0000000063213622-0278-s_lc.fits,63213622,82,slow,5.754399977,0.381829065,1.24356747,5.754399977,9.601187941,4.387237925,2.974053765,2.56150705,0.381829065,0.119966313,0.106900847,0.093514749,0.022180209,TRUE,6.232548992,TRUE,TRUE,FALSE,5.754399977
tess2024223182411-s0082-0000000063373449-0278-s_lc.fits,63373449,82,slow,9.601195118,0.135704818,1.63111985,9.601195118,4.884604675,6.31682407,3.981806079,3.117513077,0.135704818,0.04595533,0.019016137,0.011032849,0.004810165,TRUE,9.601195118,TRUE,TRUE,FALSE,9.601195118
tess2024223182411-s0082-0000000122137575-0278-s_lc.fits,122137575,82,slow,6.316802009,0.150133069,10.01989841,6.316802009,4.541362923,3.194545231,10.37154026,2.667208209,0.150133069,0.055164014,0.021263893,0.021022762,0.009445421,TRUE,6.316802009,TRUE,TRUE,FALSE,6.316802009
tess2024223182411-s0082-0000000137413972-0278-s_lc.fits,137413972,82,slow,9.601173279,0.060511604,3.83513331,9.601173279,6.022494568,4.541365484,2.974046329,1.783821313,0.060511604,0.009680587,0.008862798,0.001389312,0.001367761,TRUE,9.082895434,TRUE,TRUE,FALSE,9.601173279
tess2024223182411-s0082-0000000137557778-0278-s_lc.fits,137557778,82,slow,0.31645802,0.183045838,2.34530568,0.31645802,0.158318752,0.629122372,0.373088578,0.277704984,0.183045838,0.006826647,0.001790875,0.000873474,0.000800925,TRUE,0.31645802,TRUE,TRUE,FALSE,0.31645802
tess2024223182411-s0082-0000000137817355-0278-s_lc.fits,137817355,82,slow,7.851581131,0.55191331,1.93407714,7.851581131,3.86279684,5.754381886,15.27357033,4.706722876,0.55191331,0.128424838,0.055487091,0.02725996,0.025212502,TRUE,7.851581131,TRUE,TRUE,FALSE,7.851581131
tess2024223182411-s0082-0000000137968594-0278-s_lc.fits,137968594,82,slow,0.172242264,0.063664429,12.44745791,0.172242264,0.236541983,0.199642982,0.370947365,1.26154189,0.063664429,0.007311899,0.007123936,0.005663397,0.003806737,TRUE,0.172050583,TRUE,TRUE,FALSE,0.172242264
tess2024223182411-s0082-0000000138105005-0278-a_fast-lc.fits,138105005,82,fast,8.937689542,0.128185033,2.88372755,8.937689542,6.022798917,3.36085926,4.243451619,2.46400702,0.128185033,0.035371608,0.033817074,0.033664391,0.009088901,TRUE,9.601176676,TRUE,TRUE,FALSE,8.937689542
tess2024223182411-s0082-0000000138105005-0278-s_lc.fits,138105005,82,slow,9.601176676,0.394192136,1.75014079,9.601176676,4.70673064,5.754390728,3.644954152,2.84321445,0.394192136,0.112116638,0.066173559,0.018137999,0.00907263,TRUE,9.601176676,TRUE,TRUE,FALSE,9.601176676
tess2024223182411-s0082-0000000138219367-0278-s_lc.fits,138219367,82,slow,0.150223193,0.110201874,11.00282669,0.150223193,0.075088169,0.300284782,8.359366189,0.050034201,0.110201874,0.010515779,0.001855195,0.001732587,0.001588251,TRUE,0.150223193,TRUE,TRUE,FALSE,0.150223193
tess2024223182411-s0082-0000000138219428-0278-s_lc.fits,138219428,82,slow,0.150223193,0.280854696,16.47111773,0.150223193,0.075088169,0.050053576,0.300284782,2.036798713,0.280854696,0.024031889,0.003494095,0.002978545,0.000737301,TRUE,0.150223193,TRUE,TRUE,FALSE,0.150223193
tess2024223182411-s0082-0000000138433618-0278-s_lc.fits,138433618,82,slow,6.022505804,0.153545985,2.08919048,6.022505804,9.601186605,3.275504824,4.541374855,2.561506452,0.153545985,0.096586915,0.042201543,0.041422735,0.011768245,TRUE,6.146974042,TRUE,TRUE,FALSE,6.022505804
tess2024223182411-s0082-0000000138477646-0278-a_fast-lc.fits,138477646,82,fast,9.601538318,0.053406362,3.04104447,9.601538318,6.022802349,3.450571762,4.108585361,2.974231469,0.053406362,0.036597284,0.01426569,0.009261028,0.007499722,TRUE,9.848097605,TRUE,TRUE,FALSE,9.601538318
tess2024223182411-s0082-0000000138477646-0278-s_lc.fits,138477646,82,slow,9.601180747,0.166745343,1.43977404,9.601180747,5.754394071,3.360661267,2.613290022,2.173808819,0.166745343,0.051583555,0.009082538,0.007396381,0.007286203,TRUE,9.848097605,TRUE,TRUE,FALSE,9.601180747
tess2024223182411-s0082-0000000139106731-0278-s_lc.fits,139106731,82,slow,3.862810169,0.133100765,0.72154939,3.862810169,7.851601527,0.496275749,5.754399415,0.99844305,0.133100765,0.118124858,0.044563418,0.04070695,0.026457899,TRUE,3.903664937,TRUE,TRUE,TRUE,7.851601527
tess2024223182411-s0082-0000000158213683-0278-s_lc.fits,158213683,82,slow,0.575868374,0.137960347,3.72678936,0.575868374,0.287590213,0.191650491,0.143709267,0.114953689,0.137960347,0.037554299,0.016695967,0.004995455,0.001612986,TRUE,0.573903269,TRUE,TRUE,FALSE,0.575868374
tess2024223182411-s0082-0000000158320130-0278-s_lc.fits,158320130,82,slow,3.360660633,0.292401386,4.70414996,3.360660633,1.712908284,2.782022853,2.289307336,7.401982776,0.292401386,0.247211401,0.036844944,0.02939426,0.01619139,TRUE,3.443656679,TRUE,TRUE,FALSE,3.360660633
tess2024223182411-s0082-0000000158389981-0278-s_lc.fits,158389981,82,slow,0.19630732,0.090340638,2.21173048,0.19630732,0.098262826,0.391151494,7.851587141,5.28393176,0.090340638,0.003719145,0.002595225,0.001123168,0.001118041,TRUE,0.196311776,TRUE,TRUE,FALSE,0.19630732
tess2024223182411-s0082-0000000158631520-0278-s_lc.fits,158631520,82,slow,1.091150657,0.064997565,4.91430163,1.091150657,0.548965266,4.706725153,2.974044192,0.983249933,0.064997565,0.034868641,0.001950244,0.001488762,0.001295019,TRUE,1.103019245,TRUE,TRUE,FALSE,1.091150657
tess2024223182411-s0082-0000000158792743-0278-s_lc.fits,158792743,82,slow,0.539795706,0.123548669,5.43295383,0.539795706,0.269595598,1.461187695,1.944856834,0.474417087,0.123548669,0.002098517,0.001191169,0.001143106,0.000808992,TRUE,0.539795706,TRUE,TRUE,FALSE,0.539795706
tess2024223182411-s0082-0000000158837572-0278-s_lc.fits,158837572,82,slow,0.17293391,0.190698477,9.29399729,0.17293391,0.086378151,0.704565247,0.142129699,0.07123965,0.190698477,0.007280494,0.000766514,0.000671919,0.000621362,TRUE,0.17293391,TRUE,TRUE,FALSE,0.17293391
tess2024223182411-s0082-0000000159050852-0278-s_lc.fits,159050852,82,slow,8.937358429,0.101398739,0.80494285,8.937358429,5.754409784,3.862818054,4.541384193,3.27551211,0.101398739,0.06080723,0.017536908,0.010456828,0.006732242,TRUE,9.763080167,TRUE,TRUE,FALSE,8.937358429
tess2024223182411-s0082-0000000159721015-0278-s_lc.fits,159721015,82,slow,1.159623123,0.295085405,17.80162334,1.159623123,0.602691031,1.39791197,1.046913186,1.808701593,0.295085405,0.049055026,0.014857743,0.012608965,0.0036615,TRUE,1.20299227,TRUE,TRUE,FALSE,1.159623123
tess2024223182411-s0082-0000000164654277-0278-s_lc.fits,164654277,82,slow,7.851585899,0.360562717,1.3164556,7.851585899,5.754385984,3.862799956,4.54136381,3.275496205,0.360562717,0.100607042,0.052052721,0.032999877,0.019772291,TRUE,7.469582394,TRUE,TRUE,FALSE,7.851585899
tess2024223182411-s0082-0000000164780824-0278-s_lc.fits,164780824,82,slow,0.266813434,0.110466688,6.63341582,0.266813434,0.356619106,1.36837881,0.298895477,0.133470504,0.110466688,0.001490553,0.000968196,0.00094311,0.000920189,TRUE,0.266813434,TRUE,TRUE,FALSE,0.266813434
tess2024223182411-s0082-0000000168811794-0278-s_lc.fits,168811794,82,slow,8.93736453,0.165569926,1.63403749,8.93736453,3.98181306,5.754414842,2.463864986,3.117518837,0.165569926,0.021779414,0.010238067,0.010231081,0.007851172,TRUE,8.93736453,TRUE,TRUE,FALSE,8.93736453
tess2024223182411-s0082-0000000169560572-0278-s_lc.fits,169560572,82,slow,3.5450061,0.13195666,2.28079736,3.5450061,8.35938057,5.754411624,4.387247657,2.974060959,0.13195666,0.067605492,0.043778277,0.040829872,0.030426174,TRUE,3.535137197,TRUE,TRUE,FALSE,3.5450061
tess2024223182411-s0082-0000000170344769-0278-s_lc.fits,170344769,82,slow,9.601208203,0.078610414,2.44814157,9.601208203,5.754416614,3.360676645,2.667226067,4.108369486,0.078610414,0.035667667,0.027220475,0.015061138,0.008044256,TRUE,10.61807863,TRUE,TRUE,FALSE,9.601208203
tess2024223182411-s0082-0000000171510762-0278-s_lc.fits,171510762,82,slow,0.14866914,0.094215346,1.17225885,0.14866914,5.509171504,0.074311627,2.561521015,12.35409464,0.094215346,0.043121299,0.004312604,0.004071641,0.003990856,TRUE,0.148599621,TRUE,TRUE,FALSE,0.14866914
tess2024223182411-s0082-0000000171971913-0278-s_lc.fits,171971913,82,slow,8.937376187,0.050523067,0.99857748,8.937376187,5.754424508,4.108375773,0.20437919,3.36068203,0.050523067,0.008310151,0.005219286,0.003479675,0.002768286,TRUE,8.50278464,TRUE,TRUE,FALSE,8.937376187
tess2024223182411-s0082-0000000171972797-0278-s_lc.fits,171972797,82,slow,8.35939513,0.085343496,6.66140318,8.35939513,1.006220975,4.243239211,0.334475077,0.502061355,0.085343496,0.021557639,0.020289283,0.013653072,0.012783365,TRUE,8.35939513,TRUE,TRUE,FALSE,8.35939513
tess2024223182411-s0082-0000000184164097-0278-s_lc.fits,184164097,82,slow,0.588990431,0.068712651,16.15939736,0.588990431,0.712330319,1.78382772,0.815720946,0.940337239,0.068712651,0.021102102,0.005423308,0.004128541,0.002856655,TRUE,0.588990431,TRUE,TRUE,FALSE,0.588990431
tess2024223182411-s0082-0000000184471242-0278-s_lc.fits,184471242,82,slow,0.346116171,0.059944696,12.12643743,0.346116171,0.173165445,0.693228981,0.115467507,0.086609587,0.059944696,0.021316469,0.019686236,0.011377245,0.005039641,TRUE,0.346116171,TRUE,TRUE,FALSE,0.346116171
tess2024223182411-s0082-0000000229747848-0278-a_fast-lc.fits,229747848,82,fast,8.359844772,0.213027224,1.03794932,8.359844772,5.509538727,3.450651887,4.243548162,2.330789323,0.213027224,0.110509934,0.053415996,0.025829835,0.007146274,TRUE,7.832717499,TRUE,TRUE,FALSE,8.359844772
tess2024223182411-s0082-0000000229747848-0278-s_lc.fits,229747848,82,slow,8.359496269,0.378318026,0.54146528,8.359496269,5.076530892,3.450447372,15.27368235,2.173863191,0.378318026,0.169865638,0.019293986,0.016682523,0.009686922,TRUE,7.832717499,TRUE,TRUE,FALSE,8.359496269
tess2024223182411-s0082-0000000267572272-0278-a_fast-lc.fits,267572272,82,fast,0.21782515,0.454519514,4.66096938,0.21782515,0.108863374,3.863046036,0.436044444,0.310402401,0.454519514,0.013603141,0.003875338,0.002818571,0.00201593,TRUE,0.217795917,TRUE,TRUE,FALSE,0.21782515
tess2024223182411-s0082-0000000267572272-0278-s_lc.fits,267572272,82,slow,0.217809719,0.758125718,3.68488848,0.217809719,0.108855619,8.359385771,0.436013893,0.9268547,0.758125718,0.022221054,0.007375862,0.004132337,0.003201543,TRUE,0.217795917,TRUE,TRUE,FALSE,0.217809719
tess2024223182411-s0082-0000000267748934-0278-s_lc.fits,267748934,82,slow,4.541394781,0.105498925,7.43495464,4.541394781,6.316841232,2.289321683,8.359393062,2.843233147,0.105498925,0.008064909,0.005709615,0.003635998,0.003201804,TRUE,4.541394781,TRUE,TRUE,FALSE,4.541394781
tess2024223182411-s0082-0000000268379849-0278-s_lc.fits,268379849,82,slow,7.402039902,0.164102133,1.92169607,7.402039902,3.545028684,4.884638441,12.3541151,2.249492166,0.164102133,0.104682012,0.080582899,0.07917866,0.018124141,TRUE,7.539628167,TRUE,TRUE,FALSE,7.402039902
tess2024223182411-s0082-0000000270701667-0278-s_lc.fits,270701667,82,slow,5.754414971,0.109716849,0.48559427,5.754414971,4.387250453,3.194564893,2.103082966,2.56151522,0.109716849,0.034007514,0.015900622,0.00421799,0.002944769,TRUE,6.141398061,TRUE,TRUE,FALSE,5.754414971
tess2024223182411-s0082-0000000271546798-0278-s_lc.fits,271546798,82,slow,6.022536436,0.120440997,1.78460002,6.022536436,4.387261934,3.275524758,10.37159357,2.561522707,0.120440997,0.042139365,0.021091384,0.020677161,0.007948256,TRUE,6.444581467,TRUE,TRUE,FALSE,6.022536436
tess2024223182411-s0082-0000000272269239-0278-a_fast-lc.fits,272269239,82,fast,0.16563416,0.384314891,9.43826675,0.16563416,0.082788629,5.284241852,3.044290048,0.0551861,0.384314891,0.016444365,0.002334607,0.002309278,0.002101757,TRUE,0.165622394,TRUE,TRUE,FALSE,0.16563416
tess2024223182411-s0082-0000000272269239-0278-s_lc.fits,272269239,82,slow,0.165622394,0.761566825,6.85070693,0.165622394,0.082835774,0.055205725,0.331898364,0.149875592,0.761566825,0.03157762,0.004573319,0.003655714,0.001392556,TRUE,0.165622394,TRUE,TRUE,FALSE,0.165622394
tess2024223182411-s0082-0000000272716728-0278-s_lc.fits,272716728,82,slow,5.754423564,0.063958766,5.57634592,5.754423564,8.359394743,3.275521319,4.541395994,2.78204063,0.063958766,0.03101004,0.025533268,0.023317326,0.00475412,TRUE,5.754423564,TRUE,TRUE,FALSE,5.754423564
tess2024223182411-s0082-0000000272944301-0278-s_lc.fits,272944301,82,slow,0.708429283,0.076874986,8.19576085,0.708429283,1.428894163,0.193661955,0.23611127,0.35466473,0.076874986,0.004396125,0.002506551,0.001653508,0.001624839,TRUE,0.708429283,TRUE,TRUE,FALSE,0.708429283
tess2024223182411-s0082-0000000273131021-0278-s_lc.fits,273131021,82,slow,0.056832196,0.842218101,48.62542689,0.056832196,0.117355479,0.051163515,4.541408613,0.063881932,0.842218101,0.000668279,0.000580699,0.000534507,0.00048463,TRUE,0.056832196,TRUE,TRUE,FALSE,0.056832196
tess2024223182411-s0082-0000000273379660-0278-s_lc.fits,273379660,82,slow,0.591691402,0.182498829,14.07671869,0.591691402,0.29683973,0.516094949,1.340022346,8.359413224,0.182498829,0.006773074,0.001837053,0.001331559,0.00129021,TRUE,0.591691402,TRUE,TRUE,FALSE,0.591691402
tess2024223182411-s0082-0000000279917005-0278-s_lc.fits,279917005,82,slow,1.444859982,0.12554781,2.86793768,1.444859982,1.214145077,0.720268621,1.690510294,3.644963194,0.12554781,0.002880148,0.002217386,0.001879313,0.00179785,TRUE,1.444859982,TRUE,TRUE,FALSE,1.444859982
tess2024223182411-s0082-0000000299087490-0278-s_lc.fits,299087490,82,slow,9.601213127,0.093842411,1.96076035,9.601213127,5.283963637,4.108372706,3.117522571,3.545012528,0.093842411,0.038583196,0.012925125,0.011828222,0.006621334,TRUE,10.53328187,TRUE,TRUE,FALSE,9.601213127
tess2024223182411-s0082-0000000299158887-0278-a_fast-lc.fits,299158887,82,fast,5.284243932,0.181993348,1.22421622,5.284243932,2.667394994,3.117712292,8.937727935,4.108608052,0.181993348,0.070158639,0.046672,0.033149551,0.013384753,TRUE,5.43247272,TRUE,TRUE,FALSE,5.284243932
tess2024223182411-s0082-0000000299158887-0278-s_lc.fits,299158887,82,slow,5.509168538,0.462955481,0.89646578,5.509168538,2.66722942,7.851628458,3.117523793,12.35409113,0.462955481,0.166666646,0.073183888,0.043783027,0.014636232,TRUE,5.43247272,TRUE,TRUE,FALSE,5.509168538
tess2024223182411-s0082-0000000299219860-0278-s_lc.fits,299219860,82,slow,8.937375724,0.074618213,3.68640065,8.937375724,6.022531726,4.706759964,3.862828957,2.97406868,0.074618213,0.01362362,0.012838293,0.005729144,0.001775453,TRUE,8.937375724,TRUE,TRUE,FALSE,8.937375724
tess2024223182411-s0082-0000000350814607-0278-s_lc.fits,350814607,82,slow,11.27635506,0.139435052,2.34191895,11.27635506,6.02252131,4.706751057,3.360674848,3.862821244,0.139435052,0.025900489,0.01615434,0.014492502,0.004947919,TRUE,11.27635506,TRUE,TRUE,FALSE,11.27635506
tess2024223182411-s0082-0000000352013543-0278-s_lc.fits,352013543,82,slow,5.754391209,0.193129068,12.33691275,5.754391209,8.937336025,4.387230598,3.194549332,2.561502272,0.193129068,0.046618545,0.025721472,0.013525632,0.005106307,TRUE,5.754391209,TRUE,TRUE,FALSE,5.754391209
tess2024223182411-s0082-0000000356867115-0278-s_lc.fits,356867115,82,slow,6.641491282,0.19412476,0.43227434,6.641491282,4.884698813,10.37169308,2.782091367,3.194627385,0.19412476,0.138062273,0.109078832,0.05848965,0.028651208,TRUE,6.159804206,TRUE,TRUE,FALSE,6.641491282
tess2024223182411-s0082-0000000377915723-0278-s_lc.fits,377915723,82,slow,4.884601662,0.051627228,7.45653808,4.884601662,2.417773261,3.360667034,2.005203683,2.974055339,0.051627228,0.005271758,0.002068391,0.001814431,0.001721804,TRUE,4.884601662,TRUE,TRUE,FALSE,4.884601662
tess2024223182411-s0082-0000000399954349-0278-a_fast-lc.fits,399954349,82,fast,5.50862725,0.107775175,1.68438196,5.50862725,10.37090897,3.275149219,3.981386612,2.66691597,0.107775175,0.055569503,0.035985551,0.013046858,0.012144066,TRUE,5.283960408,TRUE,TRUE,TRUE,10.37090897
tess2024223182411-s0082-0000000399954349-0278-s_lc.fits,399954349,82,slow,5.283960408,0.435751364,1.08315825,5.283960408,8.937367437,4.108369995,3.117520385,2.723422214,0.435751364,0.110004641,0.021389971,0.014576779,0.012659687,TRUE,5.283960408,TRUE,TRUE,FALSE,5.283960408
tess2024223182411-s0082-0000000417676802-0278-s_lc.fits,417676802,82,slow,0.170202296,0.162747086,4.10742521,0.170202296,0.085071078,0.056682507,0.275340833,7.851633191,0.162747086,0.015929281,0.002335295,0.000732623,0.000719427,TRUE,0.170202296,TRUE,TRUE,FALSE,0.170202296
tess2024223182411-s0082-0000000439842788-0278-s_lc.fits,439842788,82,slow,7.402108456,0.146677374,0.74359655,7.402108456,4.541464558,3.275574822,1.606507454,2.613350746,0.146677374,0.054137739,0.042017644,0.012642605,0.011819608,TRUE,7.656359605,TRUE,TRUE,FALSE,7.402108456
tess2024249191853-s0083-0000000026547036-0280-s_lc.fits,26547036,83,slow,8.755953733,0.227403726,0.22304356,8.755953733,5.868888754,3.346652834,2.385518811,1.350920437,0.227403726,0.0913615,0.028830628,0.015190589,0.007572724,TRUE,8.755953733,TRUE,TRUE,FALSE,8.755953733
tess2024249191853-s0083-0000000027084006-0280-s_lc.fits,27084006,83,slow,3.749486487,0.111624126,8.44573498,3.749486487,3.097073148,4.938397538,1.724973936,2.695114425,0.111624126,0.01568305,0.007170574,0.006116857,0.003000005,TRUE,3.73342929,TRUE,TRUE,FALSE,3.749486487
tess2024249191853-s0083-0000000027639443-0280-s_lc.fits,27639443,83,slow,0.123089422,0.196392317,4.43754494,0.123089422,0.276735993,0.150799188,0.175428833,0.243715818,0.196392317,0.040162073,0.018784858,0.013932187,0.002889687,TRUE,0.123095464,TRUE,TRUE,FALSE,0.123089422
tess2024249191853-s0083-0000000028159758-0280-s_lc.fits,28159758,83,slow,0.192802518,0.071831426,3.71403098,0.192802518,0.084343496,2.530883374,0.165413969,0.350744062,0.071831426,0.00095677,0.000767726,0.000751333,0.000696873,TRUE,0.192802518,TRUE,TRUE,FALSE,0.192802518
tess2024249191853-s0083-0000000028229515-0280-s_lc.fits,28229515,83,slow,3.439011369,0.064168778,4.87072229,3.439011369,7.67692937,2.882147273,2.25593069,4.262593622,0.064168778,0.054117554,0.019883696,0.017762279,0.016087103,TRUE,3.439011369,TRUE,TRUE,TRUE,7.67692937
tess2024249191853-s0083-0000000028357724-0280-s_lc.fits,28357724,83,slow,0.186454478,0.829435257,4.62921679,0.186454478,8.755928688,0.093243267,5.868867656,0.373899494,0.829435257,0.013496082,0.008075305,0.005720518,0.004882523,TRUE,0.186402136,TRUE,TRUE,FALSE,0.186454478
tess2024249191853-s0083-0000000028361088-0280-s_lc.fits,28361088,83,slow,0.051523005,0.082797775,2.04823554,0.051523005,8.181006415,2.177093577,0.745049745,0.120238264,0.082797775,0.000768485,0.000673766,0.000624719,0.000601257,TRUE,0.051523005,TRUE,TRUE,FALSE,0.051523005
tess2024249191853-s0083-0000000273874849-0280-s_lc.fits,273874849,83,slow,2.034867692,0.062163302,3.64851356,2.034867692,1.027754398,1.479221092,0.74504925,0.495938049,0.062163302,0.050427897,0.010605647,0.009107492,0.006975886,TRUE,2.032987945,TRUE,TRUE,FALSE,2.034867692
tess2024249191853-s0083-0000000427685831-0280-s_lc.fits,427685831,83,slow,9.417845688,0.089283447,0.67400932,9.417845688,4.262647009,5.868933619,3.346682984,2.43210703,0.089283447,0.04060351,0.032967955,0.01834735,0.015095666,TRUE,9.417845688,TRUE,TRUE,FALSE,9.417845688
tess2024249191853-s0083-0000000431701493-0280-s_lc.fits,431701493,83,slow,12.17980558,0.212715677,0.81469953,12.17980558,6.479406227,4.575792816,2.068714089,3.259187529,0.212715677,0.208932582,0.030075733,0.0083745,0.006537716,TRUE,12.17980558,TRUE,TRUE,FALSE,12.17980558
tess2024274222008-s0084-0000000229747848-0281-s_lc.fits,229747848,84,slow,7.832717499,0.520136136,0.64486384,7.832717499,5.493348284,3.738668393,13.64240038,2.552672544,0.520136136,0.221998017,0.080248491,0.026062076,0.012281731,TRUE,7.832717499,TRUE,TRUE,FALSE,7.832717499
tess2024274222008-s0084-0000000306955329-0281-s_lc.fits,306955329,84,slow,0.189777505,0.124000298,0.38632154,0.189777505,0.094919365,1.662657168,6.29976783,3.969225774,0.124000298,0.012929157,0.004323873,0.004309804,0.003850853,TRUE,0.189746745,TRUE,TRUE,FALSE,0.189777505
tess2024274222008-s0084-0000000352413427-0281-a_fast-lc.fits,352413427,84,fast,6.624044615,0.120982618,0.27152896,6.624044615,11.25710875,4.373866191,3.533612123,1.938010496,0.120982618,0.043571574,0.038358605,0.004618234,0.002500861,TRUE,6.299744146,TRUE,TRUE,FALSE,6.624044615
tess2024274222008-s0084-0000000352413427-0281-s_lc.fits,352413427,84,slow,6.299744146,0.306877252,0.19037127,6.299744146,8.917806121,4.692524492,3.533481362,2.964058004,0.306877252,0.165568928,0.133352194,0.022947128,0.021635897,TRUE,6.299744146,TRUE,TRUE,FALSE,6.299744146
tess2024274222008-s0084-0000000432549364-0281-a_fast-lc.fits,432549364,84,fast,0.608950486,0.073259829,0.78786373,0.608950486,1.221148183,0.405607468,0.304070959,0.243652394,0.073259829,0.033778334,0.025586405,0.023797703,0.016029931,TRUE,0.608950486,TRUE,TRUE,FALSE,0.608950486
tess2024274222008-s0084-0000000440113053-0281-a_fast-lc.fits,440113053,84,fast,3.439204042,0.074749468,3.47278774,3.439204042,2.897448584,6.983272581,4.373839754,0.910338457,0.074749468,0.020721465,0.016985149,0.008868414,0.008231505,TRUE,3.533458856,TRUE,TRUE,FALSE,3.439204042
tess2024274222008-s0084-0000000440113053-0281-s_lc.fits,440113053,84,slow,3.533458856,0.23378252,1.89074755,3.533458856,4.692496708,2.964038473,6.299710762,2.365105597,0.23378252,0.057591842,0.038292548,0.036926169,0.01332026,TRUE,3.533458856,TRUE,TRUE,FALSE,3.533458856
tess2024274222008-s0084-0000000456862677-0281-s_lc.fits,456862677,84,slow,7.832744951,0.252567288,0.70090532,7.832744951,5.493371238,3.63318525,4.373705544,2.658086442,0.252567288,0.197719298,0.030562016,0.015416698,0.01481124,TRUE,7.832744951,TRUE,TRUE,FALSE,7.832744951
tess2024300212641-s0085-0000000129979528-0282-s_lc.fits,129979528,85,slow,0.525820537,0.068741029,0.37569523,0.525820537,0.101519124,1.05002853,0.400299656,0.120643355,0.068741029,0.058849076,0.046155863,0.039782349,0.031125429,TRUE,0.526151057,TRUE,TRUE,FALSE,0.525820537
tess2024300212641-s0085-0000000230001847-0282-s_lc.fits,230001847,85,slow,6.936720175,0.078077288,0.54608941,6.936720175,11.20655627,4.338884177,1.364884869,0.743657644,0.078077288,0.060452626,0.011599175,0.011097938,0.009363966,TRUE,6.936720175,TRUE,TRUE,FALSE,6.936720175
tess2024300212641-s0085-0000000236887394-0282-a_fast-lc.fits,236887394,85,fast,6.578976742,0.064284241,1.87404156,6.578976742,12.28736612,3.080586059,2.634794305,4.656184225,0.064284241,0.043450747,0.018355145,0.015100015,0.01406404,TRUE,6.219181875,TRUE,TRUE,TRUE,12.28736612
tess2024300212641-s0085-0000000245392284-0282-a_fast-lc.fits,245392284,85,fast,6.579091312,0.068382421,5.66850245,6.579091312,3.321500631,2.146693918,4.196363761,2.634853673,0.068382421,0.02751596,0.015963813,0.013289005,0.011678667,TRUE,6.579091312,TRUE,TRUE,FALSE,6.579091312
tess2024300212641-s0085-0000000284441182-0282-s_lc.fits,284441182,85,slow,11.20661245,0.059025034,0.72942615,11.20661245,6.578692812,2.480790728,3.602933889,3.080418457,0.059025034,0.016744277,0.004947955,0.004653092,0.004204311,TRUE,11.20661245,TRUE,TRUE,FALSE,11.20661245
tess2024300212641-s0085-0000000384984325-0282-a_fast-lc.fits,384984325,85,fast,3.080671795,0.890554031,7.36671925,3.080671795,2.581502741,3.819158633,2.344113579,1.492934749,0.890554031,0.206464543,0.142346301,0.057157172,0.032989536,TRUE,3.080482464,TRUE,TRUE,FALSE,3.080671795
tess2024300212641-s0085-0000000384984325-0282-s_lc.fits,384984325,85,slow,3.080482464,0.955473903,7.59399831,3.080482464,2.581339408,3.818934161,2.343963244,1.492834387,0.955473903,0.197863577,0.137986842,0.065784573,0.037705106,TRUE,3.080482464,TRUE,TRUE,FALSE,3.080482464
tess2024300212641-s0085-0000000436873727-0282-a_fast-lc.fits,436873727,85,fast,1.016598844,0.102430147,0.15470982,1.016598844,0.255227672,0.511097386,12.28743675,1.144389457,0.102430147,0.021915043,0.017511235,0.007118606,0.007070745,TRUE,1.015885,TRUE,TRUE,FALSE,1.016598844
tess2024300212641-s0085-0000000436873727-0282-s_lc.fits,436873727,85,slow,1.016528745,0.306336283,0.09790063,1.016528745,0.511061205,0.255209367,1.134127857,0.739356182,0.306336283,0.05983877,0.055631115,0.019018826,0.011759397,TRUE,1.015885,TRUE,TRUE,FALSE,1.016528745
tess2024326142117-s0086-0000000056658270-0283-s_lc.fits,56658270,86,slow,10.50726327,0.433337094,4.7596693,10.50726327,6.434926028,4.334839603,2.622859695,1.64710849,0.433337094,0.212184113,0.153618666,0.05133712,0.030197634,TRUE,10.05939033,TRUE,TRUE,FALSE,10.50726327
tess2024326142117-s0086-0000000233087860-0283-s_lc.fits,233087860,86,slow,5.390372419,0.056207378,0.26319146,5.390372419,9.737037393,15.37105893,2.304350149,3.72673722,0.056207378,0.029108696,0.024964629,0.014848833,0.014636648,TRUE,5.706289902,TRUE,TRUE,TRUE,9.737037393
tess2024326142117-s0086-0000000259506033-0283-s_lc.fits,259506033,86,slow,11.40995198,0.05380761,1.27233863,11.40995198,9.737107552,6.435014478,7.981764825,4.985761883,0.05380761,0.051980423,0.048239029,0.047597945,0.035504468,TRUE,11.40995198,TRUE,TRUE,FALSE,11.40995198
tess2024326142117-s0086-0000000288631580-0283-s_lc.fits,288631580,86,slow,6.762624634,0.529544162,0.70952117,6.762624634,4.637598778,3.726769471,2.910236,2.5232465,0.529544162,0.4280491,0.238773963,0.213775797,0.192991416,TRUE,7.243053476,TRUE,TRUE,FALSE,6.762624634
tess2024326142117-s0086-0000000367366318-0283-s_lc.fits,367366318,86,slow,1.388810969,0.113637667,0.13370514,1.388810969,6.137674547,13.77683133,7.529327775,1.569300922,0.113637667,0.08449552,0.061467345,0.056060225,0.035767552,TRUE,1.365444311,TRUE,TRUE,FALSE,1.388810969
tess2024353092137-s0087-0000000037168957-0284-s_lc.fits,37168957,87,slow,5.305638572,0.115640085,5.71896076,5.305638572,4.015045678,7.818957756,2.580366181,3.42070064,0.115640085,0.052100867,0.02367529,0.013309947,0.008792621,TRUE,5.325112783,TRUE,TRUE,FALSE,5.305638572
tess2024353092137-s0087-0000000039414571-0284-s_lc.fits,39414571,87,slow,20,0.22561913,1.21507764,9.794980425,4.304298772,3.515939653,6.139926396,2.225285704,0.220537512,0.052378895,0.025080331,0.018553314,0.016682488,TRUE,9.794980425,TRUE,TRUE,FALSE,9.794980425
tess2024353092137-s0087-0000000192790476-0284-a_fast-lc.fits,192790476,87,fast,5.818934981,0.102154203,0.66132545,5.818934981,15.09501546,3.828316252,3.065607918,2.610528515,0.102154203,0.079534264,0.066934461,0.061671452,0.016939716,TRUE,5.752196377,TRUE,TRUE,FALSE,5.818934981
tess2024353092137-s0087-0000000192790476-0284-s_lc.fits,192790476,87,slow,5.805500019,0.209978473,0.48931539,5.805500019,3.057159494,4.3610864,3.703006813,2.603141447,0.209978473,0.159755178,0.080930454,0.0663462,0.023149969,TRUE,5.752196377,TRUE,TRUE,FALSE,5.805500019
tess2024353092137-s0087-0000000280304863-0284-s_lc.fits,280304863,87,slow,10.70638466,0.151607347,0.55471361,10.70638466,6.873567253,5.061560783,4.005605106,0.287457537,0.151607347,0.082407924,0.02631081,0.025954729,0.006956165,TRUE,10.70638466,TRUE,TRUE,FALSE,10.70638466
tess2024353092137-s0087-0000000281408474-0284-s_lc.fits,281408474,87,slow,9.15136564,0.103223079,0.26151657,9.15136564,5.391363154,1.299127621,2.517799362,1.848013124,0.103223079,0.093570852,0.017720016,0.013005159,0.010524558,TRUE,9.15136564,TRUE,TRUE,FALSE,9.15136564
tess2024353092137-s0087-0000000320411045-0284-a_fast-lc.fits,320411045,87,fast,2.406481219,0.5109004,4.46913123,2.406481219,2.787984823,2.116818935,3.604254291,1.7801124,0.5109004,0.105484768,0.094202297,0.035536537,0.022110473,TRUE,2.395424008,TRUE,TRUE,FALSE,2.406481219
tess2024353092137-s0087-0000000320411045-0284-s_lc.fits,320411045,87,slow,2.395424008,0.818510452,3.86388659,2.395424008,2.112463977,2.765912004,3.653997114,1.78172973,0.818510452,0.103883695,0.086526974,0.046820677,0.046799783,TRUE,2.395424008,TRUE,TRUE,FALSE,2.395424008
tess2024353092137-s0087-0000000349576261-0284-a_fast-lc.fits,349576261,87,fast,3.747518538,0.117110402,1.76951528,3.747518538,1.90335846,4.797028838,3.155728996,14.99694449,0.117110402,0.062374407,0.052401216,0.046357147,0.041872881,TRUE,3.866798949,TRUE,TRUE,FALSE,3.747518538
tess2024353092137-s0087-0000000349576261-0284-s_lc.fits,349576261,87,slow,3.745460508,0.293136073,1.24111474,3.745460508,1.902194656,2.996201006,2.140006939,2.549873436,0.293136073,0.210796218,0.068241937,0.049691493,0.047868775,TRUE,3.866798949,TRUE,TRUE,FALSE,3.745460508
tess2024353092137-s0087-0000000391903064-0284-a_fast-lc.fits,391903064,87,fast,3.394415086,0.913447002,5.39749861,3.394415086,4.245206369,2.827707846,7.003786735,2.283163974,0.913447002,0.211300173,0.16414362,0.045799437,0.045376896,TRUE,3.354253434,TRUE,TRUE,FALSE,3.394415086
tess2024353092137-s0087-0000000391903064-0284-s_lc.fits,391903064,87,slow,3.394167464,0.977108413,5.44762135,3.394167464,4.244912547,2.827494526,2.282986272,6.612736073,0.977108413,0.188365145,0.18278754,0.059069277,0.029047015,TRUE,3.354253434,TRUE,TRUE,FALSE,3.394167464
tess2025014115807-s0088-0000000001003831-0285-s_lc.fits,1003831,88,slow,9.292504661,0.052225993,0.41014075,9.292504661,5.799490923,3.863251006,0.821911731,2.837109073,0.052225993,0.045076428,0.011599798,0.003556733,0.003516535,TRUE,9.963752119,TRUE,TRUE,FALSE,9.292504661
tess2025014115807-s0088-0000000019342878-0285-s_lc.fits,19342878,88,slow,11.91550295,0.159027586,0.4717052,11.91550295,4.736186648,2.814376277,3.696750847,1.216874607,0.159027586,0.027413841,0.012112176,0.011879117,0.006480762,TRUE,11.91550295,TRUE,TRUE,FALSE,11.91550295
tess2025014115807-s0088-0000000097921547-0285-s_lc.fits,97921547,88,slow,0.664549633,0.105678418,0.60157299,0.664549633,0.345454153,0.985172093,0.097171678,0.812276885,0.105678418,0.031661817,0.029164725,0.0210434,0.017552676,TRUE,0.664549633,TRUE,TRUE,FALSE,0.664549633
tess2025014115807-s0088-0000000149603524-0285-s_lc.fits,149603524,88,slow,7.330194503,0.085703172,0.26541948,7.330194503,2.206030948,3.089568868,4.090823429,4.969226843,0.085703172,0.068846089,0.052056165,0.034371822,0.03338774,TRUE,7.129573085,TRUE,TRUE,FALSE,7.330194503
tess2025014115807-s0088-0000000178367144-0285-s_lc.fits,178367144,88,slow,5.094866087,0.348509513,1.06199861,5.094866087,2.231167658,2.555514097,3.950053493,1.948530073,0.348509513,0.17702796,0.052879723,0.042199231,0.037990344,TRUE,4.752623402,TRUE,TRUE,FALSE,5.094866087
tess2025014115807-s0088-0000000307210830-0285-s_lc.fits,307210830,88,slow,11.1442885,0.125802506,0.23584127,11.1442885,5.645169417,4.296132581,3.374516021,2.55300196,0.125802506,0.045080509,0.026968369,0.011014807,0.005582924,TRUE,11.1442885,TRUE,TRUE,FALSE,11.1442885
tess2025014115807-s0088-0000000349576261-0285-a_fast-lc.fits,349576261,88,fast,3.6728682,0.122968976,1.565063,3.6728682,1.929206387,4.614672847,3.050329128,2.19856051,0.122968976,0.073974948,0.033909872,0.017082725,0.01341177,TRUE,3.866798949,TRUE,TRUE,FALSE,3.6728682
tess2025014115807-s0088-0000000349576261-0285-s_lc.fits,349576261,88,slow,3.672179463,0.295703755,0.97329497,3.672179463,1.928805995,4.789307328,3.049735325,2.198111016,0.295703755,0.187834822,0.104313438,0.04602096,0.032918553,TRUE,3.866798949,TRUE,TRUE,FALSE,3.672179463
tess2025014115807-s0088-0000000391903064-0285-a_fast-lc.fits,391903064,88,fast,3.310725438,0.804910531,5.03843725,3.310725438,1.674185035,2.83721486,4.091025393,6.328279605,0.804910531,0.193894305,0.080879156,0.064064601,0.018314256,TRUE,3.354253434,TRUE,TRUE,FALSE,3.310725438
tess2025014115807-s0088-0000000391903064-0285-s_lc.fits,391903064,88,slow,3.314869051,0.823734234,5.17804027,3.314869051,1.679861257,2.774738785,4.116110561,2.250809341,0.823734234,0.16087694,0.151187317,0.138812807,0.04561849,TRUE,3.354253434,TRUE,TRUE,FALSE,3.314869051
tess2025014115807-s0088-0000000391949880-0285-s_lc.fits,391949880,88,slow,9.96667863,0.356254157,0.40804744,9.96667863,4.97505054,3.510083231,2.168897814,2.651302333,0.356254157,0.275099928,0.052622377,0.008487195,0.006649193,TRUE,10.00877825,TRUE,TRUE,FALSE,9.96667863
tess2025042113628-s0089-0000000036734222-0286-s_lc.fits,36734222,89,slow,12.61233971,0.202573488,0.60297966,12.61233971,7.660461846,5.090686782,3.708432311,3.188909036,0.202573488,0.088115924,0.030189642,0.022302832,0.012581805,TRUE,12.61233971,TRUE,TRUE,FALSE,12.61233971
tess2025042113628-s0089-0000000149603524-0286-s_lc.fits,149603524,89,slow,7.129573085,0.164518914,0.2710104,7.129573085,5.107095988,3.674031674,2.143215899,4.211149604,0.164518914,0.149038784,0.05388256,0.039032861,0.014467267,TRUE,7.129573085,TRUE,TRUE,FALSE,7.129573085
tess2025042113628-s0089-0000000300812741-0286-s_lc.fits,300812741,89,slow,10.91012357,0.449556042,0.45395195,10.91012357,6.487399254,5.107174937,3.582701973,4.21121862,0.449556042,0.135408358,0.047211422,0.030794672,0.023619564,TRUE,10.81909508,TRUE,TRUE,FALSE,10.91012357
tess2025042113628-s0089-0000000349576261-0286-a_fast-lc.fits,349576261,89,fast,3.871707857,0.149429925,1.59210265,3.871707857,1.967633643,3.186475709,9.474866266,5.295040535,0.149429925,0.02772809,0.011432782,0.005849073,0.005209329,TRUE,3.866798949,TRUE,TRUE,FALSE,3.871707857
tess2025042113628-s0089-0000000349576261-0286-s_lc.fits,349576261,89,slow,3.871582411,0.402725117,0.9948051,3.871582411,1.967562365,3.186368079,7.913029452,5.49696799,0.402725117,0.084529798,0.018239251,0.01573254,0.013167395,TRUE,3.866798949,TRUE,TRUE,FALSE,3.871582411
tess2025042113628-s0089-0000000391903064-0286-a_fast-lc.fits,391903064,89,fast,3.334030184,0.850944287,5.08836687,3.334030184,1.690529021,2.869142304,4.091725435,4.769122905,0.850944287,0.103269023,0.046230124,0.032301481,0.012463037,TRUE,3.354253434,TRUE,TRUE,FALSE,3.334030184
tess2025042113628-s0089-0000000391903064-0286-s_lc.fits,391903064,89,slow,3.333918558,0.861955177,5.1388979,3.333918558,1.69046684,2.869043564,3.978571928,4.76897698,0.861955177,0.103746556,0.05033527,0.031291645,0.012624107,TRUE,3.354253434,TRUE,TRUE,FALSE,3.333918558
tess2025071122000-s0090-0000000034068865-0287-a_fast-lc.fits,34068865,90,fast,10.7545586,0.164545627,0.37968874,10.7545586,5.373009145,3.774736881,2.053378707,2.971248686,0.164545627,0.151209062,0.053401068,0.025108455,0.016514213,TRUE,10.7545586,TRUE,TRUE,FALSE,10.7545586
tess2025071122000-s0090-0000000150151262-0287-s_lc.fits,150151262,90,slow,12.4764811,0.172395647,0.32641292,12.4764811,5.861554123,7.523621565,4.476934515,3.347346009,0.172395647,0.143249416,0.079883985,0.059415066,0.015423851,TRUE,12.29972889,TRUE,TRUE,FALSE,12.4764811
tess2025071122000-s0090-0000000151825527-0287-a_fast-lc.fits,151825527,90,fast,9.760540595,0.072586603,1.65658951,9.760540595,6.455499395,5.003334964,2.533612244,3.963220804,0.072586603,0.023587296,0.020569385,0.014931659,0.011399832,TRUE,9.760020499,TRUE,TRUE,FALSE,9.760540595
tess2025071122000-s0090-0000000151825527-0287-s_lc.fits,151825527,90,slow,9.760020499,0.168997105,0.80037475,9.760020499,6.157191238,4.084183586,3.450516763,1.836171107,0.168997105,0.015984722,0.01558912,0.011936176,0.005964941,TRUE,9.760020499,TRUE,TRUE,FALSE,9.760020499
tess2025071122000-s0090-0000000306996324-0287-s_lc.fits,306996324,90,slow,10.75448801,0.112420762,0.26232481,10.75448801,4.505768085,5.821086528,1.702691512,3.325103236,0.112420762,0.035127648,0.010018167,0.006445276,0.005770986,TRUE,10.75448801,TRUE,TRUE,FALSE,10.75448801
tess2025071122000-s0090-0000000309792357-0287-s_lc.fits,309792357,90,slow,12.17412963,0.515080941,0.39599538,12.17412963,7.226016287,5.600183321,3.34341018,2.87928944,0.515080941,0.283045986,0.034341969,0.030850666,0.025360718,TRUE,12.17412963,TRUE,TRUE,FALSE,12.17412963
tess2025071122000-s0090-0000000349576261-0287-a_fast-lc.fits,349576261,90,fast,3.828892075,0.091903968,1.5055716,3.828892075,1.932010655,4.798945369,3.110351622,7.973297281,0.091903968,0.047738949,0.020529991,0.009683458,0.004379529,TRUE,3.866798949,TRUE,TRUE,FALSE,3.828892075
tess2025071122000-s0090-0000000349576261-0287-s_lc.fits,349576261,90,slow,3.828811003,0.297594684,0.86300373,3.828811003,1.96053185,4.798849852,3.110282838,2.18688578,0.297594684,0.166683618,0.050532495,0.032582957,0.011540836,TRUE,3.866798949,TRUE,TRUE,FALSE,3.828811003
tess2025071122000-s0090-0000000358107516-0287-s_lc.fits,358107516,90,slow,8.454436327,0.114564298,1.07069314,8.454436327,3.023786542,3.923980108,2.459546244,5.587359904,0.114564298,0.017038799,0.010784081,0.005597144,0.005547056,TRUE,8.454436327,TRUE,TRUE,FALSE,8.454436327
tess2025071122000-s0090-0000000391903064-0287-a_fast-lc.fits,391903064,90,fast,3.32522038,0.833184547,4.0970701,3.32522038,1.662205628,3.990652968,2.909390805,5.821260909,0.833184547,0.073081082,0.068454541,0.050275691,0.024051768,TRUE,3.354253434,TRUE,TRUE,FALSE,3.32522038
tess2025071122000-s0090-0000000391903064-0287-s_lc.fits,391903064,90,slow,3.359349552,0.903284697,4.07269597,3.359349552,4.07931498,2.855395764,1.651810893,5.879390423,0.903284697,0.074858294,0.0651382,0.055296982,0.028554299,TRUE,3.354253434,TRUE,TRUE,FALSE,3.359349552
tess2025071122000-s0090-0000000397362481-0287-s_lc.fits,397362481,90,slow,9.31857512,0.243470815,0.08252263,9.31857512,6.074408315,4.656066534,2.084010298,2.909287373,0.243470815,0.046144012,0.038271667,0.01514883,0.008892581,TRUE,9.31857512,TRUE,TRUE,FALSE,9.31857512
tess2025071122000-s0090-0000000465390152-0287-s_lc.fits,465390152,90,slow,9.985184759,0.204647239,126.8125802,9.985184759,6.653504064,5.173812591,4.505777565,3.774701715,0.204647239,0.109209486,0.036304427,0.031149109,0.014009966,TRUE,9.985184759,TRUE,TRUE,FALSE,9.985184759
tess2025071122000-s0090-0000000466884459-0287-s_lc.fits,466884459,90,slow,5.821108497,0.056229354,109.0854883,5.821108497,2.493531217,4.505786667,8.220956628,0.268445588,0.056229354,0.05297383,0.049915528,0.031971827,0.023312732,TRUE,5.921955847,TRUE,TRUE,FALSE,5.821108497
tess2025099153000-s0091-0000000000670036-0288-s_lc.fits,670036,91,slow,5.405904436,0.050404925,4.21749711,5.405904436,6.612130183,3.493814555,2.473226269,10.84808563,0.050404925,0.031956124,0.024888959,0.017385958,0.014860508,TRUE,5.405904436,TRUE,TRUE,FALSE,5.405904436
tess2025099153000-s0091-0000000000677945-0288-s_lc.fits,677945,91,slow,5.95656414,0.180680245,0.77592492,5.95656414,9.179279827,3.838718527,3.215181155,4.578694181,0.180680245,0.136743633,0.059336128,0.039077434,0.039023048,TRUE,5.95656414,TRUE,TRUE,FALSE,5.95656414
tess2025099153000-s0091-0000000049040478-0288-s_lc.fits,49040478,91,slow,6.059280499,0.119794451,1.79074526,6.059280499,3.195504322,4.333299952,9.300764078,2.69936354,0.119794451,0.107660886,0.080349197,0.035757935,0.02546495,TRUE,6.059280499,TRUE,TRUE,FALSE,6.059280499
tess2025099153000-s0091-0000000056754291-0288-s_lc.fits,56754291,91,slow,6.562788824,0.112625753,0.98466992,6.562788824,5.361959191,11.88710831,3.362424715,3.925440306,0.112625753,0.082244629,0.045946879,0.01319403,0.013113668,TRUE,6.562788824,TRUE,TRUE,FALSE,6.562788824
tess2025099153000-s0091-0000000061098812-0288-s_lc.fits,61098812,91,slow,5.403352273,0.056633249,0.2609551,5.403352273,3.598013741,3.043375862,4.242291597,2.421299191,0.056633249,0.042822514,0.037504761,0.025679793,0.025099429,TRUE,5.403352273,TRUE,TRUE,FALSE,5.403352273
tess2025099153000-s0091-0000000096199085-0288-s_lc.fits,96199085,91,slow,4.919101719,0.174571732,0.62001228,4.919101719,7.398603722,2.873049427,3.367390555,3.803704573,0.174571732,0.096693299,0.09474775,0.091353036,0.065767098,TRUE,4.919101719,TRUE,TRUE,FALSE,4.919101719
tess2025099153000-s0091-0000000098591691-0288-s_lc.fits,98591691,91,slow,4.100454492,0.108127427,2.19566822,4.100454492,3.180908925,5.488842452,2.722935862,8.298745044,0.108127427,0.101430982,0.089271988,0.06026727,0.033554951,TRUE,4.100454492,TRUE,TRUE,FALSE,4.100454492
tess2025099153000-s0091-0000000098594138-0288-s_lc.fits,98594138,91,slow,14.76159307,0.065838055,0.42538047,14.76159307,7.701481561,5.462234975,1.490273422,4.396886577,0.065838055,0.044371949,0.010905517,0.008165262,0.007818396,TRUE,14.76159307,TRUE,TRUE,FALSE,14.76159307
tess2025099153000-s0091-0000000098720809-0288-s_lc.fits,98720809,91,slow,6.531405591,0.295585854,0.41098595,6.531405591,4.507672042,9.847055511,3.160973846,2.540082492,0.295585854,0.147639218,0.142396506,0.088250634,0.037158642,TRUE,6.531405591,TRUE,TRUE,FALSE,6.531405591
tess2025099153000-s0091-0000000098751904-0288-s_lc.fits,98751904,91,slow,3.40952502,0.168992846,4.11078095,3.40952502,5.057774462,6.869048734,2.969635211,2.313089301,0.168992846,0.149945842,0.138068243,0.103022938,0.091390445,TRUE,3.40952502,TRUE,TRUE,FALSE,3.40952502
tess2025099153000-s0091-0000000176868951-0288-a_fast-lc.fits,176868951,91,fast,3.536293952,0.07794935,1.40034199,3.536293952,4.677060643,2.842893114,6.516414147,2.376839518,0.07794935,0.073009384,0.072894482,0.024440748,0.02369509,TRUE,3.647143094,TRUE,TRUE,FALSE,3.536293952
tess2025099153000-s0091-0000000176868951-0288-s_lc.fits,176868951,91,slow,3.647143094,0.431057177,0.88103652,3.647143094,4.495357824,13.18083019,7.340750613,2.989131738,0.431057177,0.261160133,0.114993123,0.111335024,0.091583583,TRUE,3.647143094,TRUE,TRUE,FALSE,3.647143094
tess2025099153000-s0091-0000000297146957-0288-s_lc.fits,297146957,91,slow,6.268068467,0.128046995,2.32121885,6.268068467,4.759748349,9.944671796,3.302708404,2.899289399,0.128046995,0.105689794,0.048121279,0.038614925,0.03600219,TRUE,6.268068467,TRUE,TRUE,FALSE,6.268068467
tess2025099153000-s0091-0000000297373047-0288-s_lc.fits,297373047,91,slow,13.38759319,0.052593697,0.59790552,13.38759319,6.721148239,3.463464412,4.486876795,2.526883805,0.052593697,0.026644804,0.010654285,0.010395721,0.006206438,TRUE,13.38759319,TRUE,TRUE,FALSE,13.38759319
tess2025099153000-s0091-0000000335630746-0288-s_lc.fits,335630746,91,slow,2.971439406,0.105820689,0.16326308,2.971439406,2.583294263,7.007550212,14.95771496,3.603028749,0.105820689,0.057656202,0.033810093,0.031755834,0.028499724,TRUE,2.971439406,TRUE,TRUE,FALSE,2.971439406
tess2025099153000-s0091-0000000349456525-0288-s_lc.fits,349456525,91,slow,6.950954862,0.056975247,0.93868196,6.950954862,5.126515053,13.22758673,3.461052963,2.940064672,0.056975247,0.032714109,0.023878273,0.013002278,0.006099801,TRUE,6.950954862,TRUE,TRUE,FALSE,6.950954862
tess2025099153000-s0091-0000000428820090-0288-a_fast-lc.fits,428820090,91,fast,6.363299608,0.30167943,1.07755661,6.363299608,4.840140772,8.625211673,3.905335467,3.273168818,0.30167943,0.235369801,0.165617653,0.151163013,0.130592505,TRUE,6.363051251,TRUE,TRUE,FALSE,6.363299608
tess2025099153000-s0091-0000000428820090-0288-s_lc.fits,428820090,91,slow,6.363051251,0.599116884,0.96096516,6.363051251,10.05457435,4.839930764,3.905155571,3.273012121,0.599116884,0.456817101,0.20624098,0.112294396,0.029803296,TRUE,6.363051251,TRUE,TRUE,FALSE,6.363051251
tess2025099153000-s0091-0000000432247315-0288-s_lc.fits,432247315,91,slow,5.7598597,0.532887606,2.67584682,5.7598597,9.28615828,4.035764233,2.524468716,3.106036213,0.532887606,0.510837,0.168009551,0.019312378,0.01072557,TRUE,5.7598597,TRUE,TRUE,FALSE,5.7598597
tess2025127075000-s0092-0000000011023038-0289-s_lc.fits,11023038,92,slow,8.172298932,0.118867355,0.90547681,8.172298932,5.356511512,13.49135676,3.634588941,1.228730009,0.118867355,0.059360108,0.03958767,0.031995887,0.006516504,TRUE,8.172298932,TRUE,TRUE,FALSE,8.172298932
tess2025127075000-s0092-0000000038200266-0289-s_lc.fits,38200266,92,slow,12.17915769,0.091973968,0.27714372,12.17915769,6.158538187,4.575312764,7.230888976,2.637814497,0.091973968,0.064818937,0.050067943,0.042375411,0.010572013,TRUE,12.17915769,TRUE,TRUE,FALSE,12.17915769
tess2025127075000-s0092-0000000039936432-0289-s_lc.fits,39936432,92,slow,8.816282571,0.107916756,0.23860455,8.816282571,4.794640082,6.21132055,3.053519958,2.411368196,0.107916756,0.029854249,0.022609725,0.01151075,0.006085875,TRUE,8.816282571,TRUE,TRUE,FALSE,8.816282571
tess2025127075000-s0092-0000000049984349-0289-s_lc.fits,49984349,92,slow,10.14450427,0.063048542,0.46589971,10.14450427,4.233588381,6.441348049,2.511775754,3.322550218,0.063048542,0.015060488,0.007858008,0.005087613,0.003849417,TRUE,10.14450427,TRUE,TRUE,FALSE,10.14450427
tess2025127075000-s0092-0000000125060509-0289-s_lc.fits,125060509,92,slow,6.493114197,0.322492118,0.92527449,6.493114197,3.355454873,12.1946962,2.590471841,1.68336376,0.322492118,0.103565603,0.041969965,0.031525837,0.01438985,TRUE,6.493114197,TRUE,TRUE,FALSE,6.493114197
tess2025127075000-s0092-0000000187960878-0289-s_lc.fits,187960878,92,slow,0.63832283,0.213916875,1.55278802,0.63832283,0.319376207,0.212965246,5.627014263,8.782941633,0.213916875,0.061007276,0.019819457,0.01800142,0.009081497,TRUE,0.63832283,TRUE,TRUE,FALSE,0.63832283
tess2025127075000-s0092-0000000248853232-0289-a_fast-lc.fits,248853232,92,fast,10.24744038,0.294760513,0.59868693,10.24744038,7.286516099,4.302731822,5.187905048,3.571481736,0.294760513,0.170548439,0.072462618,0.039115183,0.02754412,TRUE,9.747844375,TRUE,TRUE,FALSE,10.24744038
tess2025127075000-s0092-0000000267215820-0289-s_lc.fits,267215820,92,slow,9.418583002,0.062776355,1.57209218,9.418583002,15.14017093,6.159677298,4.263143321,4.939008232,0.062776355,0.015020677,0.01086687,0.006560297,0.00624314,TRUE,9.418583002,TRUE,TRUE,FALSE,9.418583002
tess2025127075000-s0092-0000000301258470-0289-s_lc.fits,301258470,92,slow,10.15738419,0.092293758,0.92638493,10.15738419,6.13304026,4.101686111,3.08116007,4.915775007,0.092293758,0.021744164,0.014157057,0.010557092,0.008199048,TRUE,10.15738419,TRUE,TRUE,FALSE,10.15738419
tess2025127075000-s0092-0000000439842788-0289-s_lc.fits,439842788,92,slow,7.656359605,0.249737407,0.8138907,7.656359605,13.48015695,5.587322583,3.736250419,4.560342245,0.249737407,0.154767981,0.065595539,0.024898534,0.023420657,TRUE,7.656359605,TRUE,TRUE,TRUE,13.48015695
tess2025154050500-s0093-0000000261257684-0290-s_lc.fits,261257684,93,slow,8.004732134,0.083077331,0.4683435,8.004732134,13.33771379,5.4584568,4.447852957,3.639297408,0.083077331,0.047308475,0.032227532,0.02540633,0.018010511,TRUE,8.04093399,TRUE,TRUE,FALSE,8.004732134
tess2025154050500-s0093-0000000299798795-0290-a_fast-lc.fits,299798795,93,fast,1.235260897,0.393158235,1.99830532,1.235260897,1.497785262,1.041899612,3.424036198,0.614432625,0.393158235,0.038828571,0.034688602,0.008658624,0.007693821,TRUE,1.235249701,TRUE,TRUE,FALSE,1.235260897
tess2025154050500-s0093-0000000299798795-0290-s_lc.fits,299798795,93,slow,1.235249701,0.751709196,1.59920931,1.235249701,1.497771876,1.041890071,0.614426872,1.711768739,0.751709196,0.04353759,0.040467335,0.017534428,0.011247336,TRUE,1.235249701,TRUE,TRUE,FALSE,1.235249701
tess2025154050500-s0093-0000000349576261-0290-a_fast-lc.fits,349576261,93,fast,3.860310276,0.2347597,1.77180529,3.860310276,1.929517661,2.17518407,7.48398723,3.148817216,0.2347597,0.092384152,0.034489923,0.029306037,0.025439607,TRUE,3.866798949,TRUE,TRUE,FALSE,3.860310276
tess2025154050500-s0093-0000000349576261-0290-s_lc.fits,349576261,93,slow,3.860249978,0.448432872,1.38504922,3.860249978,1.898847177,7.043133631,2.175146546,5.44092222,0.448432872,0.233432558,0.060971218,0.044837913,0.044815939,TRUE,3.866798949,TRUE,TRUE,FALSE,3.860249978
tess2025154050500-s0093-0000000391903064-0290-a_fast-lc.fits,391903064,93,fast,3.333292051,0.962265949,9.03280377,3.333292051,2.805394019,4.246525632,2.287792767,6.458268346,0.962265949,0.09579963,0.079858851,0.038782,0.029629361,TRUE,3.354253434,TRUE,TRUE,FALSE,3.333292051
tess2025154050500-s0093-0000000391903064-0290-s_lc.fits,391903064,93,slow,3.332514095,0.964352127,9.02447283,3.332514095,4.284721155,2.789989476,6.665355822,2.263558792,0.964352127,0.141737271,0.120577762,0.055653045,0.041871651,TRUE,3.354253434,TRUE,TRUE,FALSE,3.332514095
tess2025154050500-s0093-0000000391949880-0290-s_lc.fits,391949880,93,slow,9.330816259,0.186635119,0.15056133,9.330816259,5.534698708,4.064752109,2.598326081,2.906755409,0.186635119,0.173912417,0.085893879,0.020834019,0.016391026,TRUE,10.00877825,TRUE,TRUE,FALSE,9.330816259
tess2025154050500-s0093-0000000464646604-0290-a_fast-lc.fits,464646604,93,fast,2.207015367,0.805086028,1.80992246,2.207015367,2.573310337,1.96257491,3.334196049,1.135863794,0.805086028,0.095895319,0.081921596,0.056824411,0.054564684,TRUE,2.228824253,TRUE,TRUE,FALSE,2.207015367
tess2025154050500-s0093-0000000464646604-0290-s_lc.fits,464646604,93,slow,2.243738463,0.873567285,1.95029378,2.243738463,2.569648055,1.959684072,1.134114121,1.691937668,0.873567285,0.091034309,0.080782645,0.053475972,0.05333806,TRUE,2.228824253,TRUE,TRUE,FALSE,2.243738463
tess2025180145000-s0094-0000000079748331-0291-s_lc.fits,79748331,94,slow,10.92111693,0.619391892,0.51713109,10.92111693,6.326275605,4.007767297,2.35798152,3.083243331,0.619391892,0.062603338,0.029311546,0.010817512,0.007290071,TRUE,10.92111693,TRUE,TRUE,FALSE,10.92111693
tess2025180145000-s0094-0000000201604954-0291-s_lc.fits,201604954,94,slow,0.632136073,0.611901994,2.00819254,0.632136073,0.316072582,0.210716065,0.529103159,0.78500012,0.611901994,0.100812223,0.029140939,0.011890906,0.011267286,TRUE,0.632136073,TRUE,TRUE,FALSE,0.632136073
tess2025180145000-s0094-0000000271478281-0291-s_lc.fits,271478281,94,slow,12.04395962,0.090735359,0.08510351,12.04395962,6.355468585,4.316662626,2.12259268,1.186661724,0.090735359,0.053061465,0.009689462,0.005998375,0.004967801,TRUE,12.04395962,TRUE,TRUE,FALSE,12.04395962
tess2025180145000-s0094-0000000300812741-0291-s_lc.fits,300812741,94,slow,10.86604464,0.358421798,0.43638945,10.86604464,6.62815537,5.183996988,3.504260362,4.256566151,0.358421798,0.128932033,0.055168242,0.035694816,0.029324827,TRUE,10.81909508,TRUE,TRUE,FALSE,10.86604464
tess2025180145000-s0094-0000000349576261-0291-a_fast-lc.fits,349576261,94,fast,3.825267623,0.126929216,1.56298041,3.825267623,3.118985127,4.746559598,8.499478469,2.41755098,0.126929216,0.033494836,0.029410303,0.016351903,0.014386804,TRUE,3.866798949,TRUE,TRUE,FALSE,3.825267623
tess2025180145000-s0094-0000000349576261-0291-s_lc.fits,349576261,94,slow,3.825267623,0.394824857,0.92381358,3.825267623,3.118985127,4.746559598,2.41755098,1.850160965,0.394824857,0.074599695,0.064241149,0.059546796,0.05232794,TRUE,3.866798949,TRUE,TRUE,FALSE,3.825267623
tess2025180145000-s0094-0000000354944123-0291-s_lc.fits,354944123,94,slow,7.474712152,0.167546309,0.55071712,7.474712152,5.19660019,13.30931892,2.843947772,4.120242575,0.167546309,0.07956595,0.035509657,0.010209748,0.008206413,TRUE,7.237486383,TRUE,TRUE,FALSE,7.474712152
tess2025180145000-s0094-0000000383390264-0291-a_fast-lc.fits,383390264,94,fast,2.361132053,0.564195624,0.70010543,2.361132053,2.041107012,1.745395898,1.216614544,3.540876331,0.564195624,0.139385141,0.055801888,0.0511294,0.031307035,TRUE,2.358190742,TRUE,TRUE,FALSE,2.361132053
tess2025180145000-s0094-0000000383390264-0291-s_lc.fits,383390264,94,slow,2.358190742,0.79360633,0.66523671,2.358190742,2.03851829,3.536760064,1.215000774,1.743145821,0.79360633,0.071584063,0.043824353,0.039704708,0.038967093,TRUE,2.358190742,TRUE,TRUE,FALSE,2.358190742
tess2025180145000-s0094-0000000391903064-0291-a_fast-lc.fits,391903064,94,fast,3.349465207,0.947951759,6.79872811,3.349465207,4.156985595,2.804645349,6.692452706,2.275814998,0.947951759,0.104459973,0.077917796,0.072279099,0.041809605,TRUE,3.354253434,TRUE,TRUE,FALSE,3.349465207
tess2025180145000-s0094-0000000391903064-0291-s_lc.fits,391903064,94,slow,3.404499092,0.972666788,6.80238724,3.404499092,4.257169899,2.836395866,6.628953863,2.247145488,0.972666788,0.092033932,0.08622822,0.069991836,0.047147243,TRUE,3.354253434,TRUE,TRUE,FALSE,3.404499092
tess2025180145000-s0094-0000000410214986-0291-a_fast-lc.fits,410214986,94,fast,2.9414185,0.801618196,4.41433191,2.9414185,3.546380751,2.512774769,1.436320651,5.021883628,0.801618196,0.144510371,0.071543977,0.067115692,0.040605281,TRUE,2.933234909,TRUE,TRUE,FALSE,2.9414185
tess2025180145000-s0094-0000000410214986-0291-s_lc.fits,410214986,94,slow,2.933234909,0.836618047,4.59094405,2.933234909,3.53686301,2.505608579,1.431973016,2.073721687,0.836618047,0.135738524,0.077261997,0.061068898,0.038706544,TRUE,2.933234909,TRUE,TRUE,FALSE,2.933234909
tess2025180145000-s0094-0000000446549906-0291-s_lc.fits,446549906,94,slow,8.584102879,0.209078322,2.54798234,8.584102879,5.724851543,4.008285448,2.110141523,1.670623588,0.209078322,0.024516746,0.019990664,0.01131519,0.010525478,TRUE,8.584102879,TRUE,TRUE,FALSE,8.584102879
tess2025180145000-s0094-0000000464646604-0291-a_fast-lc.fits,464646604,94,fast,2.233696527,0.921630762,3.39544952,2.233696527,2.566128057,1.977517162,3.349463869,1.699130364,0.921630762,0.099110176,0.084928253,0.050370493,0.050283421,TRUE,2.228824253,TRUE,TRUE,FALSE,2.233696527
tess2025180145000-s0094-0000000464646604-0291-s_lc.fits,464646604,94,slow,2.228824253,0.930256878,3.35301995,2.228824253,2.560635174,1.973141622,1.695312852,3.342615716,0.930256878,0.092209736,0.07832942,0.052058539,0.051609786,TRUE,2.228824253,TRUE,TRUE,FALSE,2.228824253
tess2025206162959-s0095-0000000038846515-0292-s_lc.fits,38846515,95,slow,13.29197728,0.050637628,0.31351089,13.29197728,4.254512093,5.961051421,7.456500349,3.402258573,0.050637628,0.018131389,0.014147591,0.01366208,0.010398134,TRUE,13.29197728,TRUE,TRUE,FALSE,13.29197728
tess2025206162959-s0095-0000000062483237-0292-a_fast-lc.fits,62483237,95,fast,7.031606298,0.275138824,0.55507779,7.031606298,4.977667733,3.316799119,1.894508303,13.30679962,0.275138824,0.168848861,0.043547035,0.007372185,0.005317926,TRUE,7.047778179,TRUE,TRUE,FALSE,7.031606298
tess2025206162959-s0095-0000000062483237-0292-s_lc.fits,62483237,95,slow,7.047778179,0.663151071,0.48833489,7.047778179,4.990933773,13.32257734,3.326618962,2.66108076,0.663151071,0.2334765,0.155483713,0.032317394,0.02551302,TRUE,7.047778179,TRUE,TRUE,FALSE,7.047778179
tess2025206162959-s0095-0000000121490076-0292-s_lc.fits,121490076,95,slow,9.990809611,0.963686588,2.24079788,9.990809611,6.307849222,3.994121393,3.423352939,4.993110374,0.963686588,0.083935667,0.063314447,0.021627354,0.018917985,TRUE,9.990809611,TRUE,TRUE,FALSE,9.990809611
tess2025206162959-s0095-0000000144065872-0292-s_lc.fits,144065872,95,slow,9.990756686,0.097091711,0.21755695,9.990756686,6.307803512,3.630866716,1.210017923,0.640563978,0.097091711,0.041752611,0.008314996,0.004510656,0.002630663,TRUE,9.312074307,TRUE,TRUE,FALSE,9.990756686
tess2025206162959-s0095-0000000231663901-0292-s_lc.fits,231663901,95,slow,9.927337133,0.074678546,1.13527536,9.927337133,5.655153234,4.394410367,2.575905619,1.300893244,0.074678546,0.0393201,0.018147466,0.004122051,0.003628158,TRUE,9.927337133,TRUE,TRUE,FALSE,9.927337133
tess2025206162959-s0095-0000000281459670-0292-s_lc.fits,281459670,95,slow,7.027351502,0.151357717,2.35707879,7.027351502,5.427226472,13.30264269,2.7110673,1.863312463,0.151357717,0.080866417,0.042136318,0.03792877,0.028872516,TRUE,7.027351502,TRUE,TRUE,FALSE,7.027351502
tess2025206162959-s0095-0000000299798795-0292-a_fast-lc.fits,299798795,95,fast,1.22874546,0.40076985,1.98819935,1.22874546,0.617241328,1.03454785,1.512697818,1.710317552,0.40076985,0.035768886,0.032240955,0.026926126,0.00590578,TRUE,1.235249701,TRUE,TRUE,FALSE,1.22874546
tess2025206162959-s0095-0000000299798795-0292-s_lc.fits,299798795,95,slow,1.228666162,0.737984972,1.55978143,1.228666162,0.617200196,1.512601671,1.043643935,5.639676922,0.737984972,0.056415038,0.045521093,0.043559344,0.013379632,TRUE,1.235249701,TRUE,TRUE,FALSE,1.228666162
tess2025206162959-s0095-0000000349576261-0292-a_fast-lc.fits,349576261,95,fast,3.803147238,0.260440255,1.7194283,3.803147238,4.918430582,3.020409255,2.354189643,9.122153774,0.260440255,0.05179082,0.026651633,0.023424545,0.014143872,TRUE,3.866798949,TRUE,TRUE,FALSE,3.803147238
tess2025206162959-s0095-0000000349576261-0292-s_lc.fits,349576261,95,slow,3.802904332,0.585750165,1.17989182,3.802904332,4.918138072,3.020207019,2.354025831,1.928620899,0.585750165,0.100900211,0.071228759,0.050437836,0.035960988,TRUE,3.866798949,TRUE,TRUE,FALSE,3.802904332
tess2025206162959-s0095-0000000391903064-0292-a_fast-lc.fits,391903064,95,fast,3.427454441,0.902960788,4.30509329,3.427454441,2.856179948,4.284390248,6.664919033,2.263361497,0.902960788,0.144293613,0.080882593,0.049693349,0.035846382,TRUE,3.354253434,TRUE,TRUE,FALSE,3.427454441
tess2025206162959-s0095-0000000391903064-0292-s_lc.fits,391903064,95,slow,3.403332015,0.937687772,4.29954529,3.403332015,2.835390264,4.255785481,6.627122835,2.246321455,0.937687772,0.147554914,0.099410449,0.051347355,0.035388149,TRUE,3.354253434,TRUE,TRUE,FALSE,3.403332015
tess2025206162959-s0095-0000000391949880-0292-s_lc.fits,391949880,95,slow,9.979624518,0.205601914,0.1894629,9.979624518,4.600932674,2.989623304,3.624255083,6.298192848,0.205601914,0.200052036,0.117029614,0.102731494,0.090533557,TRUE,10.00877825,TRUE,TRUE,FALSE,9.979624518
tess2025206162959-s0095-0000000410214986-0292-a_fast-lc.fits,410214986,95,fast,2.92587917,0.406026503,2.77313828,2.92587917,1.41126577,3.748841361,2.448162369,4.798612742,0.406026503,0.112769764,0.102125947,0.098340639,0.09111847,TRUE,2.933234909,TRUE,TRUE,FALSE,2.92587917
tess2025206162959-s0095-0000000410214986-0292-s_lc.fits,410214986,95,slow,2.989653369,0.406360286,3.15140367,2.989653369,3.737635417,1.423190743,2.44026057,4.785192825,0.406360286,0.138627371,0.114691282,0.087607822,0.071365057,TRUE,2.933234909,TRUE,TRUE,FALSE,2.989653369
tess2025206162959-s0095-0000000441420236-0292-a_fast-lc.fits,441420236,95,fast,4.798564522,0.922729364,8.92718554,4.798564522,6.664917726,3.748801088,2.448133964,2.856179227,0.922729364,0.118914023,0.100830922,0.062319011,0.050086642,TRUE,4.818913113,TRUE,TRUE,FALSE,4.798564522
tess2025206162959-s0095-0000000441420236-0292-s_lc.fits,441420236,95,slow,4.818913113,0.93374895,8.89944494,4.818913113,6.689697814,3.765800872,2.460128452,2.869846028,0.93374895,0.1349115,0.099912584,0.067918122,0.05411548,TRUE,4.818913113,TRUE,TRUE,FALSE,4.818913113
tess2025232030459-s0096-0000000121490076-0293-a_fast-lc.fits,121490076,96,fast,9.267405913,0.720474699,1.91591859,9.267405913,6.030994902,4.023632603,3.096157343,2.683743065,0.720474699,0.167528928,0.061437991,0.031770464,0.026032597,TRUE,9.990809611,TRUE,TRUE,FALSE,9.267405913
tess2025232030459-s0096-0000000121490076-0293-s_lc.fits,121490076,96,slow,9.267072613,0.879394701,2.05330729,9.267072613,6.030712595,4.023417196,3.095981966,2.683587341,0.879394701,0.101543705,0.061714611,0.016854077,0.014425435,TRUE,9.990809611,TRUE,TRUE,FALSE,9.267072613
tess2025232030459-s0096-0000000184240683-0293-s_lc.fits,184240683,96,slow,8.000826424,0.289436145,0.85645437,8.000826424,5.455228465,3.636875902,2.92725946,1.379531458,0.289436145,0.120486987,0.022671195,0.016450744,0.008079157,TRUE,8.000826424,TRUE,TRUE,FALSE,8.000826424
tess2025232030459-s0096-0000000201248411-0293-a_fast-lc.fits,201248411,96,fast,5.697682368,0.085396622,0.66039562,5.697682368,4.124585512,3.232195261,9.21053601,1.868093278,0.085396622,0.060033449,0.042193545,0.012541283,0.011259995,TRUE,6.068934604,TRUE,TRUE,FALSE,5.697682368
tess2025232030459-s0096-0000000207141131-0293-a_fast-lc.fits,207141131,96,fast,8.611374402,0.788684861,1.38756394,8.611374402,5.747612736,4.026146684,3.020844155,2.369916278,0.788684861,0.096370154,0.026672566,0.021507997,0.008520854,TRUE,8.602595099,TRUE,TRUE,FALSE,8.611374402
tess2025232030459-s0096-0000000207141131-0293-s_lc.fits,207141131,96,slow,8.602595099,0.881137583,1.38077974,8.602595099,5.479812823,4.02039179,3.016254887,2.366178091,0.881137583,0.071728357,0.031049859,0.025905883,0.010418786,TRUE,8.602595099,TRUE,TRUE,FALSE,8.602595099
tess2025232030459-s0096-0000000224225541-0293-a_fast-lc.fits,224225541,96,fast,3.774835638,0.693532436,2.04085529,3.774835638,5.030551375,3.098150917,2.417224777,1.918819869,0.693532436,0.211257681,0.170590194,0.064564966,0.060077835,TRUE,3.802507375,TRUE,TRUE,FALSE,3.774835638
tess2025232030459-s0096-0000000224225541-0293-s_lc.fits,224225541,96,slow,3.779199808,0.830645032,2.04353631,3.779199808,4.834943125,3.101882321,1.921292349,2.42025351,0.830645032,0.219226016,0.099606288,0.076069462,0.049309265,TRUE,3.802507375,TRUE,TRUE,FALSE,3.779199808
tess2025232030459-s0096-0000000262530407-0293-s_lc.fits,262530407,96,slow,9.25351321,0.759660968,0.68283379,9.25351321,4.631647488,3.885270001,2.563398705,5.732977782,0.759660968,0.021776099,0.020324921,0.019837346,0.013607015,TRUE,9.25351321,TRUE,TRUE,FALSE,9.25351321
tess2025232030459-s0096-0000000309792357-0293-s_lc.fits,309792357,96,slow,13.29354331,0.268354226,0.32204866,13.29354331,7.957129125,4.583723244,5.962521458,3.219025201,0.268354226,0.09666781,0.035642476,0.010330674,0.009901638,TRUE,12.17412963,TRUE,TRUE,FALSE,13.29354331
tess2025232030459-s0096-0000000349576261-0293-a_fast-lc.fits,349576261,96,fast,3.967050359,0.230059667,1.87705576,3.967050359,4.96136725,1.948968668,3.215274624,9.179451857,0.230059667,0.048327957,0.044160289,0.037780202,0.024193337,TRUE,3.866798949,TRUE,TRUE,FALSE,3.967050359
tess2025232030459-s0096-0000000349576261-0293-s_lc.fits,349576261,96,slow,3.966399515,0.516989898,1.28049135,3.966399515,1.948608675,5.17687333,3.214722388,9.94733334,0.516989898,0.115927857,0.097935776,0.063622,0.062032153,TRUE,3.866798949,TRUE,TRUE,FALSE,3.966399515
tess2025232030459-s0096-0000000391903064-0293-a_fast-lc.fits,391903064,96,fast,3.451693823,0.390619234,2.08871961,3.451693823,1.702743873,4.164635099,6.70279394,2.810247751,0.390619234,0.343657691,0.120518116,0.085613258,0.075477415,TRUE,3.354253434,TRUE,TRUE,FALSE,3.451693823
tess2025232030459-s0096-0000000391903064-0293-s_lc.fits,391903064,96,slow,3.346773934,0.478023688,2.21291602,3.346773934,1.697630672,4.153807351,2.802318159,6.336683653,0.478023688,0.386350799,0.093761127,0.072910639,0.029773886,TRUE,3.354253434,TRUE,TRUE,FALSE,3.346773934
tess2025232030459-s0096-0000000394137592-0293-s_lc.fits,394137592,96,slow,10.94045411,0.245184767,0.10917068,10.94045411,3.655224937,4.637884708,5.740144163,2.872671981,0.245184767,0.092637282,0.06479973,0.041940577,0.025017193,TRUE,10.94045411,TRUE,TRUE,FALSE,10.94045411
tess2025232030459-s0096-0000000425997655-0293-s_lc.fits,425997655,96,slow,10.94058276,0.051499544,0.13953567,10.94058276,4.307144894,5.479782644,2.234801823,3.769394353,0.051499544,0.007588173,0.0052317,0.003813135,0.002742334,TRUE,10.94058276,TRUE,TRUE,FALSE,10.94058276
tess2025258001959-s0097-0000000055650590-0294-s_lc.fits,55650590,97,slow,13.00303588,0.113432939,1.20845139,13.00303588,6.845109321,3.378496577,10.00333646,8.390346616,0.113432939,0.031627579,0.018741329,0.015414577,0.014766163,TRUE,13.00303588,TRUE,TRUE,FALSE,13.00303588
tess2025258001959-s0097-0000000120896927-0294-s_lc.fits,120896927,97,slow,11.31995176,0.094777648,0.14220536,11.31995176,7.443404929,6.35522354,8.9812272,4.27295508,0.094777648,0.027374803,0.017260246,0.011404976,0.008815269,TRUE,11.31995176,TRUE,TRUE,FALSE,11.31995176
tess2025258001959-s0097-0000000150151262-0294-a_fast-lc.fits,150151262,97,fast,12.44654775,0.160969336,0.70893407,12.44654775,4.380807171,17.36536476,7.286625113,6.105439852,0.160969336,0.088375185,0.062317711,0.058772738,0.027909971,TRUE,12.29972889,TRUE,TRUE,FALSE,12.44654775
tess2025258001959-s0097-0000000150151262-0294-s_lc.fits,150151262,97,slow,11.84816584,0.420638364,0.59314907,11.84816584,17.34764196,4.354434051,7.908437945,6.072720904,0.420638364,0.230383071,0.13463492,0.066315115,0.066310714,TRUE,12.29972889,TRUE,TRUE,FALSE,11.84816584
tess2025258001959-s0097-0000000198008005-0294-s_lc.fits,198008005,97,slow,6.218398233,0.131098446,0.65710664,6.218398233,10.43256509,12.41170074,3.188177782,4.429236813,0.131098446,0.040430216,0.034085937,0.033161596,0.029078373,TRUE,6.311114281,TRUE,TRUE,FALSE,6.218398233
tess2025258001959-s0097-0000000207141131-0294-a_fast-lc.fits,207141131,97,fast,8.761906695,0.437910965,1.02528334,8.761906695,4.327616163,4.885974583,11.39941883,15.36345916,0.437910965,0.250451428,0.091136985,0.071525715,0.03248816,TRUE,8.602595099,TRUE,TRUE,FALSE,8.761906695
tess2025258001959-s0097-0000000207141131-0294-s_lc.fits,207141131,97,slow,8.662932992,0.498731123,1.08857453,8.662932992,4.33075313,4.90284604,3.936989355,11.30061087,0.498731123,0.279457939,0.111037322,0.093385708,0.090356004,TRUE,8.602595099,TRUE,TRUE,FALSE,8.662932992
tess2025258001959-s0097-0000000219344917-0294-s_lc.fits,219344917,97,slow,12.41177002,0.111761773,0.2689451,12.41177002,17.34840958,7.056861339,8.418958117,5.55812109,0.111761773,0.033632896,0.025515228,0.013946707,0.00727035,TRUE,12.41177002,TRUE,TRUE,FALSE,12.41177002
tess2025258001959-s0097-0000000260708537-0294-s_lc.fits,260708537,97,slow,20,0.290927899,0.37167847,10.86420071,8.996285698,5.93501187,5.33039898,14.46935981,0.177324683,0.095807931,0.056309594,0.045645931,0.038861069,TRUE,10.86420071,TRUE,TRUE,FALSE,10.86420071
tess2025258001959-s0097-0000000279741379-0294-s_lc.fits,279741379,97,slow,20,0.402510801,0.19886017,8.662927383,7.218709199,11.30060526,6.043300016,4.997145176,0.107886643,0.058851872,0.053824522,0.029149889,0.021096085,TRUE,8.400414863,TRUE,TRUE,FALSE,8.662927383
tess2025258001959-s0097-0000000300812741-0294-s_lc.fits,300812741,97,slow,20,0.611443695,1.66460276,10.81909508,14.43293283,8.373136843,5.188974519,4.053225825,0.490488357,0.10531991,0.090240292,0.056471032,0.016721492,TRUE,10.81909508,TRUE,TRUE,FALSE,10.81909508
tess2025258001959-s0097-0000000309792357-0294-s_lc.fits,309792357,97,slow,20,0.509637863,1.0068965,11.32088808,7.444295602,8.982170255,13.6987473,5.212963013,0.236216522,0.122563348,0.108958744,0.082395564,0.037974731,TRUE,12.17412963,TRUE,TRUE,FALSE,11.32088808
tess2025258001959-s0097-0000000333605244-0294-s_lc.fits,333605244,97,slow,7.89335605,0.054414471,0.67582726,7.89335605,11.31933502,6.513388689,5.109633139,4.072382482,0.054414471,0.050697024,0.015125281,0.00507384,0.005052423,TRUE,7.89335605,TRUE,TRUE,FALSE,7.89335605
tess2025258001959-s0097-0000000349576261-0294-s_lc.fits,349576261,97,slow,3.954190242,0.502815516,1.19852066,3.954190242,3.575337167,4.422848021,1.919855637,5.435133854,0.502815516,0.090912371,0.08366722,0.078817899,0.065072833,TRUE,3.866798949,TRUE,TRUE,FALSE,3.954190242
tess2025258001959-s0097-0000000391903064-0294-a_fast-lc.fits,391903064,97,fast,3.354130405,0.761952931,4.67395902,3.354130405,2.754532669,4.358737845,6.532810081,2.275889116,0.761952931,0.087272481,0.069558038,0.050560043,0.040715698,TRUE,3.354253434,TRUE,TRUE,FALSE,3.354130405
tess2025258001959-s0097-0000000391903064-0294-s_lc.fits,391903064,97,slow,3.368861315,0.817492125,4.56380129,3.368861315,4.397275927,2.730309193,6.487860244,2.275114166,0.817492125,0.098956315,0.096446495,0.062270021,0.032711027,TRUE,3.354253434,TRUE,TRUE,FALSE,3.368861315
tess2025258001959-s0097-0000000404518509-0294-s_lc.fits,404518509,97,slow,10.03370411,0.238977515,0.1865983,10.03370411,7.910998484,6.0749857,4.666931984,13.03063976,0.238977515,0.092277965,0.081352887,0.04258497,0.038521157,TRUE,10.03370411,TRUE,TRUE,FALSE,10.03370411
tess2025258001959-s0097-0000000439456714-0294-s_lc.fits,439456714,97,slow,11.27316159,0.06554502,1.3965404,11.27316159,7.398979616,4.460737658,5.62649132,2.035617769,0.06554502,0.061035814,0.033730921,0.023777641,0.01505627,TRUE,11.27316159,TRUE,TRUE,FALSE,11.27316159
